[2026-07-27T00:06:03.514] [DEBUG] debug-file - Configuration task cost before running: 206 ms 
[2026-07-27T00:06:03.520] [DEBUG] debug-file - Executing task :entry:default@PreBuild
[2026-07-27T00:06:03.522] [DEBUG] debug-file - Task 'entry:default@PreBuild' cost while wrapping incremental declarations: 1 ms 
[2026-07-27T00:06:03.528] [DEBUG] debug-file - entry:default@PreBuild is not up-to-date, since the task snapshots are different.
[2026-07-27T00:06:03.528] [DEBUG] debug-file - Incremental task entry:default@PreBuild pre-execution cost: 5 ms .
[2026-07-27T00:06:03.798] [DEBUG] debug-file - current product is not Atomic service.
[2026-07-27T00:06:03.799] [DEBUG] debug-file - Use tool [win32: JAVA_HOME, CLASSPATH]
 [
  { JAVA_HOME: 'C:\\Program Files\\Huawei\\DevEco Studio\\jbr' },
  { CLASSPATH: undefined }
]
[2026-07-27T00:06:03.799] [DEBUG] debug-file - Use tool [win32: NODE_HOME]
 [ { NODE_HOME: undefined } ]
[2026-07-27T00:06:03.801] [DEBUG] debug-file - entry : default@PreBuild cost memory 17.487037658691406
[2026-07-27T00:06:03.802] [DEBUG] debug-file - runTaskFromQueue task cost before running: 494 ms 
[2026-07-27T00:06:03.805] [INFO] debug-file - Finished :entry:default@PreBuild... after 282 ms 
[2026-07-27T00:06:03.807] [DEBUG] debug-file - Executing task :entry:default@CreateModuleInfo
[2026-07-27T00:06:03.808] [DEBUG] debug-file - Task 'entry:default@CreateModuleInfo' cost while wrapping incremental declarations: 1 ms 
[2026-07-27T00:06:03.808] [DEBUG] debug-file - entry : default@CreateModuleInfo cost memory 0.0467987060546875
[2026-07-27T00:06:03.808] [DEBUG] debug-file - runTaskFromQueue task cost before running: 501 ms 
[2026-07-27T00:06:03.809] [INFO] debug-file - Finished :entry:default@CreateModuleInfo... after 2 ms 
[2026-07-27T00:06:03.811] [DEBUG] debug-file - Executing task :entry:default@GenerateMetadata
[2026-07-27T00:06:03.812] [DEBUG] debug-file - Task 'entry:default@GenerateMetadata' cost while wrapping incremental declarations: 1 ms 
[2026-07-27T00:06:03.813] [DEBUG] debug-file - entry:default@GenerateMetadata is not up-to-date, since the output file 'D:\SLE-ID\slekey\entry\build\default\intermediates\hap_metadata\default\output_metadata.json' does not exist.
[2026-07-27T00:06:03.813] [DEBUG] debug-file - Incremental task entry:default@GenerateMetadata pre-execution cost: 1 ms .
[2026-07-27T00:06:03.818] [DEBUG] debug-file - entry : default@GenerateMetadata cost memory 0.14682769775390625
[2026-07-27T00:06:03.818] [DEBUG] debug-file - runTaskFromQueue task cost before running: 510 ms 
[2026-07-27T00:06:03.818] [INFO] debug-file - Finished :entry:default@GenerateMetadata... after 7 ms 
[2026-07-27T00:06:03.820] [DEBUG] debug-file - Executing task :entry:default@ConfigureCmake
[2026-07-27T00:06:03.821] [DEBUG] debug-file - entry : default@ConfigureCmake cost memory 0.014739990234375
[2026-07-27T00:06:03.821] [DEBUG] debug-file - runTaskFromQueue task cost before running: 513 ms 
[2026-07-27T00:06:03.822] [INFO] debug-file - Finished :entry:default@ConfigureCmake... after 1 ms 
[2026-07-27T00:06:03.824] [DEBUG] debug-file - Executing task :entry:default@MergeProfile
[2026-07-27T00:06:03.824] [DEBUG] debug-file - Task 'entry:default@MergeProfile' cost while wrapping incremental declarations: 1 ms 
[2026-07-27T00:06:03.826] [DEBUG] debug-file - entry:default@MergeProfile is not up-to-date, since the output file 'D:\SLE-ID\slekey\entry\build\default\intermediates\merge_profile\default\module.json' does not exist.
[2026-07-27T00:06:03.826] [DEBUG] debug-file - Incremental task entry:default@MergeProfile pre-execution cost: 1 ms .
[2026-07-27T00:06:03.827] [DEBUG] debug-file - Change app api release type with 'Release'
[2026-07-27T00:06:03.827] [DEBUG] debug-file - Change app compile API version with '6.1.0.105'
[2026-07-27T00:06:03.827] [DEBUG] debug-file - Change app target API version with '60100023'
[2026-07-27T00:06:03.827] [DEBUG] debug-file - Change app minimum API version with '50000012'
[2026-07-27T00:06:03.827] [DEBUG] debug-file - Use cli appEnvironment
[2026-07-27T00:06:03.830] [DEBUG] debug-file - entry : default@MergeProfile cost memory 0.17690277099609375
[2026-07-27T00:06:03.830] [DEBUG] debug-file - runTaskFromQueue task cost before running: 522 ms 
[2026-07-27T00:06:03.831] [INFO] debug-file - Finished :entry:default@MergeProfile... after 7 ms 
[2026-07-27T00:06:03.833] [DEBUG] debug-file - Executing task :entry:default@CreateBuildProfile
[2026-07-27T00:06:03.833] [DEBUG] debug-file - Task 'entry:default@CreateBuildProfile' cost while wrapping incremental declarations: 1 ms 
[2026-07-27T00:06:03.836] [DEBUG] debug-file - entry:default@CreateBuildProfile is not up-to-date, since the output file 'D:\SLE-ID\slekey\entry\build\default\generated\profile\default\BuildProfile.ets' does not exist.
[2026-07-27T00:06:03.836] [DEBUG] debug-file - Incremental task entry:default@CreateBuildProfile pre-execution cost: 1 ms .
[2026-07-27T00:06:03.839] [DEBUG] debug-file - entry : default@CreateBuildProfile cost memory -11.034385681152344
[2026-07-27T00:06:03.839] [DEBUG] debug-file - runTaskFromQueue task cost before running: 531 ms 
[2026-07-27T00:06:03.839] [INFO] debug-file - Finished :entry:default@CreateBuildProfile... after 7 ms 
[2026-07-27T00:06:03.840] [DEBUG] debug-file - Executing task :entry:default@PreCheckSyscap
[2026-07-27T00:06:03.840] [DEBUG] debug-file - entry : default@PreCheckSyscap cost memory 0.01705169677734375
[2026-07-27T00:06:03.841] [DEBUG] debug-file - runTaskFromQueue task cost before running: 533 ms 
[2026-07-27T00:06:03.841] [INFO] debug-file - Finished :entry:default@PreCheckSyscap... after 1 ms 
[2026-07-27T00:06:03.844] [DEBUG] debug-file - Executing task :entry:default@GeneratePkgContextInfo
[2026-07-27T00:06:03.854] [DEBUG] debug-file - Task 'entry:default@GeneratePkgContextInfo' cost while wrapping incremental declarations: 1 ms 
[2026-07-27T00:06:03.855] [DEBUG] debug-file - entry:default@GeneratePkgContextInfo is not up-to-date, since the output file 'D:\SLE-ID\slekey\entry\build\default\intermediates\loader\default\pkgContextInfo.json' does not exist.
[2026-07-27T00:06:03.855] [DEBUG] debug-file - Incremental task entry:default@GeneratePkgContextInfo pre-execution cost: 1 ms .
[2026-07-27T00:06:03.856] [DEBUG] debug-file - entry : default@GeneratePkgContextInfo cost memory 0.4969482421875
[2026-07-27T00:06:03.856] [DEBUG] debug-file - runTaskFromQueue task cost before running: 548 ms 
[2026-07-27T00:06:03.856] [INFO] debug-file - Finished :entry:default@GeneratePkgContextInfo... after 13 ms 
[2026-07-27T00:06:03.858] [DEBUG] debug-file - Executing task :entry:default@GeneratePkgSdkInfo
[2026-07-27T00:06:03.860] [DEBUG] debug-file - Dependency key: @ohos/hypium already exists, current dependency listed in devDependencies will be ignored.
[2026-07-27T00:06:03.860] [DEBUG] debug-file - Task 'entry:default@GeneratePkgSdkInfo' cost while wrapping incremental declarations: 1 ms 
[2026-07-27T00:06:03.861] [DEBUG] debug-file - entry : default@GeneratePkgSdkInfo cost memory 0.119415283203125
[2026-07-27T00:06:03.861] [DEBUG] debug-file - runTaskFromQueue task cost before running: 553 ms 
[2026-07-27T00:06:03.861] [INFO] debug-file - Finished :entry:default@GeneratePkgSdkInfo... after 3 ms 
[2026-07-27T00:06:03.864] [DEBUG] debug-file - Executing task :entry:default@ProcessIntegratedHsp
[2026-07-27T00:06:03.865] [DEBUG] debug-file - entry:default@ProcessIntegratedHsp is not up-to-date, since the output file 'D:\SLE-ID\slekey\build\cache\default\integrated_hsp\integratedHspCache.json' does not exist.
[2026-07-27T00:06:03.865] [DEBUG] debug-file - Incremental task entry:default@ProcessIntegratedHsp pre-execution cost: 1 ms .
[2026-07-27T00:06:03.865] [DEBUG] debug-file - entry : default@ProcessIntegratedHsp cost memory 0.05260467529296875
[2026-07-27T00:06:03.865] [DEBUG] debug-file - runTaskFromQueue task cost before running: 557 ms 
[2026-07-27T00:06:03.865] [INFO] debug-file - Finished :entry:default@ProcessIntegratedHsp... after 1 ms 
[2026-07-27T00:06:03.867] [DEBUG] debug-file - Executing task :entry:default@BuildNativeWithCmake
[2026-07-27T00:06:03.867] [DEBUG] debug-file - entry : default@BuildNativeWithCmake cost memory 0.01584625244140625
[2026-07-27T00:06:03.867] [DEBUG] debug-file - runTaskFromQueue task cost before running: 559 ms 
[2026-07-27T00:06:03.867] [INFO] debug-file - Finished :entry:default@BuildNativeWithCmake... after 1 ms 
[2026-07-27T00:06:03.868] [DEBUG] debug-file - Executing task :entry:default@MakePackInfo
[2026-07-27T00:06:03.869] [DEBUG] debug-file - entry:default@MakePackInfo is not up-to-date, since the output file 'D:\SLE-ID\slekey\entry\build\default\outputs\default\pack.info' does not exist.
[2026-07-27T00:06:03.869] [DEBUG] debug-file - Incremental task entry:default@MakePackInfo pre-execution cost: 1 ms .
[2026-07-27T00:06:03.871] [DEBUG] debug-file - Module Pack Info:  {
  summary: {
    app: { bundleName: 'c***p', bundleType: 'app', version: [Object] },
    modules: [ [Object] ]
  },
  packages: [
    {
      deviceType: [Array],
      moduleType: 'entry',
      deliveryWithInstall: true,
      name: 'entry-default'
    }
  ]
}
[2026-07-27T00:06:03.873] [DEBUG] debug-file - entry : default@MakePackInfo cost memory 0.165283203125
[2026-07-27T00:06:03.873] [DEBUG] debug-file - runTaskFromQueue task cost before running: 565 ms 
[2026-07-27T00:06:03.873] [INFO] debug-file - Finished :entry:default@MakePackInfo... after 5 ms 
[2026-07-27T00:06:03.875] [DEBUG] debug-file - Executing task :entry:default@SyscapTransform
[2026-07-27T00:06:03.875] [DEBUG] debug-file - File: 'D:\SLE-ID\slekey\entry\src\main\syscap.json' from 'sysCapJsonPath' is not exists, just ignore.
[2026-07-27T00:06:03.877] [DEBUG] debug-file - Task 'entry:default@SyscapTransform' cost while wrapping incremental declarations: 2 ms 
[2026-07-27T00:06:03.893] [DEBUG] debug-file - entry:default@SyscapTransform is not up-to-date, since the output file 'D:\SLE-ID\slekey\entry\build\default\intermediates\syscap\default\rpcid.sc' does not exist.
[2026-07-27T00:06:03.893] [DEBUG] debug-file - Incremental task entry:default@SyscapTransform pre-execution cost: 16 ms .
[2026-07-27T00:06:03.893] [DEBUG] debug-file - entry : default@SyscapTransform cost memory 0.133148193359375
[2026-07-27T00:06:03.893] [DEBUG] debug-file - runTaskFromQueue task cost before running: 585 ms 
[2026-07-27T00:06:03.893] [INFO] debug-file - Finished :entry:default@SyscapTransform... after 19 ms 
[2026-07-27T00:06:03.896] [DEBUG] debug-file - Executing task :entry:default@ProcessProfile
[2026-07-27T00:06:03.897] [DEBUG] debug-file - Task 'entry:default@ProcessProfile' cost while wrapping incremental declarations: 1 ms 
[2026-07-27T00:06:03.897] [DEBUG] debug-file - entry:default@ProcessProfile is not up-to-date, since the input file 'D:\SLE-ID\slekey\entry\build\default\intermediates\merge_profile\default\module.json' has been changed.
[2026-07-27T00:06:03.898] [DEBUG] debug-file - Incremental task entry:default@ProcessProfile pre-execution cost: 1 ms .
[2026-07-27T00:06:03.899] [DEBUG] debug-file - [
  'C:\\Program Files\\nodejs\\node.exe',
  'C:\\Program Files\\Huawei\\DevEco Studio\\sdk\\default\\openharmony\\ets\\build-tools\\ets-loader\\bin\\ark\\ts2abc.js',
  '--target-api-version',
  '12',
  '--target-api-sub-version',
  'beta1'
]
[2026-07-27T00:06:04.092] [DEBUG] debug-file - 12.0.2.0
[2026-07-27T00:06:04.096] [DEBUG] debug-file - No need to add fake ui ability because of not in preview process.
[2026-07-27T00:06:04.098] [DEBUG] debug-file - entry : default@ProcessProfile cost memory 1.780914306640625
[2026-07-27T00:06:04.099] [DEBUG] debug-file - runTaskFromQueue task cost before running: 791 ms 
[2026-07-27T00:06:04.099] [INFO] debug-file - Finished :entry:default@ProcessProfile... after 203 ms 
[2026-07-27T00:06:04.101] [DEBUG] debug-file - Executing task :entry:default@ProcessRouterMap
[2026-07-27T00:06:04.104] [DEBUG] debug-file - entry:default@ProcessRouterMap is not up-to-date, since the input file 'D:\SLE-ID\slekey\entry\build\default\intermediates\loader\default\pkgContextInfo.json' has been changed.
[2026-07-27T00:06:04.104] [DEBUG] debug-file - Incremental task entry:default@ProcessRouterMap pre-execution cost: 2 ms .
[2026-07-27T00:06:04.109] [DEBUG] debug-file - entry : default@ProcessRouterMap cost memory 0.14974212646484375
[2026-07-27T00:06:04.110] [DEBUG] debug-file - runTaskFromQueue task cost before running: 802 ms 
[2026-07-27T00:06:04.111] [INFO] debug-file - Finished :entry:default@ProcessRouterMap... after 9 ms 
[2026-07-27T00:06:04.113] [DEBUG] debug-file - Executing task :entry:default@ProcessShareConfig
[2026-07-27T00:06:04.116] [DEBUG] debug-file - entry:default@ProcessShareConfig is not up-to-date, since the input file 'D:\SLE-ID\slekey\entry\build\default\intermediates\loader\default\pkgContextInfo.json' has been changed.
[2026-07-27T00:06:04.116] [DEBUG] debug-file - Incremental task entry:default@ProcessShareConfig pre-execution cost: 2 ms .
[2026-07-27T00:06:04.120] [DEBUG] debug-file - entry : default@ProcessShareConfig cost memory 0.12123870849609375
[2026-07-27T00:06:04.120] [DEBUG] debug-file - runTaskFromQueue task cost before running: 812 ms 
[2026-07-27T00:06:04.121] [INFO] debug-file - Finished :entry:default@ProcessShareConfig... after 7 ms 
[2026-07-27T00:06:04.123] [DEBUG] debug-file - Executing task :entry:default@ProcessStartupConfig
[2026-07-27T00:06:04.123] [DEBUG] debug-file - Task 'entry:default@ProcessStartupConfig' cost while wrapping incremental declarations: 1 ms 
[2026-07-27T00:06:04.125] [DEBUG] debug-file - entry:default@ProcessStartupConfig is not up-to-date, since the input file 'D:\SLE-ID\slekey\entry\build\default\intermediates\loader\default\pkgContextInfo.json' has been changed.
[2026-07-27T00:06:04.125] [DEBUG] debug-file - Incremental task entry:default@ProcessStartupConfig pre-execution cost: 2 ms .
[2026-07-27T00:06:04.127] [DEBUG] debug-file - entry : default@ProcessStartupConfig cost memory 0.1242218017578125
[2026-07-27T00:06:04.127] [DEBUG] debug-file - runTaskFromQueue task cost before running: 819 ms 
[2026-07-27T00:06:04.128] [INFO] debug-file - Finished :entry:default@ProcessStartupConfig... after 5 ms 
[2026-07-27T00:06:04.129] [DEBUG] debug-file - Executing task :entry:default@BuildNativeWithNinja
[2026-07-27T00:06:04.133] [DEBUG] debug-file - entry : default@BuildNativeWithNinja cost memory 0.022064208984375
[2026-07-27T00:06:04.134] [DEBUG] debug-file - runTaskFromQueue task cost before running: 826 ms 
[2026-07-27T00:06:04.134] [INFO] debug-file - Finished :entry:default@BuildNativeWithNinja... after 5 ms 
[2026-07-27T00:06:04.137] [DEBUG] debug-file - restool module names: entry; moduleName=entry, taskName=default@ProcessResource
[2026-07-27T00:06:04.140] [DEBUG] debug-file - Executing task :entry:default@ProcessResource
[2026-07-27T00:06:04.140] [DEBUG] debug-file - Task 'entry:default@ProcessResource' cost while wrapping incremental declarations: 1 ms 
[2026-07-27T00:06:04.141] [DEBUG] debug-file - entry:default@ProcessResource is not up-to-date, since the output file 'D:\SLE-ID\slekey\entry\build\default\intermediates\res\default\resConfig.json' does not exist.
[2026-07-27T00:06:04.141] [DEBUG] debug-file - Incremental task entry:default@ProcessResource pre-execution cost: 1 ms .
[2026-07-27T00:06:04.144] [DEBUG] debug-file - entry : default@ProcessResource cost memory 0.13745880126953125
[2026-07-27T00:06:04.145] [DEBUG] debug-file - runTaskFromQueue task cost before running: 837 ms 
[2026-07-27T00:06:04.146] [INFO] debug-file - Finished :entry:default@ProcessResource... after 6 ms 
[2026-07-27T00:06:04.149] [DEBUG] debug-file - Executing task :entry:default@GenerateLoaderJson
[2026-07-27T00:06:04.151] [DEBUG] debug-file - Task 'entry:default@GenerateLoaderJson' cost while wrapping incremental declarations: 1 ms 
[2026-07-27T00:06:04.161] [DEBUG] debug-file - entry:default@GenerateLoaderJson is not up-to-date, since the input file 'D:\SLE-ID\slekey\entry\build\default\intermediates\loader\default\pkgContextInfo.json' has been changed.
[2026-07-27T00:06:04.161] [DEBUG] debug-file - Incremental task entry:default@GenerateLoaderJson pre-execution cost: 4 ms .
[2026-07-27T00:06:04.169] [DEBUG] debug-file - entry : default@GenerateLoaderJson cost memory 0.471343994140625
[2026-07-27T00:06:04.170] [DEBUG] debug-file - runTaskFromQueue task cost before running: 862 ms 
[2026-07-27T00:06:04.174] [INFO] debug-file - Finished :entry:default@GenerateLoaderJson... after 21 ms 
[2026-07-27T00:06:04.176] [DEBUG] debug-file - Executing task :entry:default@ProcessLibs
[2026-07-27T00:06:04.179] [DEBUG] debug-file - entry:default@ProcessLibs is not up-to-date, since the output file 'D:\SLE-ID\slekey\entry\build\default\intermediates\libs\default' does not exist.
[2026-07-27T00:06:04.179] [DEBUG] debug-file - Incremental task entry:default@ProcessLibs pre-execution cost: 1 ms .
[2026-07-27T00:06:04.184] [DEBUG] debug-file - Worker dispatch failed, running processLibs on main thread.
[2026-07-27T00:06:04.188] [DEBUG] debug-file - entry : default@ProcessLibs cost memory 0.4224395751953125
[2026-07-27T00:06:04.188] [DEBUG] debug-file - runTaskFromQueue task cost before running: 881 ms 
[2026-07-27T00:06:04.189] [INFO] debug-file - Finished :entry:default@ProcessLibs... after 13 ms 
[2026-07-27T00:06:04.191] [DEBUG] debug-file - restool module names: entry; moduleName=entry, taskName=default@CompileResource
[2026-07-27T00:06:04.193] [DEBUG] debug-file - Executing task :entry:default@CompileResource
[2026-07-27T00:06:04.199] [DEBUG] debug-file - entry:default@CompileResource is not up-to-date, since the input file 'D:\SLE-ID\slekey\entry\build\default\intermediates\process_profile\default\module.json' has been changed.
[2026-07-27T00:06:04.200] [DEBUG] debug-file - Incremental task entry:default@CompileResource pre-execution cost: 5 ms .
[2026-07-27T00:06:04.244] [DEBUG] debug-file - Use tool [C:\Program Files\Huawei\DevEco Studio\sdk\default\openharmony\toolchains\restool.exe]
 [
  'C:\\Program Files\\Huawei\\DevEco Studio\\sdk\\default\\openharmony\\toolchains\\restool.exe',
  '-l',
  'D:\\SLE-ID\\slekey\\entry\\build\\default\\intermediates\\res\\default\\resConfig.json'
]
[2026-07-27T00:06:04.246] [DEBUG] debug-file - current process  memoryUsage: {
  rss: 251535360,
  heapTotal: 171368448,
  heapUsed: 137478416,
  external: 4612138,
  arrayBuffers: 671913
} os memoryUsage :14.595638275146484
[2026-07-27T00:06:04.313] [DEBUG] debug-file - Info: Pack: normal pack mode

[2026-07-27T00:06:04.368] [DEBUG] debug-file - Info: hardware concurrency count is : 24
Info: thread count is : 24

[2026-07-27T00:06:04.368] [DEBUG] debug-file - Info: thread pool is started

[2026-07-27T00:06:04.369] [DEBUG] debug-file - Info: GenericCompiler::CompileFiles

[2026-07-27T00:06:04.373] [DEBUG] debug-file - Info: GenericCompiler::CompileFiles
Warning: 'D:\SLE-ID\slekey\entry\src\main\resources\base\media\layered_image.svg' is defined repeatedly.

[2026-07-27T00:06:04.374] [DEBUG] debug-file - Info: GenericCompiler::CompileFiles

[2026-07-27T00:06:04.380] [DEBUG] debug-file - 07-27 00:06:04.381  8664 19380 E C01400/ImageTranscoderUtils: DecodeToRGBA IN
07-27 00:06:04.381  8664 19380 E C01400/ImageTranscoderUtils: ImageFilter IN D:\SLE-ID\slekey\AppScope\resources\base\media\layered_image.svg

[2026-07-27T00:06:04.381] [DEBUG] debug-file - 07-27 00:06:04.381  8664 19380 E C01400/ImageTranscoder: TranscodeSLR DecodeToRGBA failed
Warning: ScaleImage failed, error message: IMAGE_ERROR, file path = D:\SLE-ID\slekey\AppScope\resources\base\media\layered_image.svg

[2026-07-27T00:06:04.381] [DEBUG] debug-file - Warning: D:\SLE-ID\slekey\AppScope\resources\base\media\layered_image.svg is not png format
Warning: D:\SLE-ID\slekey\entry\src\main\resources\base\media\startIcon.svg is not png format

[2026-07-27T00:06:04.382] [DEBUG] debug-file - Info: restool resources compile success.

[2026-07-27T00:06:04.382] [DEBUG] debug-file - Info: thread pool is stopped

[2026-07-27T00:06:04.460] [DEBUG] debug-file - entry : default@CompileResource cost memory -2.5214920043945312
[2026-07-27T00:06:04.460] [DEBUG] debug-file - runTaskFromQueue task cost before running: 1 s 152 ms 
[2026-07-27T00:06:04.461] [INFO] debug-file - Finished :entry:default@CompileResource... after 267 ms 
[2026-07-27T00:06:04.463] [DEBUG] debug-file - Executing task :entry:default@DoNativeStrip
[2026-07-27T00:06:04.463] [DEBUG] debug-file - File: 'D:\SLE-ID\slekey\entry\build\default\intermediates\binxo\default' from 'doBinxoNativeLibs' is not exists, just ignore.
[2026-07-27T00:06:04.464] [DEBUG] debug-file - Task 'entry:default@DoNativeStrip' cost while wrapping incremental declarations: 2 ms 
[2026-07-27T00:06:04.465] [DEBUG] debug-file - entry:default@DoNativeStrip is not up-to-date, since the output file 'D:\SLE-ID\slekey\entry\build\default\intermediates\stripped_native_libs\default' does not exist.
[2026-07-27T00:06:04.466] [DEBUG] debug-file - Incremental task entry:default@DoNativeStrip pre-execution cost: 1 ms .
[2026-07-27T00:06:04.469] [DEBUG] debug-file - entry : default@DoNativeStrip cost memory 0.0872650146484375
[2026-07-27T00:06:04.469] [DEBUG] debug-file - runTaskFromQueue task cost before running: 1 s 161 ms 
[2026-07-27T00:06:04.469] [INFO] debug-file - Finished :entry:default@DoNativeStrip... after 7 ms 
[2026-07-27T00:06:04.471] [DEBUG] debug-file - Executing task :entry:default@CompileArkTS
[2026-07-27T00:06:04.472] [DEBUG] debug-file - obfuscationOptions: undefined
[2026-07-27T00:06:04.476] [DEBUG] debug-file - Task 'entry:default@CompileArkTS' cost while wrapping incremental declarations: 1 ms 
[2026-07-27T00:06:04.500] [DEBUG] debug-file - build config:
[2026-07-27T00:06:04.501] [DEBUG] debug-file - {
  moduleType: 'entry',
  perf: 0,
  targetName: '.default',
  packageManagerType: 'ohpm',
  localPropertiesPath: 'D:\\SLE-ID\\slekey\\local.properties',
  isPreview: false,
  isOhosTest: false,
  isLocalTest: false,
  buildMode: 'Debug',
  hotReloadBuild: undefined,
  watchMode: 'false',
  aceProfilePath: 'D:\\SLE-ID\\slekey\\entry\\build\\default\\intermediates\\res\\default\\resources\\base\\profile',
  etsLoaderPath: 'C:\\Program Files\\Huawei\\DevEco Studio\\sdk\\default\\openharmony\\ets\\build-tools\\ets-loader',
  modulePath: 'D:\\SLE-ID\\slekey\\entry',
  testFrameworkPar: {
    testMode: undefined,
    coveragePathFilter: undefined,
    coverageMode: undefined
  },
  needCoverageInsert: false,
  debugLine: false,
  projectTopDir: 'D:\\SLE-ID\\slekey',
  compileSdkVersion: 23,
  compatibleSdkVersion: 12,
  originCompatibleSdkVersion: '5.0.0(12)',
  compatibleSdkVersionStage: 'beta1',
  bundleName: 'c***p',
  etsLoaderVersion: '6.1.0.105',
  etsLoaderReleaseType: 'Release',
  aotCompileMode: 'type',
  apPath: 'D:\\SLE-ID\\slekey\\entry\\modules.ap',
  entryModuleName: 'entry',
  entryModuleVersion: '1.0.0',
  entryPackageName: 'entry',
  allModuleNameHash: 'f50575914c85e3183d91a020539fc5ec331fa18837794d3ea3a2aada5c34fdd7',
  externalApiPaths: [
    'C:\\Program Files\\Huawei\\DevEco Studio\\sdk\\default\\hms\\ets'
  ],
  compilerTypes: [],
  isCrossplatform: false,
  hvigorPluginFile: undefined,
  compilePluginPath: undefined,
  buildGeneratedProfilePath: 'D:\\SLE-ID\\slekey\\entry\\build\\default\\generated\\profile\\default',
  bundleType: 'app',
  arkTSVersion: '1.0',
  apiVersion: 23,
  needCompleteSourcesMap: false,
  isFaMode: false,
  buildDir: 'D:\\SLE-ID\\slekey\\entry\\build',
  deviceTypes: [ 'phone', 'tablet' ],
  pkgContextInfo: {
    '@ohos/hypium': {
      packageName: '@ohos/hypium',
      bundleName: '*****',
      moduleName: '',
      version: '1.0.19',
      entryPath: 'index.js',
      isSO: false,
      dependencyAlias: ''
    },
    entry: {
      packageName: 'entry',
      bundleName: '*****',
      moduleName: '',
      version: '',
      entryPath: 'src/main/',
      isSO: false,
      dependencyAlias: ''
    }
  },
  ohPackagePathMap: {},
  dependencyAliasMap: {},
  permission: { requestPermissions: [], definePermissions: undefined },
  useGetCurrentBundleName: false,
  projectArkOption: undefined,
  sourceMapDir: undefined,
  branchElimination: false,
  transformLib: undefined,
  tsImportSendable: false,
  resolveConflictMode: true,
  depName2RootPath: {},
  depName2DepInfo: {},
  depName2OhExports: {},
  rootPathSet: [ 'D:\\SLE-ID\\slekey' ],
  useNativeResolver: true,
  shouldEmitJs: true,
  useTscResolve: false,
  singleFileEmit: false,
  userProjectConfig: {
    autoLazyImport: false,
    allowEmptyBundleName: false,
    reExportCheckMode: 'noCheck',
    executionMode: 'memory',
    usePathPlaceholder: false,
    writeRollupCache: true,
    isExpandImportEnabled: false,
    expandImportExclude: '',
    lazyImportExclude: '',
    lazyImportInclude: '',
    ignoreCrossplatformCheck: false,
    isHarDeduplicateEnabled: false,
    skipOhModulesLint: false,
    enableStrictCheckOHModule: false,
    disableSendableCheckRules: [],
    useDeclarationFileSignature: false,
    customizedOptions: undefined,
    integratedHsp: false,
    isPreloadSoEnabled: false
  },
  executionMode: 'memory',
  arkCompileCachePath: 'D:\\SLE-ID\\slekey\\entry\\build\\default\\cache\\default\\default@CompileArkTS\\esmodule',
  autoLazyFilter: undefined,
  isHarDeduplicateEnabled: false,
  intermediateHarDuplicateDirPath: 'D:\\SLE-ID\\slekey\\entry\\build\\default\\intermediates\\har_duplicate\\default',
  autoLazyImport: false,
  allowEmptyBundleName: false,
  reExportCheckMode: 'noCheck',
  usePathPlaceholder: false,
  writeRollupCache: true,
  isExpandImportEnabled: false,
  expandImportExclude: '',
  lazyImportExclude: '',
  lazyImportInclude: '',
  ignoreCrossplatformCheck: false,
  skipOhModulesLint: false,
  enableStrictCheckOHModule: false,
  disableSendableCheckRules: [],
  useDeclarationFileSignature: false,
  customizedOptions: undefined,
  integratedHsp: false,
  isPreloadSoEnabled: false,
  strictMode: {
    caseSensitiveCheck: true,
    useNormalizedOHMUrl: true,
    noExternalImportByPath: true
  },
  useNormalizedOHMUrl: true,
  caseSensitiveCheck: true,
  aceModuleJsonPath: 'D:\\SLE-ID\\slekey\\entry\\build\\default\\intermediates\\res\\default\\ark_module.json',
  appResource: 'D:\\SLE-ID\\slekey\\entry\\build\\default\\intermediates\\res\\default\\ResourceTable.txt',
  rawFileResource: 'D:\\SLE-ID\\slekey\\entry\\build\\default\\intermediates\\res\\default\\resources\\rawfile',
  resourceTableHash: '8d499eae98a35ebfd449f640cb0204dc46fbfe126b8cecf18b5dae055c1b4570',
  runtimeOS: 'HarmonyOS',
  sdkInfo: 'false:23:6.1.0.105:Release',
  aceModuleRoot: 'D:\\SLE-ID\\slekey\\entry\\src\\main\\ets',
  compileMode: 'esmodule',
  aceSuperVisualPath: 'D:\\SLE-ID\\slekey\\entry\\src\\main\\supervisual',
  aceBuildJson: 'D:\\SLE-ID\\slekey\\entry\\build\\default\\intermediates\\loader\\default\\loader.json',
  cachePath: 'D:\\SLE-ID\\slekey\\entry\\build\\default\\cache\\default\\default@CompileArkTS\\esmodule\\debug',
  aceModuleBuild: 'D:\\SLE-ID\\slekey\\entry\\build\\default\\intermediates\\loader_out\\default\\ets',
  supportChunks: true,
  declaredFilesPath: undefined,
  shouldCollectDirectImportees: false,
  isByteCodeHarOptimize: false,
  expandImportPath: undefined,
  resourceTableTs: 'D:\\SLE-ID\\slekey\\entry\\build\\default\\generated\\r\\default\\ResourceTable.ts',
  moduleMetaInfoFiles: [
    {
      filePath: 'D:\\SLE-ID\\slekey\\entry\\build\\default\\generated\\r\\default\\ResourceTable.ts',
      ohmurl: '&entry/build/generated/r/ResourceTable&'
    }
  ],
  pkgNameToPkgBriefInfo: {
    '@ohos/hypium': {
      pkgRoot: 'D:\\SLE-ID\\slekey\\entry\\oh_modules\\@ohos\\hypium',
      pkgName: '@ohos/hypium',
      sourceRoots: undefined
    },
    entry: {
      pkgRoot: 'D:\\SLE-ID\\slekey\\entry',
      originalSourceRoots: undefined,
      sourceRoots: [Array],
      pkgName: 'entry'
    }
  },
  projectModel: {
    'D:\\SLE-ID\\slekey\\entry\\src\\main': {
      moduleName: 'entry',
      modulePkgPath: 'D:\\SLE-ID\\slekey\\entry',
      belongProjectPath: 'D:\\SLE-ID\\slekey'
    },
    'D:\\SLE-ID\\slekey\\entry': {
      moduleName: 'entry',
      modulePkgPath: 'D:\\SLE-ID\\slekey\\entry',
      belongProjectPath: 'D:\\SLE-ID\\slekey'
    },
    'D:\\SLE-ID\\slekey': {
      moduleName: 'slekey',
      modulePkgPath: 'D:\\SLE-ID\\slekey',
      belongProjectPath: 'D:\\SLE-ID\\slekey'
    }
  },
  pkgJsonFileHash: 'ec6406b50c1f0667f15176d21572c003d2c01d5ebca6edba903080a6bf4e4385',
  allModulePaths: [ 'D:\\SLE-ID\\slekey\\entry' ],
  routerMap: {},
  obfuscationOptions: undefined,
  byteCodeHarToDependencyKeys: undefined,
  compileBlockPkg: [],
  mockParams: {
    decorator: '@MockSetup',
    packageName: '@ohos/hamock',
    etsSourceRootPath: 'src/main/ets',
    mockConfigPath: undefined,
    mockConfigKey2ModuleInfo: {},
    source2ModuleIdMap: {}
  },
  copyCodeResourceEnable: true,
  copyCodeResourceExcludes: [],
  copyCodeResourceIncludes: undefined,
  uiTransformOptimization: false,
  sdkPath: 'C:/Program Files/Huawei/DevEco Studio/sdk',
  needPreloadSoFileSet: {},
  preloadSoFilePath: 'D:\\SLE-ID\\slekey\\entry\\build\\default\\intermediates\\preload\\default\\preload.json',
  useSourceHash: false,
  localModuleParamMap: {},
  otherPaths: {
    'entry/*': [
      '..\\*',
      '..\\..\\..\\build\\default\\generated\\profile\\default\\*'
    ]
  },
  collectImportersConfig: undefined
}
[2026-07-27T00:06:04.501] [DEBUG] debug-file - Compile arkts with external api path: C:\Program Files\Huawei\DevEco Studio\sdk\default\hms\ets
[2026-07-27T00:06:04.504] [DEBUG] debug-file - default@CompileArkTS work[0] is submitted.
[2026-07-27T00:06:04.505] [DEBUG] debug-file - default@CompileArkTS work[0] is pushed to ready queue.
[2026-07-27T00:06:04.505] [DEBUG] debug-file - A work dispatched to worker[23] failed because unable to get work from ready queue.
[2026-07-27T00:06:04.505] [DEBUG] debug-file - A work dispatched to worker[22] failed because unable to get work from ready queue.
[2026-07-27T00:06:04.505] [DEBUG] debug-file - A work dispatched to worker[21] failed because unable to get work from ready queue.
[2026-07-27T00:06:04.505] [DEBUG] debug-file - A work dispatched to worker[20] failed because unable to get work from ready queue.
[2026-07-27T00:06:04.505] [DEBUG] debug-file - A work dispatched to worker[19] failed because unable to get work from ready queue.
[2026-07-27T00:06:04.505] [DEBUG] debug-file - A work dispatched to worker[18] failed because unable to get work from ready queue.
[2026-07-27T00:06:04.505] [DEBUG] debug-file - A work dispatched to worker[17] failed because unable to get work from ready queue.
[2026-07-27T00:06:04.505] [DEBUG] debug-file - A work dispatched to worker[16] failed because unable to get work from ready queue.
[2026-07-27T00:06:04.505] [DEBUG] debug-file - A work dispatched to worker[15] failed because unable to get work from ready queue.
[2026-07-27T00:06:04.505] [DEBUG] debug-file - A work dispatched to worker[14] failed because unable to get work from ready queue.
[2026-07-27T00:06:04.505] [DEBUG] debug-file - A work dispatched to worker[13] failed because unable to get work from ready queue.
[2026-07-27T00:06:04.505] [DEBUG] debug-file - A work dispatched to worker[12] failed because unable to get work from ready queue.
[2026-07-27T00:06:04.505] [DEBUG] debug-file - A work dispatched to worker[11] failed because unable to get work from ready queue.
[2026-07-27T00:06:04.505] [DEBUG] debug-file - A work dispatched to worker[10] failed because unable to get work from ready queue.
[2026-07-27T00:06:04.505] [DEBUG] debug-file - A work dispatched to worker[9] failed because unable to get work from ready queue.
[2026-07-27T00:06:04.505] [DEBUG] debug-file - A work dispatched to worker[8] failed because unable to get work from ready queue.
[2026-07-27T00:06:04.506] [DEBUG] debug-file - A work dispatched to worker[7] failed because unable to get work from ready queue.
[2026-07-27T00:06:04.506] [DEBUG] debug-file - A work dispatched to worker[6] failed because unable to get work from ready queue.
[2026-07-27T00:06:04.506] [DEBUG] debug-file - A work dispatched to worker[5] failed because unable to get work from ready queue.
[2026-07-27T00:06:04.506] [DEBUG] debug-file - Create  resident worker with id: 4.
[2026-07-27T00:06:04.508] [DEBUG] debug-file - default@CompileArkTS work[0] has been dispatched to worker[4].
[2026-07-27T00:06:04.508] [DEBUG] debug-file - default@CompileArkTS work[0] is dispatched.
[2026-07-27T00:06:04.508] [DEBUG] debug-file - CopyResources startTime: 133264865292000
[2026-07-27T00:06:04.508] [DEBUG] debug-file - default@CompileArkTS work[1] is submitted.
[2026-07-27T00:06:04.509] [DEBUG] debug-file - default@CompileArkTS work[1] is pushed to ready queue.
[2026-07-27T00:06:04.509] [DEBUG] debug-file - A work dispatched to worker[23] failed because unable to get work from ready queue.
[2026-07-27T00:06:04.509] [DEBUG] debug-file - Create  resident worker with id: 22.
[2026-07-27T00:06:04.510] [DEBUG] debug-file - default@CompileArkTS work[1] has been dispatched to worker[22].
[2026-07-27T00:06:04.511] [DEBUG] debug-file - default@CompileArkTS work[1] is dispatched.
[2026-07-27T00:06:04.511] [DEBUG] debug-file - entry : default@CompileArkTS cost memory 1.426361083984375
[2026-07-27T00:06:04.514] [DEBUG] debug-file - Executing task :entry:default@BuildJS
[2026-07-27T00:06:04.514] [DEBUG] debug-file - Task 'entry:default@BuildJS' cost while wrapping incremental declarations: 1 ms 
[2026-07-27T00:06:04.517] [DEBUG] debug-file - entry : default@BuildJS cost memory 0.1234588623046875
[2026-07-27T00:06:04.517] [DEBUG] debug-file - runTaskFromQueue task cost before running: 1 s 209 ms 
[2026-07-27T00:06:04.517] [INFO] debug-file - Finished :entry:default@BuildJS... after 4 ms 
[2026-07-27T00:06:04.519] [DEBUG] debug-file - Executing task :entry:default@CacheNativeLibs
[2026-07-27T00:06:04.519] [DEBUG] debug-file - File: 'D:\SLE-ID\slekey\entry\build\default\intermediates\binxo\default' from 'cacheBinxoNativeLibs' is not exists, just ignore.
[2026-07-27T00:06:04.520] [DEBUG] debug-file - Task 'entry:default@CacheNativeLibs' cost while wrapping incremental declarations: 1 ms 
[2026-07-27T00:06:04.521] [DEBUG] debug-file - entry:default@CacheNativeLibs is not up-to-date, since the output file 'D:\SLE-ID\slekey\entry\build\default\intermediates\patch\default\base_native_libs.json' does not exist.
[2026-07-27T00:06:04.521] [DEBUG] debug-file - Incremental task entry:default@CacheNativeLibs pre-execution cost: 1 ms .
[2026-07-27T00:06:04.521] [DEBUG] debug-file - default@CacheNativeLibs work[2] is submitted.
[2026-07-27T00:06:04.521] [DEBUG] debug-file - default@CacheNativeLibs work[2] is pushed to ready queue.
[2026-07-27T00:06:04.521] [DEBUG] debug-file - A work dispatched to worker[23] failed because unable to get work from ready queue.
[2026-07-27T00:06:04.522] [DEBUG] debug-file - A work dispatched to worker[22] failed because of worker busy.
[2026-07-27T00:06:04.522] [DEBUG] debug-file - Create  resident worker with id: 21.
[2026-07-27T00:06:04.523] [DEBUG] debug-file - default@CacheNativeLibs work[2] has been dispatched to worker[21].
[2026-07-27T00:06:04.523] [DEBUG] debug-file - default@CacheNativeLibs work[2] is dispatched.
[2026-07-27T00:06:04.523] [DEBUG] debug-file - entry : default@CacheNativeLibs cost memory 0.21215057373046875
[2026-07-27T00:06:05.471] [DEBUG] debug-file - worker[22] has one work done.
[2026-07-27T00:06:05.471] [DEBUG] debug-file - CopyResources is end, endTime: 133265827936900
[2026-07-27T00:06:05.471] [DEBUG] debug-file - default@CompileArkTS work[1] done.
[2026-07-27T00:06:05.472] [DEBUG] debug-file - A work dispatched to worker[22] failed because unable to get work from ready queue.
[2026-07-27T00:06:05.550] [DEBUG] debug-file - worker[21] has one work done.
[2026-07-27T00:06:05.550] [DEBUG] debug-file - default@CacheNativeLibs work[2] done.
[2026-07-27T00:06:05.550] [DEBUG] debug-file - A work dispatched to worker[21] failed because unable to get work from ready queue.
[2026-07-27T00:06:05.551] [INFO] debug-file - Finished :entry:default@CacheNativeLibs... after 19 ms 
[2026-07-27T00:06:13.155] [WARN] debug-file - [33mWARN: [33m[33mArkTS:WARN: For details about ArkTS syntax errors, see FAQs[39m[39m

[2026-07-27T00:06:13.155] [DEBUG] debug-file - Ark compile task finished.finished time is 133273512268700
[2026-07-27T00:06:13.156] [DEBUG] debug-file - worker[4] has one work done.
[2026-07-27T00:06:13.158] [DEBUG] debug-file - default@CompileArkTS work[0] done.
[2026-07-27T00:06:13.159] [DEBUG] debug-file - A work dispatched to worker[4] failed because unable to get work from ready queue.
[2026-07-27T00:06:13.160] [INFO] debug-file - Finished :entry:default@CompileArkTS... after 6 s 322 ms 
[2026-07-27T00:06:13.162] [DEBUG] debug-file - Executing task :entry:default@GeneratePkgModuleJson
[2026-07-27T00:06:13.162] [DEBUG] debug-file - File: 'D:\SLE-ID\slekey\entry\build\default\intermediates\preload\default\preload.json' from 'preloadSoJsonPath' is not exists, just ignore.
[2026-07-27T00:06:13.162] [DEBUG] debug-file - Error occurs while handling @Input 'shouldDeduplicateHar': The "data" argument must be of type string or an instance of Buffer, TypedArray, or DataView. Received undefined
[2026-07-27T00:06:13.163] [DEBUG] debug-file - Task 'entry:default@GeneratePkgModuleJson' cost while wrapping incremental declarations: 1 ms 
[2026-07-27T00:06:13.163] [DEBUG] debug-file - entry:default@GeneratePkgModuleJson is not up-to-date, since the input file 'D:\SLE-ID\slekey\entry\build\default\intermediates\res\default\module.json' has been changed.
[2026-07-27T00:06:13.163] [DEBUG] debug-file - Incremental task entry:default@GeneratePkgModuleJson pre-execution cost: 1 ms .
[2026-07-27T00:06:13.166] [DEBUG] debug-file - entry : default@GeneratePkgModuleJson cost memory 0.154327392578125
[2026-07-27T00:06:13.166] [DEBUG] debug-file - runTaskFromQueue task cost before running: 9 s 858 ms 
[2026-07-27T00:06:13.166] [INFO] debug-file - Finished :entry:default@GeneratePkgModuleJson... after 5 ms 
[2026-07-27T00:06:13.167] [DEBUG] debug-file - Executing task :entry:default@ProcessCompiledResources
[2026-07-27T00:06:13.167] [DEBUG] debug-file - File: 'D:\SLE-ID\slekey\entry\build\default\intermediates\preload\default\preload.json' from 'preloadSoJsonPath' is not exists, just ignore.
[2026-07-27T00:06:13.167] [DEBUG] debug-file - Task 'entry:default@ProcessCompiledResources' cost while wrapping incremental declarations: 1 ms 
[2026-07-27T00:06:13.168] [DEBUG] debug-file - entry : default@ProcessCompiledResources cost memory 0.0505523681640625
[2026-07-27T00:06:13.168] [DEBUG] debug-file - runTaskFromQueue task cost before running: 9 s 860 ms 
[2026-07-27T00:06:13.168] [INFO] debug-file - Finished :entry:default@ProcessCompiledResources... after 1 ms 
[2026-07-27T00:06:13.170] [DEBUG] debug-file - Executing task :entry:default@PackageHap
[2026-07-27T00:06:13.173] [DEBUG] debug-file - entry:default@PackageHap is not up-to-date, since the input file 'D:\SLE-ID\slekey\entry\build\default\intermediates\res\default\module.json' has been changed.
[2026-07-27T00:06:13.173] [DEBUG] debug-file - Incremental task entry:default@PackageHap pre-execution cost: 2 ms .
[2026-07-27T00:06:13.174] [DEBUG] debug-file - Use tool [C:\Program Files\Huawei\DevEco Studio\sdk\default\openharmony\toolchains\lib\app_packing_tool.jar]
 [
  'java',
  '-Dfile.encoding=GBK',
  '-jar',
  'C:\\Program Files\\Huawei\\DevEco Studio\\sdk\\default\\openharmony\\toolchains\\lib\\app_packing_tool.jar',
  '--mode',
  'hap',
  '--force',
  'true',
  '--lib-path',
  'D:\\SLE-ID\\slekey\\entry\\build\\default\\intermediates\\stripped_native_libs\\default',
  '--json-path',
  'D:\\SLE-ID\\slekey\\entry\\build\\default\\intermediates\\package\\default\\module.json',
  '--resources-path',
  'D:\\SLE-ID\\slekey\\entry\\build\\default\\intermediates\\res\\default\\resources',
  '--index-path',
  'D:\\SLE-ID\\slekey\\entry\\build\\default\\intermediates\\res\\default\\resources.index',
  '--pack-info-path',
  'D:\\SLE-ID\\slekey\\entry\\build\\default\\outputs\\default\\pack.info',
  '--out-path',
  'D:\\SLE-ID\\slekey\\entry\\build\\default\\outputs\\default\\entry-default-unsigned.hap',
  '--ets-path',
  'D:\\SLE-ID\\slekey\\entry\\build\\default\\intermediates\\loader_out\\default\\ets',
  '--pkg-context-path',
  'D:\\SLE-ID\\slekey\\entry\\build\\default\\intermediates\\loader\\default\\pkgContextInfo.json'
]
[2026-07-27T00:06:13.175] [DEBUG] debug-file - default@PackageHap work[3] is submitted.
[2026-07-27T00:06:13.175] [DEBUG] debug-file - default@PackageHap work[3] is pushed to ready queue.
[2026-07-27T00:06:13.175] [DEBUG] debug-file - A work dispatched to worker[23] failed because unable to get work from ready queue.
[2026-07-27T00:06:13.175] [DEBUG] debug-file - default@PackageHap work[3] has been dispatched to worker[22].
[2026-07-27T00:06:13.175] [DEBUG] debug-file - default@PackageHap work[3] is dispatched.
[2026-07-27T00:06:13.180] [DEBUG] debug-file - entry : default@PackageHap cost memory 0.3672332763671875
[2026-07-27T00:06:13.302] [DEBUG] debug-file - current process  memoryUsage: {
  rss: 733204480,
  heapTotal: 80031744,
  heapUsed: 54099800,
  external: 4176555,
  arrayBuffers: 22783
} os memoryUsage :14.850730895996094
[2026-07-27T00:06:13.695] [DEBUG] debug-file - worker[22] has one work done.
[2026-07-27T00:06:13.696] [DEBUG] debug-file - default@PackageHap work[3] done.
[2026-07-27T00:06:13.696] [DEBUG] debug-file - A work dispatched to worker[22] failed because unable to get work from ready queue.
[2026-07-27T00:06:13.696] [INFO] debug-file - Finished :entry:default@PackageHap... after 407 ms 
[2026-07-27T00:06:13.697] [DEBUG] debug-file - Executing task :entry:default@PackingCheck
[2026-07-27T00:06:13.703] [DEBUG] debug-file - entry : default@PackingCheck cost memory 0.5251083374023438
[2026-07-27T00:06:13.703] [DEBUG] debug-file - runTaskFromQueue task cost before running: 10 s 396 ms 
[2026-07-27T00:06:13.704] [INFO] debug-file - Finished :entry:default@PackingCheck... after 7 ms 
[2026-07-27T00:06:13.705] [DEBUG] debug-file - Executing task :entry:default@SignHap
[2026-07-27T00:06:13.705] [WARN] debug-file - Will skip sign 'hos_hap'. No signingConfigs profile is configured in current project.
             If needed, configure the signingConfigs in D:\SLE-ID\slekey\build-profile.json5.
[2026-07-27T00:06:13.706] [DEBUG] debug-file - entry:default@SignHap is not up-to-date, since the input file 'D:\SLE-ID\slekey\entry\build\default\outputs\default\entry-default-unsigned.hap' has been changed.
[2026-07-27T00:06:13.706] [DEBUG] debug-file - Incremental task entry:default@SignHap pre-execution cost: 1 ms .
[2026-07-27T00:06:13.707] [DEBUG] debug-file - entry : default@SignHap cost memory 0.0806121826171875
[2026-07-27T00:06:13.707] [DEBUG] debug-file - runTaskFromQueue task cost before running: 10 s 399 ms 
[2026-07-27T00:06:13.707] [INFO] debug-file - Finished :entry:default@SignHap... after 2 ms 
[2026-07-27T00:06:13.708] [DEBUG] debug-file - Executing task :entry:default@CollectDebugSymbol
[2026-07-27T00:06:13.709] [DEBUG] debug-file - entry : default@CollectDebugSymbol cost memory 0.07494354248046875
[2026-07-27T00:06:13.709] [DEBUG] debug-file - runTaskFromQueue task cost before running: 10 s 401 ms 
[2026-07-27T00:06:13.709] [INFO] debug-file - Finished :entry:default@CollectDebugSymbol... after 2 ms 
[2026-07-27T00:06:13.709] [DEBUG] debug-file - Executing task :entry:assembleHap
[2026-07-27T00:06:13.710] [DEBUG] debug-file - entry : assembleHap cost memory 0.0146636962890625
[2026-07-27T00:06:13.710] [DEBUG] debug-file - runTaskFromQueue task cost before running: 10 s 402 ms 
[2026-07-27T00:06:13.710] [INFO] debug-file - Finished :entry:assembleHap... after 1 ms 
[2026-07-27T00:06:13.710] [INFO] debug-file - BUILD SUCCESSFUL in 10 s 403 ms 
[2026-07-27T00:06:13.711] [DEBUG] debug-file - Update task entry:default@PreBuild input file:D:\SLE-ID\slekey\AppScope\app.json5 cache by regenerate.
[2026-07-27T00:06:13.711] [DEBUG] debug-file - Update task entry:default@PreBuild input file:D:\SLE-ID\slekey\entry\src\main\module.json5 cache by regenerate.
[2026-07-27T00:06:13.712] [DEBUG] debug-file - Update task entry:default@PreBuild input file:D:\SLE-ID\slekey\build-profile.json5 cache by regenerate.
[2026-07-27T00:06:13.712] [DEBUG] debug-file - Update task entry:default@PreBuild input file:D:\SLE-ID\slekey\entry\build-profile.json5 cache by regenerate.
[2026-07-27T00:06:13.712] [DEBUG] debug-file - Update task entry:default@PreBuild input file:D:\SLE-ID\slekey\entry\src\main\resources\base\profile\main_pages.json cache by regenerate.
[2026-07-27T00:06:13.712] [DEBUG] debug-file - Update task entry:default@PreBuild input file:D:\SLE-ID\slekey\hvigor\hvigor-config.json5 cache by regenerate.
[2026-07-27T00:06:13.712] [DEBUG] debug-file - Update task entry:default@PreBuild input file:D:\SLE-ID\slekey\entry\oh-package.json5 cache by regenerate.
[2026-07-27T00:06:13.712] [DEBUG] debug-file - Update task entry:default@PreBuild input file:D:\SLE-ID\slekey\oh-package.json5 cache by regenerate.
[2026-07-27T00:06:13.712] [DEBUG] debug-file - Incremental task entry:default@PreBuild post-execution cost:2 ms .
[2026-07-27T00:06:13.712] [DEBUG] debug-file - Update task entry:default@CreateModuleInfo output file:D:\SLE-ID\slekey\entry\build\default\generated\profile\default\ModuleInfo.ts cache.
[2026-07-27T00:06:13.713] [DEBUG] debug-file - Incremental task entry:default@CreateModuleInfo post-execution cost:1 ms .
[2026-07-27T00:06:13.713] [DEBUG] debug-file - Update task entry:default@GenerateMetadata input file:D:\SLE-ID\slekey\entry\src\main\module.json5 cache by regenerate.
[2026-07-27T00:06:13.713] [DEBUG] debug-file - Update task entry:default@GenerateMetadata output file:D:\SLE-ID\slekey\entry\build\default\intermediates\hap_metadata\default\output_metadata.json cache.
[2026-07-27T00:06:13.713] [DEBUG] debug-file - Incremental task entry:default@GenerateMetadata post-execution cost:1 ms .
[2026-07-27T00:06:13.713] [DEBUG] debug-file - Update task entry:default@MergeProfile input file:D:\SLE-ID\slekey\AppScope\app.json5 cache by regenerate.
[2026-07-27T00:06:13.713] [DEBUG] debug-file - Update task entry:default@MergeProfile input file:D:\SLE-ID\slekey\build-profile.json5 cache by regenerate.
[2026-07-27T00:06:13.713] [DEBUG] debug-file - Update task entry:default@MergeProfile input file:D:\SLE-ID\slekey\entry\src\main\module.json5 cache by regenerate.
[2026-07-27T00:06:13.713] [DEBUG] debug-file - Update task entry:default@MergeProfile input file:D:\SLE-ID\slekey\oh_modules\@ohos\hypium\src\main\module.json cache by regenerate.
[2026-07-27T00:06:13.714] [DEBUG] debug-file - Update task entry:default@MergeProfile output file:D:\SLE-ID\slekey\entry\build\default\intermediates\merge_profile\default\module.json cache.
[2026-07-27T00:06:13.714] [DEBUG] debug-file - Incremental task entry:default@MergeProfile post-execution cost:1 ms .
[2026-07-27T00:06:13.714] [DEBUG] debug-file - Update task entry:default@CreateBuildProfile input file:D:\SLE-ID\slekey\AppScope\app.json5 cache by regenerate.
[2026-07-27T00:06:13.714] [DEBUG] debug-file - Update task entry:default@CreateBuildProfile input file:D:\SLE-ID\slekey\build-profile.json5 cache by regenerate.
[2026-07-27T00:06:13.714] [DEBUG] debug-file - Update task entry:default@CreateBuildProfile output file:D:\SLE-ID\slekey\entry\build\default\generated\profile\default\BuildProfile.ets cache.
[2026-07-27T00:06:13.714] [DEBUG] debug-file - Incremental task entry:default@CreateBuildProfile post-execution cost:1 ms .
[2026-07-27T00:06:13.714] [DEBUG] debug-file - Update task entry:default@GeneratePkgContextInfo output file:D:\SLE-ID\slekey\entry\build\default\intermediates\loader\default\pkgContextInfo.json cache.
[2026-07-27T00:06:13.714] [DEBUG] debug-file - Incremental task entry:default@GeneratePkgContextInfo post-execution cost:1 ms .
[2026-07-27T00:06:13.715] [DEBUG] debug-file - Update task entry:default@GeneratePkgSdkInfo output file:D:\SLE-ID\slekey\entry\build\default\intermediates\loader\default\pkgSdkInfo.json cache.
[2026-07-27T00:06:13.715] [DEBUG] debug-file - Incremental task entry:default@GeneratePkgSdkInfo post-execution cost:1 ms .
[2026-07-27T00:06:13.715] [DEBUG] debug-file - Update task entry:default@ProcessIntegratedHsp output file:D:\SLE-ID\slekey\build\cache\default\integrated_hsp\integratedHspCache.json cache.
[2026-07-27T00:06:13.715] [DEBUG] debug-file - Incremental task entry:default@ProcessIntegratedHsp post-execution cost:1 ms .
[2026-07-27T00:06:13.715] [DEBUG] debug-file - Update task entry:default@MakePackInfo input file:D:\SLE-ID\slekey\AppScope\app.json5 cache by regenerate.
[2026-07-27T00:06:13.715] [DEBUG] debug-file - Update task entry:default@MakePackInfo input file:D:\SLE-ID\slekey\entry\src\main\module.json5 cache by regenerate.
[2026-07-27T00:06:13.715] [DEBUG] debug-file - Update task entry:default@MakePackInfo input file:D:\SLE-ID\slekey\build-profile.json5 cache by regenerate.
[2026-07-27T00:06:13.715] [DEBUG] debug-file - Update task entry:default@MakePackInfo output file:D:\SLE-ID\slekey\entry\build\default\outputs\default\pack.info cache.
[2026-07-27T00:06:13.715] [DEBUG] debug-file - Incremental task entry:default@MakePackInfo post-execution cost:1 ms .
[2026-07-27T00:06:13.715] [DEBUG] debug-file - Update task entry:default@SyscapTransform input file:C:\Program Files\Huawei\DevEco Studio\sdk\default\openharmony\toolchains\syscap_tool.exe cache by regenerate.
[2026-07-27T00:06:13.716] [DEBUG] debug-file - Update task entry:default@SyscapTransform input file:C:\Program Files\Huawei\DevEco Studio\sdk\default\openharmony\ets\api\device-define cache by regenerate.
[2026-07-27T00:06:13.716] [DEBUG] debug-file - Update task entry:default@SyscapTransform output file:D:\SLE-ID\slekey\entry\build\default\intermediates\syscap\default\rpcid.sc cache.
[2026-07-27T00:06:13.716] [DEBUG] debug-file - Incremental task entry:default@SyscapTransform post-execution cost:1 ms .
[2026-07-27T00:06:13.716] [DEBUG] debug-file - Update task entry:default@ProcessProfile input file:D:\SLE-ID\slekey\entry\build\default\intermediates\merge_profile\default\module.json cache from map.
[2026-07-27T00:06:13.717] [DEBUG] debug-file - Update task entry:default@ProcessProfile output file:D:\SLE-ID\slekey\entry\build\default\intermediates\process_profile\default\module.json cache.
[2026-07-27T00:06:13.717] [DEBUG] debug-file - Incremental task entry:default@ProcessProfile post-execution cost:1 ms .
[2026-07-27T00:06:13.717] [DEBUG] debug-file - Update task entry:default@ProcessRouterMap input file:D:\SLE-ID\slekey\entry\oh-package.json5 cache by regenerate.
[2026-07-27T00:06:13.717] [DEBUG] debug-file - Update task entry:default@ProcessRouterMap input file:D:\SLE-ID\slekey\oh-package.json5 cache by regenerate.
[2026-07-27T00:06:13.717] [DEBUG] debug-file - Update task entry:default@ProcessRouterMap input file:D:\SLE-ID\slekey\entry\src\main\module.json5 cache by regenerate.
[2026-07-27T00:06:13.717] [DEBUG] debug-file - Update task entry:default@ProcessRouterMap input file:D:\SLE-ID\slekey\entry\build\default\intermediates\loader\default\pkgContextInfo.json cache from map.
[2026-07-27T00:06:13.717] [DEBUG] debug-file - Update task entry:default@ProcessRouterMap output file:D:\SLE-ID\slekey\entry\build\default\intermediates\router_map\default\temp-router-map.json cache.
[2026-07-27T00:06:13.717] [DEBUG] debug-file - Update task entry:default@ProcessRouterMap output file:D:\SLE-ID\slekey\entry\build\default\intermediates\router_map\default\loader-router-map.json cache.
[2026-07-27T00:06:13.717] [DEBUG] debug-file - Incremental task entry:default@ProcessRouterMap post-execution cost:1 ms .
[2026-07-27T00:06:13.718] [DEBUG] debug-file - Update task entry:default@ProcessShareConfig input file:D:\SLE-ID\slekey\entry\oh-package.json5 cache by regenerate.
[2026-07-27T00:06:13.718] [DEBUG] debug-file - Update task entry:default@ProcessShareConfig input file:D:\SLE-ID\slekey\oh-package.json5 cache by regenerate.
[2026-07-27T00:06:13.718] [DEBUG] debug-file - Update task entry:default@ProcessShareConfig input file:D:\SLE-ID\slekey\entry\src\main\module.json5 cache by regenerate.
[2026-07-27T00:06:13.718] [DEBUG] debug-file - Update task entry:default@ProcessShareConfig input file:D:\SLE-ID\slekey\entry\build\default\intermediates\loader\default\pkgContextInfo.json cache from map.
[2026-07-27T00:06:13.718] [DEBUG] debug-file - Update task entry:default@ProcessShareConfig output file:D:\SLE-ID\slekey\entry\build\default\intermediates\share_config\default\temp-share-config.json cache.
[2026-07-27T00:06:13.718] [DEBUG] debug-file - Incremental task entry:default@ProcessShareConfig post-execution cost:1 ms .
[2026-07-27T00:06:13.718] [DEBUG] debug-file - Update task entry:default@ProcessStartupConfig input file:D:\SLE-ID\slekey\entry\build\default\intermediates\loader\default\pkgContextInfo.json cache from map.
[2026-07-27T00:06:13.718] [DEBUG] debug-file - Update task entry:default@ProcessStartupConfig output file:D:\SLE-ID\slekey\entry\build\default\intermediates\startup\default\startup_config.json cache.
[2026-07-27T00:06:13.719] [DEBUG] debug-file - Incremental task entry:default@ProcessStartupConfig post-execution cost:1 ms .
[2026-07-27T00:06:13.719] [DEBUG] debug-file - Update task entry:default@ProcessResource output file:D:\SLE-ID\slekey\entry\build\default\intermediates\res\default\resConfig.json cache.
[2026-07-27T00:06:13.719] [DEBUG] debug-file - Update task entry:default@ProcessResource output file:D:\SLE-ID\slekey\entry\build\default\intermediates\res\default\opt-compression.json cache.
[2026-07-27T00:06:13.719] [DEBUG] debug-file - Incremental task entry:default@ProcessResource post-execution cost:1 ms .
[2026-07-27T00:06:13.721] [DEBUG] debug-file - Update task entry:default@GenerateLoaderJson input file:D:\SLE-ID\slekey\entry\build\default\intermediates\loader\default\pkgContextInfo.json cache from map.
[2026-07-27T00:06:13.721] [DEBUG] debug-file - Update task entry:default@GenerateLoaderJson input file:D:\SLE-ID\slekey\entry\build\default\intermediates\router_map\default\temp-router-map.json cache by regenerate.
[2026-07-27T00:06:13.721] [DEBUG] debug-file - Update task entry:default@GenerateLoaderJson output file:D:\SLE-ID\slekey\entry\build\default\intermediates\loader\default\loader.json cache.
[2026-07-27T00:06:13.721] [DEBUG] debug-file - Incremental task entry:default@GenerateLoaderJson post-execution cost:3 ms .
[2026-07-27T00:06:13.721] [DEBUG] debug-file - Update task entry:default@ProcessLibs input file:D:\SLE-ID\slekey\build-profile.json5 cache by regenerate.
[2026-07-27T00:06:13.721] [DEBUG] debug-file - Update task entry:default@ProcessLibs input file:D:\SLE-ID\slekey\entry\build-profile.json5 cache by regenerate.
[2026-07-27T00:06:13.721] [DEBUG] debug-file - Update task entry:default@ProcessLibs output file:D:\SLE-ID\slekey\entry\build\default\intermediates\libs\default cache.
[2026-07-27T00:06:13.722] [DEBUG] debug-file - Incremental task entry:default@ProcessLibs post-execution cost:1 ms .
[2026-07-27T00:06:13.722] [DEBUG] debug-file - Update task entry:default@CompileResource input file:D:\SLE-ID\slekey\entry\src\main\resources cache by regenerate.
[2026-07-27T00:06:13.723] [DEBUG] debug-file - Update task entry:default@CompileResource input file:D:\SLE-ID\slekey\AppScope\resources cache by regenerate.
[2026-07-27T00:06:13.724] [DEBUG] debug-file - Update task entry:default@CompileResource input file:D:\SLE-ID\slekey\entry\build\default\intermediates\process_profile\default\module.json cache from map.
[2026-07-27T00:06:13.724] [DEBUG] debug-file - Update task entry:default@CompileResource input file:D:\SLE-ID\slekey\entry\build\default\intermediates\res\default\resConfig.json cache by regenerate.
[2026-07-27T00:06:13.724] [DEBUG] debug-file - Update task entry:default@CompileResource output file:D:\SLE-ID\slekey\entry\build\default\intermediates\res\default cache.
[2026-07-27T00:06:13.726] [DEBUG] debug-file - Update task entry:default@CompileResource output file:D:\SLE-ID\slekey\entry\build\default\generated\r\default\ResourceTable.h cache.
[2026-07-27T00:06:13.726] [DEBUG] debug-file - Update task entry:default@CompileResource output file:D:\SLE-ID\slekey\entry\build\default\generated\r\default\ResourceTable.ts cache.
[2026-07-27T00:06:13.726] [DEBUG] debug-file - Update task entry:default@CompileResource output file:D:\SLE-ID\slekey\entry\build\default\generated\r\default cache.
[2026-07-27T00:06:13.727] [DEBUG] debug-file - Incremental task entry:default@CompileResource post-execution cost:5 ms .
[2026-07-27T00:06:13.727] [DEBUG] debug-file - Update task entry:default@DoNativeStrip input file:D:\SLE-ID\slekey\entry\build\default\intermediates\libs\default cache by regenerate.
[2026-07-27T00:06:13.727] [DEBUG] debug-file - Update task entry:default@DoNativeStrip output file:D:\SLE-ID\slekey\entry\build\default\intermediates\stripped_native_libs\default cache.
[2026-07-27T00:06:13.727] [DEBUG] debug-file - Incremental task entry:default@DoNativeStrip post-execution cost:1 ms .
[2026-07-27T00:06:13.728] [DEBUG] debug-file - Update task entry:default@CompileArkTS input file:D:\SLE-ID\slekey\entry\build\default\intermediates\loader\default cache by regenerate.
[2026-07-27T00:06:13.728] [DEBUG] debug-file - Update task entry:default@CompileArkTS input file:D:\SLE-ID\slekey\oh_modules\@ohos\hypium\index.js cache by regenerate.
[2026-07-27T00:06:13.728] [DEBUG] debug-file - Update task entry:default@CompileArkTS input file:D:\SLE-ID\slekey\entry\build\default\intermediates\res\default\resources\rawfile cache by regenerate.
[2026-07-27T00:06:13.729] [DEBUG] debug-file - Update task entry:default@CompileArkTS input file:D:\SLE-ID\slekey\entry\build\default\intermediates\res\default\ResourceTable.txt cache by regenerate.
[2026-07-27T00:06:13.729] [DEBUG] debug-file - Update task entry:default@CompileArkTS input file:D:\SLE-ID\slekey\entry\build\default\intermediates\res\default\ark_module.json cache by regenerate.
[2026-07-27T00:06:13.729] [DEBUG] debug-file - Update task entry:default@CompileArkTS input file:D:\SLE-ID\slekey\entry\build\default\intermediates\res\default\resources\base\profile cache by regenerate.
[2026-07-27T00:06:13.729] [DEBUG] debug-file - Update task entry:default@CompileArkTS input file:D:\SLE-ID\slekey\entry\src\main\ets cache by regenerate.
[2026-07-27T00:06:13.731] [DEBUG] debug-file - Update task entry:default@CompileArkTS input file:D:\SLE-ID\slekey\entry\build\default\intermediates\loader\default\pkgContextInfo.json cache by regenerate.
[2026-07-27T00:06:13.731] [DEBUG] debug-file - Update task entry:default@CompileArkTS input file:D:\SLE-ID\slekey\entry\build\default\generated\profile\default\BuildProfile.ets cache by regenerate.
[2026-07-27T00:06:13.731] [DEBUG] debug-file - Update task entry:default@CompileArkTS output file:D:\SLE-ID\slekey\entry\build\default\intermediates\loader_out\default\ets cache.
[2026-07-27T00:06:13.731] [DEBUG] debug-file - Incremental task entry:default@CompileArkTS post-execution cost:5 ms .
[2026-07-27T00:06:13.732] [DEBUG] debug-file - Update task entry:default@BuildJS input file:D:\SLE-ID\slekey\entry\build\default\intermediates\loader\default cache by regenerate.
[2026-07-27T00:06:13.732] [DEBUG] debug-file - Update task entry:default@BuildJS input file:D:\SLE-ID\slekey\oh_modules\@ohos\hypium\index.js cache by regenerate.
[2026-07-27T00:06:13.732] [DEBUG] debug-file - Update task entry:default@BuildJS input file:D:\SLE-ID\slekey\entry\build\default\intermediates\res\default\resources\rawfile cache by regenerate.
[2026-07-27T00:06:13.732] [DEBUG] debug-file - Update task entry:default@BuildJS input file:D:\SLE-ID\slekey\entry\build\default\intermediates\res\default\ResourceTable.txt cache by regenerate.
[2026-07-27T00:06:13.732] [DEBUG] debug-file - Update task entry:default@BuildJS input file:D:\SLE-ID\slekey\entry\build\default\intermediates\res\default\ark_module.json cache by regenerate.
[2026-07-27T00:06:13.732] [DEBUG] debug-file - Update task entry:default@BuildJS input file:D:\SLE-ID\slekey\entry\build\default\intermediates\res\default\resources\base\profile cache by regenerate.
[2026-07-27T00:06:13.733] [DEBUG] debug-file - Update task entry:default@BuildJS input file:D:\SLE-ID\slekey\entry\build\default\intermediates\loader\default\pkgContextInfo.json cache by regenerate.
[2026-07-27T00:06:13.733] [DEBUG] debug-file - Update task entry:default@BuildJS output file:D:\SLE-ID\slekey\entry\build\default\intermediates\loader_out\default\js cache.
[2026-07-27T00:06:13.733] [DEBUG] debug-file - Incremental task entry:default@BuildJS post-execution cost:2 ms .
[2026-07-27T00:06:13.733] [DEBUG] debug-file - Update task entry:default@CacheNativeLibs input file:D:\SLE-ID\slekey\entry\build\default\intermediates\stripped_native_libs\default cache by regenerate.
[2026-07-27T00:06:13.733] [DEBUG] debug-file - Update task entry:default@CacheNativeLibs input file:D:\SLE-ID\slekey\entry\build\default\intermediates\libs\default cache by regenerate.
[2026-07-27T00:06:13.733] [DEBUG] debug-file - Update task entry:default@CacheNativeLibs output file:D:\SLE-ID\slekey\entry\build\default\intermediates\patch\default\base_native_libs.json cache.
[2026-07-27T00:06:13.733] [DEBUG] debug-file - Update task entry:default@CacheNativeLibs output file:D:\SLE-ID\slekey\entry\build\default\intermediates\patch\default\binxo_native_libs.json cache.
[2026-07-27T00:06:13.733] [DEBUG] debug-file - Incremental task entry:default@CacheNativeLibs post-execution cost:1 ms .
[2026-07-27T00:06:13.733] [DEBUG] debug-file - Update task entry:default@GeneratePkgModuleJson input file:D:\SLE-ID\slekey\entry\build\default\intermediates\res\default\module.json cache from map.
[2026-07-27T00:06:13.733] [DEBUG] debug-file - Update task entry:default@GeneratePkgModuleJson output file:D:\SLE-ID\slekey\entry\build\default\intermediates\package\default\module.json cache.
[2026-07-27T00:06:13.734] [DEBUG] debug-file - Incremental task entry:default@GeneratePkgModuleJson post-execution cost:1 ms .
[2026-07-27T00:06:13.734] [DEBUG] debug-file - Incremental task entry:default@ProcessCompiledResources post-execution cost:1 ms .
[2026-07-27T00:06:13.734] [DEBUG] debug-file - Update task entry:default@PackageHap input file:D:\SLE-ID\slekey\entry\build\default\intermediates\stripped_native_libs\default cache by regenerate.
[2026-07-27T00:06:13.734] [DEBUG] debug-file - Update task entry:default@PackageHap input file:D:\SLE-ID\slekey\entry\build\default\intermediates\res\default\module.json cache from map.
[2026-07-27T00:06:13.734] [DEBUG] debug-file - Update task entry:default@PackageHap input file:D:\SLE-ID\slekey\entry\build\default\intermediates\res\default\resources cache by regenerate.
[2026-07-27T00:06:13.735] [DEBUG] debug-file - Update task entry:default@PackageHap input file:D:\SLE-ID\slekey\entry\build\default\intermediates\res\default\resources.index cache by regenerate.
[2026-07-27T00:06:13.735] [DEBUG] debug-file - Update task entry:default@PackageHap input file:D:\SLE-ID\slekey\entry\build\default\outputs\default\pack.info cache by regenerate.
[2026-07-27T00:06:13.735] [DEBUG] debug-file - Update task entry:default@PackageHap input file:D:\SLE-ID\slekey\entry\build\default\intermediates\loader_out\default\ets cache by regenerate.
[2026-07-27T00:06:13.735] [DEBUG] debug-file - Update task entry:default@PackageHap input file:D:\SLE-ID\slekey\entry\build\default\intermediates\loader\default\pkgContextInfo.json cache by regenerate.
[2026-07-27T00:06:13.735] [DEBUG] debug-file - Update task entry:default@PackageHap input file:D:\SLE-ID\slekey\entry\build\default\intermediates\loader_out\default\ets\sourceMaps.map cache by regenerate.
[2026-07-27T00:06:13.735] [DEBUG] debug-file - Update task entry:default@PackageHap input file:D:\SLE-ID\slekey\entry\build\default\generated\profile\default\BuildProfile.ets cache by regenerate.
[2026-07-27T00:06:13.735] [DEBUG] debug-file - Update task entry:default@PackageHap output file:D:\SLE-ID\slekey\entry\build\default\outputs\default\entry-default-unsigned.hap cache.
[2026-07-27T00:06:13.736] [DEBUG] debug-file - Update task entry:default@PackageHap output file:D:\SLE-ID\slekey\entry\build\default\intermediates\source_map\default\sourceMaps.map cache.
[2026-07-27T00:06:13.736] [DEBUG] debug-file - Update task entry:default@PackageHap output file:D:\SLE-ID\slekey\entry\build\default\outputs\default\mapping\sourceMaps.map cache.
[2026-07-27T00:06:13.736] [DEBUG] debug-file - Incremental task entry:default@PackageHap post-execution cost:3 ms .
[2026-07-27T00:06:13.736] [DEBUG] debug-file - Update task entry:default@SignHap input file:D:\SLE-ID\slekey\entry\build\default\outputs\default\entry-default-unsigned.hap cache from map.
[2026-07-27T00:06:13.736] [DEBUG] debug-file - Update task entry:default@SignHap output file:D:\SLE-ID\slekey\entry\build\default\outputs\default\entry-default-signed.hap cache.
[2026-07-27T00:06:13.736] [DEBUG] debug-file - Incremental task entry:default@SignHap post-execution cost:1 ms .
[2026-07-27T00:06:13.736] [DEBUG] debug-file - Update task entry:default@CollectDebugSymbol input file:D:\SLE-ID\slekey\entry\build\default\intermediates\loader_out\default\ets\sourceMaps.map cache by regenerate.
[2026-07-27T00:06:13.736] [DEBUG] debug-file - Update task entry:default@CollectDebugSymbol input file:D:\SLE-ID\slekey\entry\build\default\intermediates\libs\default cache by regenerate.
[2026-07-27T00:06:13.736] [DEBUG] debug-file - Update task entry:default@CollectDebugSymbol output file:D:\SLE-ID\slekey\entry\build\default\outputs\default\symbol cache.
[2026-07-27T00:06:13.737] [DEBUG] debug-file - Incremental task entry:default@CollectDebugSymbol post-execution cost:1 ms .
[2026-07-27T00:06:13.747] [DEBUG] debug-file - Cleanup worker 21.
[2026-07-27T00:06:13.747] [DEBUG] debug-file - Worker 21 has been cleaned up.
[2026-07-27T00:06:13.747] [DEBUG] debug-file - Current idle worker size: 2.
[2026-07-27T00:06:13.747] [DEBUG] debug-file - Current resident worker size: 3.
[2026-07-27T00:06:13.747] [DEBUG] debug-file - Cleanup worker 22.
[2026-07-27T00:06:13.747] [DEBUG] debug-file - Worker 22 has been cleaned up.
[2026-07-27T00:06:13.754] [DEBUG] debug-file - session manager: send message to worker process.
[2026-07-27T00:06:13.755] [DEBUG] debug-file - session manager: send message to worker process.
[2026-07-27T00:06:13.747] [DEBUG] debug-file - Current idle worker size: 1.
[2026-07-27T00:06:13.747] [DEBUG] debug-file - Current resident worker size: 3.
[2026-07-27T00:06:13.748] [DEBUG] debug-file - hvigor build process will be closed.
[2026-07-27T00:06:13.751] [DEBUG] debug-file - worker[22] exits with exit code 1.
[2026-07-27T00:06:13.752] [DEBUG] debug-file - worker[21] exits with exit code 1.
[2026-07-27T00:06:13.754] [DEBUG] debug-file - watch worker: worker id should be larger than 0. Nothing will be sent to any worker thread.
[2026-07-27T00:06:13.754] [DEBUG] debug-file - watch worker: worker id should be larger than 0. Nothing will be sent to any worker thread.
[2026-07-27T00:07:03.494] [DEBUG] debug-file - env: nodejsVersion=v18.20.1
[2026-07-27T00:07:03.573] [DEBUG] debug-file - env: daemon=true
[2026-07-27T00:07:03.495] [DEBUG] debug-file - env: hvigor-config.json5 content = {
  modelVersion: '5.0.0',
  dependencies: {},
  execution: {},
  logging: {},
  debugging: {},
  nodeOptions: {}
}
[2026-07-27T00:07:04.169] [DEBUG] debug-file - hvigor java daemon: Starting java daemon. jvmXmxValue=512m, jarPath=C:\Program Files\Huawei\DevEco Studio\tools\hvigor\hvigor\lib\hvigor-java-daemon.jar
[2026-07-27T00:07:04.169] [DEBUG] debug-file - hvigor java daemon: Read cache file, 
    port=45050, pid=15400, sessionId exists=true
[2026-07-27T00:07:04.192] [DEBUG] debug-file - hvigor java daemon: tryConnect success
[2026-07-27T00:07:04.215] [DEBUG] debug-file - session manager: set active socket. socketId=YaEF1YE1QC1axZlzAAAB
[2026-07-27T00:07:04.887] [DEBUG] debug-file - watch worker: worker id should be larger than 0. Nothing will be sent to any worker thread.
[2026-07-27T00:07:04.890] [DEBUG] debug-file - Since there is no instance or instance is terminated, create a new worker pool.
[2026-07-27T00:07:04.890] [DEBUG] debug-file - Worker pool is initialized with config:  {
  minPoolNum: 2,
  maxPoolNum: undefined,
  maxCoreSize: undefined,
  cacheCapacity: undefined,
  cacheTtl: undefined
}
[2026-07-27T00:07:04.891] [DEBUG] debug-file - Create  resident worker with id: 0.
[2026-07-27T00:07:04.894] [DEBUG] debug-file - Create  resident worker with id: 1.
[2026-07-27T00:07:04.896] [DEBUG] debug-file - Workers' log level updated to INFO
[2026-07-27T00:07:04.904] [DEBUG] debug-file - Hvigor init with startParameters:{
  hvigorfileTypeCheck: false,
  parallelExecution: true,
  incrementalExecution: true,
  printStackTrace: false,
  daemon: true,
  analyze: 0,
  logLevel: Level { level: 20000, levelStr: 'INFO', colour: 'green' },
  optimizationStrategy: 'memory',
  hotCompile: undefined,
  hotReloadBuild: undefined,
  customizedParam: undefined
}
[2026-07-27T00:07:04.909] [DEBUG] debug-file - Cache service initialization finished in 5 ms 
[2026-07-27T00:07:04.912] [DEBUG] debug-file - hvigorfile, resolving D:\SLE-ID\slekey\hvigorfile.ts
[2026-07-27T00:07:06.297] [DEBUG] debug-file - hvigorfile, require result:  { default: { plugins: [] } }
[2026-07-27T00:07:06.297] [DEBUG] debug-file - hvigorfile, binding system plugins null
[2026-07-27T00:07:06.298] [DEBUG] debug-file - Starting plugin build process
[2026-07-27T00:07:06.298] [DEBUG] debug-file - App plugin prepare start...
[2026-07-27T00:07:06.298] [DEBUG] debug-file - App plugin prepare end...
[2026-07-27T00:07:06.298] [DEBUG] debug-file - App plugin creating...
[2026-07-27T00:07:06.449] [DEBUG] debug-file - App plugin register hook start...
[2026-07-27T00:07:06.449] [DEBUG] debug-file - App plugin register hook end...
[2026-07-27T00:07:06.449] [DEBUG] debug-file - Plugin build process completed
[2026-07-27T00:07:06.450] [DEBUG] debug-file - Start initialize project's product build option map with build mode debug.
[2026-07-27T00:07:06.450] [DEBUG] debug-file - Picking option from product 'default' with build mode 'debug'.
[2026-07-27T00:07:06.451] [DEBUG] debug-file - Product 'default' build option initialized
[2026-07-27T00:07:06.451] [DEBUG] debug-file - End initialize project's product build option map with build mode 'debug'.
[2026-07-27T00:07:06.452] [DEBUG] debug-file - Obtain build option for product 'default'in this build.
[2026-07-27T00:07:06.453] [DEBUG] debug-file - No signingConfig found, initRemoteHspCache failed.
[2026-07-27T00:07:06.455] [DEBUG] debug-file - Local scan or download HarmonyOS sdk components toolchains,ets,js,native,previewer
[2026-07-27T00:07:06.458] [DEBUG] debug-file - Local scan or download hmscore sdk components toolchains,ets,native
[2026-07-27T00:07:06.460] [DEBUG] debug-file - Start recording SDK configuration permission data.
[2026-07-27T00:07:06.489] [DEBUG] debug-file - Sdk init in 35 ms 
[2026-07-27T00:07:06.495] [DEBUG] debug-file - Project task initialization takes 6 ms 
[2026-07-27T00:07:06.495] [DEBUG] debug-file - hvigorfile, begin to bind custom plugins...
[2026-07-27T00:07:06.495] [DEBUG] debug-file - hvigorfile, no custom plugins were found in D:\SLE-ID\slekey\hvigorfile.ts
[2026-07-27T00:07:06.495] [DEBUG] debug-file - hvigorfile, resolve finished D:\SLE-ID\slekey\hvigorfile.ts
[2026-07-27T00:07:06.496] [DEBUG] debug-file - hvigorfile, resolving D:\SLE-ID\slekey\entry\hvigorfile.ts
[2026-07-27T00:07:06.500] [DEBUG] debug-file - hvigorfile, require result:  { default: { plugins: [] } }
[2026-07-27T00:07:06.500] [DEBUG] debug-file - hvigorfile, binding system plugins null
[2026-07-27T00:07:06.500] [DEBUG] debug-file - Starting plugin build process
[2026-07-27T00:07:06.500] [DEBUG] debug-file - Hap plugin creating...
[2026-07-27T00:07:06.501] [DEBUG] debug-file - failed to load cangjie to dynamically generate schemas: Error: Cannot find module '@ohos/cangjie-build-support/index'
Require stack:
- C:\Program Files\Huawei\DevEco Studio\tools\hvigor\hvigor-ohos-plugin\src\plugin\hooks\cangjie-register.js
- C:\Program Files\Huawei\DevEco Studio\tools\hvigor\hvigor-ohos-plugin\src\plugin\strategy\stage-init-strategy.js
- C:\Program Files\Huawei\DevEco Studio\tools\hvigor\hvigor-ohos-plugin\src\plugin\builder\abstract-plugin-builder.js
- C:\Program Files\Huawei\DevEco Studio\tools\hvigor\hvigor-ohos-plugin\src\plugin\builder\app-plugin-builder.js
- C:\Program Files\Huawei\DevEco Studio\tools\hvigor\hvigor-ohos-plugin\src\plugin\factory\plugin-factory.js
- C:\Program Files\Huawei\DevEco Studio\tools\hvigor\hvigor-ohos-plugin\index.js
- D:\SLE-ID\slekey\hvigorfile.ts
- C:\Program Files\Huawei\DevEco Studio\tools\hvigor\hvigor\src\base\internal\lifecycle\configuration.js
- C:\Program Files\Huawei\DevEco Studio\tools\hvigor\hvigor\src\base\boot\index.js
- C:\Program Files\Huawei\DevEco Studio\tools\hvigor\hvigor\src\base\daemon\cluster\worker-process-lifecycle.js
- C:\Program Files\Huawei\DevEco Studio\tools\hvigor\hvigor\src\base\daemon\process\daemon-process-boot-script.js
[2026-07-27T00:07:06.512] [DEBUG] debug-file - Start initialize module-target build option map, moduleName=entry, buildMode=debug
[2026-07-27T00:07:06.512] [DEBUG] debug-file - Target 'default' config initialized
[2026-07-27T00:07:06.513] [DEBUG] debug-file - Module 'entry' target 'default' build option initialized
[2026-07-27T00:07:06.513] [DEBUG] debug-file - End initialize module-target build option map, moduleName=entry
[2026-07-27T00:07:06.513] [DEBUG] debug-file - Start initialize module-target build option map, moduleName=entry, buildMode=release
[2026-07-27T00:07:06.513] [DEBUG] debug-file - Target 'default' config initialized
[2026-07-27T00:07:06.513] [DEBUG] debug-file - Module 'entry' target 'default' build option initialized
[2026-07-27T00:07:06.513] [DEBUG] debug-file - End initialize module-target build option map, moduleName=entry
[2026-07-27T00:07:06.513] [DEBUG] debug-file - Start initialize module-target build option map, moduleName=entry, buildMode=debug
[2026-07-27T00:07:06.513] [DEBUG] debug-file - Target 'default' config initialized
[2026-07-27T00:07:06.514] [DEBUG] debug-file - Module 'entry' target 'default' build option initialized
[2026-07-27T00:07:06.514] [DEBUG] debug-file - End initialize module-target build option map, moduleName=entry
[2026-07-27T00:07:06.514] [DEBUG] debug-file - Obtain build option for module 'entry' target 'default'in this build.
[2026-07-27T00:07:06.518] [DEBUG] debug-file - Module entry task initialization takes 4 ms 
[2026-07-27T00:07:06.518] [DEBUG] debug-file - Hap plugin register hook start...
[2026-07-27T00:07:06.518] [DEBUG] debug-file - Hap plugin register hook end...
[2026-07-27T00:07:06.519] [DEBUG] debug-file - Plugin build process completed
[2026-07-27T00:07:06.519] [DEBUG] debug-file - hvigorfile, begin to bind custom plugins...
[2026-07-27T00:07:06.519] [DEBUG] debug-file - hvigorfile, no custom plugins were found in D:\SLE-ID\slekey\entry\hvigorfile.ts
[2026-07-27T00:07:06.519] [DEBUG] debug-file - hvigorfile, resolve finished D:\SLE-ID\slekey\entry\hvigorfile.ts
[2026-07-27T00:07:06.573] [DEBUG] debug-file - hvigorfile, resolve hvigorfile dependencies in 54 ms 
[2026-07-27T00:07:06.573] [DEBUG] debug-file - project has submodules:entry
[2026-07-27T00:07:06.575] [DEBUG] debug-file - start to load updatedOhPackageInfo to the disk
[2026-07-27T00:07:06.577] [DEBUG] debug-file - load to the disk finished
[2026-07-27T00:07:06.578] [DEBUG] debug-file - Start to initialize dependency information.
[2026-07-27T00:07:06.584] [DEBUG] debug-file - Module slekey Collected Dependency: D:\SLE-ID\slekey\oh_modules\@ohos\hypium
[2026-07-27T00:07:06.585] [DEBUG] debug-file - Module slekey's total dependency: 1
[2026-07-27T00:07:06.588] [DEBUG] debug-file - Start to initialize dependency information.
[2026-07-27T00:07:06.593] [DEBUG] debug-file - Module entry Collected Dependency: D:\SLE-ID\slekey\oh_modules\@ohos\hypium
[2026-07-27T00:07:06.593] [DEBUG] debug-file - Module entry's total dependency: 1
[2026-07-27T00:07:06.597] [DEBUG] debug-file - Configuration phase cost:1 s 687 ms 
[2026-07-27T00:07:06.600] [DEBUG] debug-file - Configuration task cost before running: 1 s 703 ms 
[2026-07-27T00:07:06.607] [DEBUG] debug-file - Executing task :entry:default@PreBuild
[2026-07-27T00:07:06.609] [DEBUG] debug-file - Task 'entry:default@PreBuild' cost while wrapping incremental declarations: 1 ms 
[2026-07-27T00:07:06.621] [DEBUG] debug-file - entry:default@PreBuild is not up-to-date, since the task snapshots are different.
[2026-07-27T00:07:06.621] [DEBUG] debug-file - Incremental task entry:default@PreBuild pre-execution cost: 10 ms .
[2026-07-27T00:07:06.731] [DEBUG] debug-file - current product is not Atomic service.
[2026-07-27T00:07:06.732] [DEBUG] debug-file - Use tool [win32: JAVA_HOME, CLASSPATH]
 [
  { JAVA_HOME: 'C:\\Program Files\\Huawei\\DevEco Studio\\jbr' },
  { CLASSPATH: undefined }
]
[2026-07-27T00:07:06.732] [DEBUG] debug-file - Use tool [win32: NODE_HOME]
 [
  {
    NODE_HOME: 'C:\\Program Files\\Huawei\\DevEco Studio\\tools\\node'
  }
]
[2026-07-27T00:07:06.733] [DEBUG] debug-file - entry : default@PreBuild cost memory 13.485214233398438
[2026-07-27T00:07:06.733] [DEBUG] debug-file - runTaskFromQueue task cost before running: 1 s 836 ms 
[2026-07-27T00:07:06.735] [INFO] debug-file - Finished :entry:default@PreBuild... after 127 ms 
[2026-07-27T00:07:06.736] [DEBUG] debug-file - Executing task :entry:default@CreateModuleInfo
[2026-07-27T00:07:06.736] [DEBUG] debug-file - Task 'entry:default@CreateModuleInfo' cost while wrapping incremental declarations: 1 ms 
[2026-07-27T00:07:06.736] [DEBUG] debug-file - entry : default@CreateModuleInfo cost memory 0.04248046875
[2026-07-27T00:07:06.736] [DEBUG] debug-file - runTaskFromQueue task cost before running: 1 s 840 ms 
[2026-07-27T00:07:06.736] [INFO] debug-file - Finished :entry:default@CreateModuleInfo... after 1 ms 
[2026-07-27T00:07:06.738] [DEBUG] debug-file - Executing task :entry:default@GenerateMetadata
[2026-07-27T00:07:06.739] [DEBUG] debug-file - Task 'entry:default@GenerateMetadata' cost while wrapping incremental declarations: 1 ms 
[2026-07-27T00:07:06.740] [DEBUG] debug-file - Incremental task entry:default@GenerateMetadata pre-execution cost: 1 ms .
[2026-07-27T00:07:06.740] [DEBUG] debug-file - entry : default@GenerateMetadata cost memory 0.08516693115234375
[2026-07-27T00:07:06.740] [INFO] debug-file - UP-TO-DATE :entry:default@GenerateMetadata...  
[2026-07-27T00:07:06.742] [DEBUG] debug-file - Executing task :entry:default@ConfigureCmake
[2026-07-27T00:07:06.742] [DEBUG] debug-file - entry : default@ConfigureCmake cost memory 0.0145416259765625
[2026-07-27T00:07:06.742] [DEBUG] debug-file - runTaskFromQueue task cost before running: 1 s 846 ms 
[2026-07-27T00:07:06.743] [INFO] debug-file - Finished :entry:default@ConfigureCmake... after 1 ms 
[2026-07-27T00:07:06.744] [DEBUG] debug-file - Executing task :entry:default@MergeProfile
[2026-07-27T00:07:06.745] [DEBUG] debug-file - Task 'entry:default@MergeProfile' cost while wrapping incremental declarations: 1 ms 
[2026-07-27T00:07:06.747] [DEBUG] debug-file - Incremental task entry:default@MergeProfile pre-execution cost: 2 ms .
[2026-07-27T00:07:06.747] [DEBUG] debug-file - entry : default@MergeProfile cost memory 0.1432342529296875
[2026-07-27T00:07:06.747] [INFO] debug-file - UP-TO-DATE :entry:default@MergeProfile...  
[2026-07-27T00:07:06.748] [DEBUG] debug-file - Executing task :entry:default@CreateBuildProfile
[2026-07-27T00:07:06.749] [DEBUG] debug-file - Task 'entry:default@CreateBuildProfile' cost while wrapping incremental declarations: 1 ms 
[2026-07-27T00:07:06.750] [DEBUG] debug-file - Incremental task entry:default@CreateBuildProfile pre-execution cost: 1 ms .
[2026-07-27T00:07:06.750] [DEBUG] debug-file - entry : default@CreateBuildProfile cost memory 0.10419464111328125
[2026-07-27T00:07:06.750] [INFO] debug-file - UP-TO-DATE :entry:default@CreateBuildProfile...  
[2026-07-27T00:07:06.751] [DEBUG] debug-file - Executing task :entry:default@PreCheckSyscap
[2026-07-27T00:07:06.751] [DEBUG] debug-file - entry : default@PreCheckSyscap cost memory 0.01477813720703125
[2026-07-27T00:07:06.751] [DEBUG] debug-file - runTaskFromQueue task cost before running: 1 s 854 ms 
[2026-07-27T00:07:06.751] [INFO] debug-file - Finished :entry:default@PreCheckSyscap... after 1 ms 
[2026-07-27T00:07:06.753] [DEBUG] debug-file - Executing task :entry:default@GeneratePkgContextInfo
[2026-07-27T00:07:06.761] [DEBUG] debug-file - Task 'entry:default@GeneratePkgContextInfo' cost while wrapping incremental declarations: 1 ms 
[2026-07-27T00:07:06.762] [DEBUG] debug-file - Incremental task entry:default@GeneratePkgContextInfo pre-execution cost: 1 ms .
[2026-07-27T00:07:06.762] [DEBUG] debug-file - entry : default@GeneratePkgContextInfo cost memory 0.8015365600585938
[2026-07-27T00:07:06.762] [INFO] debug-file - UP-TO-DATE :entry:default@GeneratePkgContextInfo...  
[2026-07-27T00:07:06.763] [DEBUG] debug-file - Executing task :entry:default@GeneratePkgSdkInfo
[2026-07-27T00:07:06.765] [DEBUG] debug-file - Dependency key: @ohos/hypium already exists, current dependency listed in devDependencies will be ignored.
[2026-07-27T00:07:06.765] [DEBUG] debug-file - Task 'entry:default@GeneratePkgSdkInfo' cost while wrapping incremental declarations: 1 ms 
[2026-07-27T00:07:06.765] [DEBUG] debug-file - entry : default@GeneratePkgSdkInfo cost memory 0.13104248046875
[2026-07-27T00:07:06.765] [DEBUG] debug-file - runTaskFromQueue task cost before running: 1 s 869 ms 
[2026-07-27T00:07:06.765] [INFO] debug-file - Finished :entry:default@GeneratePkgSdkInfo... after 2 ms 
[2026-07-27T00:07:06.768] [DEBUG] debug-file - Executing task :entry:default@ProcessIntegratedHsp
[2026-07-27T00:07:06.768] [DEBUG] debug-file - entry:default@ProcessIntegratedHsp is not up-to-date, since the output file 'D:\SLE-ID\slekey\build\cache\default\integrated_hsp\integratedHspCache.json' does not exist.
[2026-07-27T00:07:06.769] [DEBUG] debug-file - Incremental task entry:default@ProcessIntegratedHsp pre-execution cost: 1 ms .
[2026-07-27T00:07:06.771] [DEBUG] debug-file - entry : default@ProcessIntegratedHsp cost memory 0.055084228515625
[2026-07-27T00:07:06.771] [DEBUG] debug-file - runTaskFromQueue task cost before running: 1 s 874 ms 
[2026-07-27T00:07:06.771] [INFO] debug-file - Finished :entry:default@ProcessIntegratedHsp... after 3 ms 
[2026-07-27T00:07:06.772] [DEBUG] debug-file - Executing task :entry:default@BuildNativeWithCmake
[2026-07-27T00:07:06.772] [DEBUG] debug-file - entry : default@BuildNativeWithCmake cost memory 0.01513671875
[2026-07-27T00:07:06.772] [DEBUG] debug-file - runTaskFromQueue task cost before running: 1 s 876 ms 
[2026-07-27T00:07:06.772] [INFO] debug-file - Finished :entry:default@BuildNativeWithCmake... after 1 ms 
[2026-07-27T00:07:06.773] [DEBUG] debug-file - Executing task :entry:default@MakePackInfo
[2026-07-27T00:07:06.775] [DEBUG] debug-file - Incremental task entry:default@MakePackInfo pre-execution cost: 2 ms .
[2026-07-27T00:07:06.775] [DEBUG] debug-file - entry : default@MakePackInfo cost memory 0.10675048828125
[2026-07-27T00:07:06.775] [INFO] debug-file - UP-TO-DATE :entry:default@MakePackInfo...  
[2026-07-27T00:07:06.776] [DEBUG] debug-file - Executing task :entry:default@SyscapTransform
[2026-07-27T00:07:06.776] [DEBUG] debug-file - File: 'D:\SLE-ID\slekey\entry\src\main\syscap.json' from 'sysCapJsonPath' is not exists, just ignore.
[2026-07-27T00:07:06.777] [DEBUG] debug-file - Task 'entry:default@SyscapTransform' cost while wrapping incremental declarations: 1 ms 
[2026-07-27T00:07:06.787] [DEBUG] debug-file - entry:default@SyscapTransform is not up-to-date, since the output file 'D:\SLE-ID\slekey\entry\build\default\intermediates\syscap\default\rpcid.sc' does not exist.
[2026-07-27T00:07:06.788] [DEBUG] debug-file - Incremental task entry:default@SyscapTransform pre-execution cost: 11 ms .
[2026-07-27T00:07:06.788] [DEBUG] debug-file - entry : default@SyscapTransform cost memory 0.15599822998046875
[2026-07-27T00:07:06.788] [DEBUG] debug-file - runTaskFromQueue task cost before running: 1 s 891 ms 
[2026-07-27T00:07:06.788] [INFO] debug-file - Finished :entry:default@SyscapTransform... after 12 ms 
[2026-07-27T00:07:06.790] [DEBUG] debug-file - Executing task :entry:default@ProcessProfile
[2026-07-27T00:07:06.791] [DEBUG] debug-file - Task 'entry:default@ProcessProfile' cost while wrapping incremental declarations: 1 ms 
[2026-07-27T00:07:06.792] [DEBUG] debug-file - Incremental task entry:default@ProcessProfile pre-execution cost: 1 ms .
[2026-07-27T00:07:06.792] [DEBUG] debug-file - entry : default@ProcessProfile cost memory 0.13349151611328125
[2026-07-27T00:07:06.792] [INFO] debug-file - UP-TO-DATE :entry:default@ProcessProfile...  
[2026-07-27T00:07:06.793] [DEBUG] debug-file - Executing task :entry:default@ProcessRouterMap
[2026-07-27T00:07:06.795] [DEBUG] debug-file - Incremental task entry:default@ProcessRouterMap pre-execution cost: 2 ms .
[2026-07-27T00:07:06.795] [DEBUG] debug-file - entry : default@ProcessRouterMap cost memory 0.16725921630859375
[2026-07-27T00:07:06.796] [INFO] debug-file - UP-TO-DATE :entry:default@ProcessRouterMap...  
[2026-07-27T00:07:06.796] [DEBUG] debug-file - Executing task :entry:default@ProcessShareConfig
[2026-07-27T00:07:06.799] [DEBUG] debug-file - Incremental task entry:default@ProcessShareConfig pre-execution cost: 2 ms .
[2026-07-27T00:07:06.799] [DEBUG] debug-file - entry : default@ProcessShareConfig cost memory 0.14255523681640625
[2026-07-27T00:07:06.799] [INFO] debug-file - UP-TO-DATE :entry:default@ProcessShareConfig...  
[2026-07-27T00:07:06.800] [DEBUG] debug-file - Executing task :entry:default@ProcessStartupConfig
[2026-07-27T00:07:06.801] [DEBUG] debug-file - Task 'entry:default@ProcessStartupConfig' cost while wrapping incremental declarations: 1 ms 
[2026-07-27T00:07:06.801] [DEBUG] debug-file - entry:default@ProcessStartupConfig is not up-to-date, since the output file 'D:\SLE-ID\slekey\entry\build\default\intermediates\startup\default\startup_config.json' does not exist.
[2026-07-27T00:07:06.801] [DEBUG] debug-file - Incremental task entry:default@ProcessStartupConfig pre-execution cost: 1 ms .
[2026-07-27T00:07:06.802] [DEBUG] debug-file - entry : default@ProcessStartupConfig cost memory 0.1361846923828125
[2026-07-27T00:07:06.803] [DEBUG] debug-file - runTaskFromQueue task cost before running: 1 s 906 ms 
[2026-07-27T00:07:06.803] [INFO] debug-file - Finished :entry:default@ProcessStartupConfig... after 3 ms 
[2026-07-27T00:07:06.804] [DEBUG] debug-file - Executing task :entry:default@BuildNativeWithNinja
[2026-07-27T00:07:06.804] [DEBUG] debug-file - entry : default@BuildNativeWithNinja cost memory 0.02001953125
[2026-07-27T00:07:06.804] [DEBUG] debug-file - runTaskFromQueue task cost before running: 1 s 908 ms 
[2026-07-27T00:07:06.805] [INFO] debug-file - Finished :entry:default@BuildNativeWithNinja... after 1 ms 
[2026-07-27T00:07:06.806] [DEBUG] debug-file - restool module names: entry; moduleName=entry, taskName=default@ProcessResource
[2026-07-27T00:07:06.809] [DEBUG] debug-file - Executing task :entry:default@ProcessResource
[2026-07-27T00:07:06.809] [DEBUG] debug-file - Task 'entry:default@ProcessResource' cost while wrapping incremental declarations: 1 ms 
[2026-07-27T00:07:06.810] [DEBUG] debug-file - Incremental task entry:default@ProcessResource pre-execution cost: 1 ms .
[2026-07-27T00:07:06.811] [DEBUG] debug-file - entry : default@ProcessResource cost memory 0.1303558349609375
[2026-07-27T00:07:06.813] [INFO] debug-file - UP-TO-DATE :entry:default@ProcessResource...  
[2026-07-27T00:07:06.815] [DEBUG] debug-file - Executing task :entry:default@GenerateLoaderJson
[2026-07-27T00:07:06.816] [DEBUG] debug-file - Task 'entry:default@GenerateLoaderJson' cost while wrapping incremental declarations: 1 ms 
[2026-07-27T00:07:06.822] [DEBUG] debug-file - entry:default@GenerateLoaderJson is not up-to-date, since the task snapshots are different.
[2026-07-27T00:07:06.822] [DEBUG] debug-file - Incremental task entry:default@GenerateLoaderJson pre-execution cost: 3 ms .
[2026-07-27T00:07:06.827] [DEBUG] debug-file - entry : default@GenerateLoaderJson cost memory 0.67071533203125
[2026-07-27T00:07:06.827] [DEBUG] debug-file - runTaskFromQueue task cost before running: 1 s 931 ms 
[2026-07-27T00:07:06.830] [INFO] debug-file - Finished :entry:default@GenerateLoaderJson... after 13 ms 
[2026-07-27T00:07:06.831] [DEBUG] debug-file - Executing task :entry:default@ProcessLibs
[2026-07-27T00:07:06.835] [DEBUG] debug-file - Incremental task entry:default@ProcessLibs pre-execution cost: 2 ms .
[2026-07-27T00:07:06.835] [DEBUG] debug-file - entry : default@ProcessLibs cost memory 0.47649383544921875
[2026-07-27T00:07:06.835] [INFO] debug-file - UP-TO-DATE :entry:default@ProcessLibs...  
[2026-07-27T00:07:06.836] [DEBUG] debug-file - restool module names: entry; moduleName=entry, taskName=default@CompileResource
[2026-07-27T00:07:06.837] [DEBUG] debug-file - Executing task :entry:default@CompileResource
[2026-07-27T00:07:06.844] [DEBUG] debug-file - Incremental task entry:default@CompileResource pre-execution cost: 6 ms .
[2026-07-27T00:07:06.844] [DEBUG] debug-file - entry : default@CompileResource cost memory 0.6209182739257812
[2026-07-27T00:07:06.845] [INFO] debug-file - UP-TO-DATE :entry:default@CompileResource...  
[2026-07-27T00:07:06.846] [DEBUG] debug-file - Executing task :entry:default@DoNativeStrip
[2026-07-27T00:07:06.846] [DEBUG] debug-file - File: 'D:\SLE-ID\slekey\entry\build\default\intermediates\binxo\default' from 'doBinxoNativeLibs' is not exists, just ignore.
[2026-07-27T00:07:06.846] [DEBUG] debug-file - Task 'entry:default@DoNativeStrip' cost while wrapping incremental declarations: 1 ms 
[2026-07-27T00:07:06.847] [DEBUG] debug-file - Incremental task entry:default@DoNativeStrip pre-execution cost: 1 ms .
[2026-07-27T00:07:06.847] [DEBUG] debug-file - entry : default@DoNativeStrip cost memory 0.0936279296875
[2026-07-27T00:07:06.847] [INFO] debug-file - UP-TO-DATE :entry:default@DoNativeStrip...  
[2026-07-27T00:07:06.849] [DEBUG] debug-file - Executing task :entry:default@CompileArkTS
[2026-07-27T00:07:06.849] [DEBUG] debug-file - obfuscationOptions: undefined
[2026-07-27T00:07:06.851] [DEBUG] debug-file - Task 'entry:default@CompileArkTS' cost while wrapping incremental declarations: 1 ms 
[2026-07-27T00:07:06.855] [DEBUG] debug-file - entry:default@CompileArkTS is not up-to-date, since the input file 'D:\SLE-ID\slekey\entry\build\default\intermediates\loader\default' has been changed.
[2026-07-27T00:07:06.855] [DEBUG] debug-file - Incremental task entry:default@CompileArkTS pre-execution cost: 2 ms .
[2026-07-27T00:07:06.868] [DEBUG] debug-file - build config:
[2026-07-27T00:07:06.868] [DEBUG] debug-file - {
  moduleType: 'entry',
  perf: 0,
  targetName: '.default',
  packageManagerType: 'ohpm',
  localPropertiesPath: 'D:\\SLE-ID\\slekey\\local.properties',
  isPreview: false,
  isOhosTest: false,
  isLocalTest: false,
  buildMode: 'Debug',
  hotReloadBuild: undefined,
  watchMode: 'false',
  aceProfilePath: 'D:\\SLE-ID\\slekey\\entry\\build\\default\\intermediates\\res\\default\\resources\\base\\profile',
  etsLoaderPath: 'C:\\Program Files\\Huawei\\DevEco Studio\\sdk\\default\\openharmony\\ets\\build-tools\\ets-loader',
  modulePath: 'D:\\SLE-ID\\slekey\\entry',
  testFrameworkPar: {
    testMode: undefined,
    coveragePathFilter: undefined,
    coverageMode: undefined
  },
  needCoverageInsert: false,
  debugLine: false,
  projectTopDir: 'D:\\SLE-ID\\slekey',
  compileSdkVersion: 23,
  compatibleSdkVersion: 12,
  originCompatibleSdkVersion: '5.0.0(12)',
  compatibleSdkVersionStage: 'beta1',
  bundleName: 'c***p',
  etsLoaderVersion: '6.1.0.105',
  etsLoaderReleaseType: 'Release',
  aotCompileMode: 'type',
  apPath: 'D:\\SLE-ID\\slekey\\entry\\modules.ap',
  entryModuleName: 'entry',
  entryModuleVersion: '1.0.0',
  entryPackageName: 'entry',
  allModuleNameHash: 'f50575914c85e3183d91a020539fc5ec331fa18837794d3ea3a2aada5c34fdd7',
  externalApiPaths: [
    'C:\\Program Files\\Huawei\\DevEco Studio\\sdk\\default\\hms\\ets'
  ],
  compilerTypes: [],
  isCrossplatform: false,
  hvigorPluginFile: undefined,
  compilePluginPath: undefined,
  buildGeneratedProfilePath: 'D:\\SLE-ID\\slekey\\entry\\build\\default\\generated\\profile\\default',
  bundleType: 'app',
  arkTSVersion: '1.0',
  apiVersion: 23,
  needCompleteSourcesMap: false,
  isFaMode: false,
  buildDir: 'D:\\SLE-ID\\slekey\\entry\\build',
  deviceTypes: [ 'phone', 'tablet' ],
  pkgContextInfo: {
    '@ohos/hypium': {
      packageName: '@ohos/hypium',
      bundleName: '*****',
      moduleName: '',
      version: '1.0.19',
      entryPath: 'index.js',
      isSO: false,
      dependencyAlias: ''
    },
    entry: {
      packageName: 'entry',
      bundleName: '*****',
      moduleName: '',
      version: '',
      entryPath: 'src/main/',
      isSO: false,
      dependencyAlias: ''
    }
  },
  ohPackagePathMap: {},
  dependencyAliasMap: {},
  permission: { requestPermissions: [], definePermissions: undefined },
  useGetCurrentBundleName: false,
  projectArkOption: undefined,
  sourceMapDir: undefined,
  branchElimination: false,
  transformLib: undefined,
  tsImportSendable: false,
  resolveConflictMode: true,
  depName2RootPath: {},
  depName2DepInfo: {},
  depName2OhExports: {},
  rootPathSet: [ 'D:\\SLE-ID\\slekey' ],
  useNativeResolver: true,
  shouldEmitJs: true,
  useTscResolve: false,
  singleFileEmit: false,
  userProjectConfig: {
    autoLazyImport: false,
    allowEmptyBundleName: false,
    reExportCheckMode: 'noCheck',
    executionMode: 'memory',
    usePathPlaceholder: false,
    writeRollupCache: true,
    isExpandImportEnabled: false,
    expandImportExclude: '',
    lazyImportExclude: '',
    lazyImportInclude: '',
    ignoreCrossplatformCheck: false,
    isHarDeduplicateEnabled: false,
    skipOhModulesLint: false,
    enableStrictCheckOHModule: false,
    disableSendableCheckRules: [],
    useDeclarationFileSignature: false,
    customizedOptions: undefined,
    integratedHsp: false,
    isPreloadSoEnabled: false
  },
  executionMode: 'memory',
  arkCompileCachePath: 'D:\\SLE-ID\\slekey\\entry\\build\\default\\cache\\default\\default@CompileArkTS\\esmodule',
  autoLazyFilter: undefined,
  isHarDeduplicateEnabled: false,
  intermediateHarDuplicateDirPath: 'D:\\SLE-ID\\slekey\\entry\\build\\default\\intermediates\\har_duplicate\\default',
  autoLazyImport: false,
  allowEmptyBundleName: false,
  reExportCheckMode: 'noCheck',
  usePathPlaceholder: false,
  writeRollupCache: true,
  isExpandImportEnabled: false,
  expandImportExclude: '',
  lazyImportExclude: '',
  lazyImportInclude: '',
  ignoreCrossplatformCheck: false,
  skipOhModulesLint: false,
  enableStrictCheckOHModule: false,
  disableSendableCheckRules: [],
  useDeclarationFileSignature: false,
  customizedOptions: undefined,
  integratedHsp: false,
  isPreloadSoEnabled: false,
  strictMode: {
    caseSensitiveCheck: true,
    useNormalizedOHMUrl: true,
    noExternalImportByPath: true
  },
  useNormalizedOHMUrl: true,
  caseSensitiveCheck: true,
  aceModuleJsonPath: 'D:\\SLE-ID\\slekey\\entry\\build\\default\\intermediates\\res\\default\\ark_module.json',
  appResource: 'D:\\SLE-ID\\slekey\\entry\\build\\default\\intermediates\\res\\default\\ResourceTable.txt',
  rawFileResource: 'D:\\SLE-ID\\slekey\\entry\\build\\default\\intermediates\\res\\default\\resources\\rawfile',
  resourceTableHash: '8d499eae98a35ebfd449f640cb0204dc46fbfe126b8cecf18b5dae055c1b4570',
  runtimeOS: 'HarmonyOS',
  sdkInfo: 'false:23:6.1.0.105:Release',
  aceModuleRoot: 'D:\\SLE-ID\\slekey\\entry\\src\\main\\ets',
  compileMode: 'esmodule',
  aceSuperVisualPath: 'D:\\SLE-ID\\slekey\\entry\\src\\main\\supervisual',
  aceBuildJson: 'D:\\SLE-ID\\slekey\\entry\\build\\default\\intermediates\\loader\\default\\loader.json',
  cachePath: 'D:\\SLE-ID\\slekey\\entry\\build\\default\\cache\\default\\default@CompileArkTS\\esmodule\\debug',
  aceModuleBuild: 'D:\\SLE-ID\\slekey\\entry\\build\\default\\intermediates\\loader_out\\default\\ets',
  supportChunks: true,
  declaredFilesPath: undefined,
  shouldCollectDirectImportees: false,
  isByteCodeHarOptimize: false,
  expandImportPath: undefined,
  resourceTableTs: 'D:\\SLE-ID\\slekey\\entry\\build\\default\\generated\\r\\default\\ResourceTable.ts',
  moduleMetaInfoFiles: [
    {
      filePath: 'D:\\SLE-ID\\slekey\\entry\\build\\default\\generated\\r\\default\\ResourceTable.ts',
      ohmurl: '&entry/build/generated/r/ResourceTable&'
    }
  ],
  pkgNameToPkgBriefInfo: {
    '@ohos/hypium': {
      pkgRoot: 'D:\\SLE-ID\\slekey\\entry\\oh_modules\\@ohos\\hypium',
      pkgName: '@ohos/hypium',
      sourceRoots: undefined
    },
    entry: {
      pkgRoot: 'D:\\SLE-ID\\slekey\\entry',
      originalSourceRoots: undefined,
      sourceRoots: [Array],
      pkgName: 'entry'
    }
  },
  projectModel: {
    'D:\\SLE-ID\\slekey\\entry\\src\\main': {
      moduleName: 'entry',
      modulePkgPath: 'D:\\SLE-ID\\slekey\\entry',
      belongProjectPath: 'D:\\SLE-ID\\slekey'
    },
    'D:\\SLE-ID\\slekey\\entry': {
      moduleName: 'entry',
      modulePkgPath: 'D:\\SLE-ID\\slekey\\entry',
      belongProjectPath: 'D:\\SLE-ID\\slekey'
    },
    'D:\\SLE-ID\\slekey': {
      moduleName: 'slekey',
      modulePkgPath: 'D:\\SLE-ID\\slekey',
      belongProjectPath: 'D:\\SLE-ID\\slekey'
    }
  },
  pkgJsonFileHash: 'ec6406b50c1f0667f15176d21572c003d2c01d5ebca6edba903080a6bf4e4385',
  allModulePaths: [ 'D:\\SLE-ID\\slekey\\entry' ],
  routerMap: {},
  obfuscationOptions: undefined,
  byteCodeHarToDependencyKeys: undefined,
  compileBlockPkg: [],
  mockParams: {
    decorator: '@MockSetup',
    packageName: '@ohos/hamock',
    etsSourceRootPath: 'src/main/ets',
    mockConfigPath: undefined,
    mockConfigKey2ModuleInfo: {},
    source2ModuleIdMap: {}
  },
  copyCodeResourceEnable: true,
  copyCodeResourceExcludes: [],
  copyCodeResourceIncludes: undefined,
  uiTransformOptimization: false,
  sdkPath: 'C:/Program Files/Huawei/DevEco Studio/sdk',
  needPreloadSoFileSet: {},
  preloadSoFilePath: 'D:\\SLE-ID\\slekey\\entry\\build\\default\\intermediates\\preload\\default\\preload.json',
  useSourceHash: false,
  localModuleParamMap: {},
  otherPaths: {
    'entry/*': [
      '..\\*',
      '..\\..\\..\\build\\default\\generated\\profile\\default\\*'
    ]
  },
  collectImportersConfig: undefined
}
[2026-07-27T00:07:06.868] [DEBUG] debug-file - Compile arkts with external api path: C:\Program Files\Huawei\DevEco Studio\sdk\default\hms\ets
[2026-07-27T00:07:06.870] [DEBUG] debug-file - default@CompileArkTS work[0] is submitted.
[2026-07-27T00:07:06.871] [DEBUG] debug-file - default@CompileArkTS work[0] is pushed to ready queue.
[2026-07-27T00:07:06.871] [DEBUG] debug-file - A work dispatched to worker[23] failed because unable to get work from ready queue.
[2026-07-27T00:07:06.871] [DEBUG] debug-file - A work dispatched to worker[22] failed because unable to get work from ready queue.
[2026-07-27T00:07:06.871] [DEBUG] debug-file - A work dispatched to worker[21] failed because unable to get work from ready queue.
[2026-07-27T00:07:06.871] [DEBUG] debug-file - A work dispatched to worker[20] failed because unable to get work from ready queue.
[2026-07-27T00:07:06.871] [DEBUG] debug-file - A work dispatched to worker[19] failed because unable to get work from ready queue.
[2026-07-27T00:07:06.871] [DEBUG] debug-file - A work dispatched to worker[18] failed because unable to get work from ready queue.
[2026-07-27T00:07:06.871] [DEBUG] debug-file - A work dispatched to worker[17] failed because unable to get work from ready queue.
[2026-07-27T00:07:06.871] [DEBUG] debug-file - A work dispatched to worker[16] failed because unable to get work from ready queue.
[2026-07-27T00:07:06.871] [DEBUG] debug-file - A work dispatched to worker[15] failed because unable to get work from ready queue.
[2026-07-27T00:07:06.871] [DEBUG] debug-file - A work dispatched to worker[14] failed because unable to get work from ready queue.
[2026-07-27T00:07:06.871] [DEBUG] debug-file - A work dispatched to worker[13] failed because unable to get work from ready queue.
[2026-07-27T00:07:06.871] [DEBUG] debug-file - A work dispatched to worker[12] failed because unable to get work from ready queue.
[2026-07-27T00:07:06.871] [DEBUG] debug-file - A work dispatched to worker[11] failed because unable to get work from ready queue.
[2026-07-27T00:07:06.871] [DEBUG] debug-file - A work dispatched to worker[10] failed because unable to get work from ready queue.
[2026-07-27T00:07:06.871] [DEBUG] debug-file - A work dispatched to worker[9] failed because unable to get work from ready queue.
[2026-07-27T00:07:06.871] [DEBUG] debug-file - A work dispatched to worker[8] failed because unable to get work from ready queue.
[2026-07-27T00:07:06.871] [DEBUG] debug-file - A work dispatched to worker[7] failed because unable to get work from ready queue.
[2026-07-27T00:07:06.871] [DEBUG] debug-file - A work dispatched to worker[6] failed because unable to get work from ready queue.
[2026-07-27T00:07:06.871] [DEBUG] debug-file - A work dispatched to worker[5] failed because unable to get work from ready queue.
[2026-07-27T00:07:06.871] [DEBUG] debug-file - Create  resident worker with id: 4.
[2026-07-27T00:07:06.873] [DEBUG] debug-file - default@CompileArkTS work[0] has been dispatched to worker[4].
[2026-07-27T00:07:06.873] [DEBUG] debug-file - default@CompileArkTS work[0] is dispatched.
[2026-07-27T00:07:06.873] [DEBUG] debug-file - CopyResources startTime: 133327229964600
[2026-07-27T00:07:06.873] [DEBUG] debug-file - default@CompileArkTS work[1] is submitted.
[2026-07-27T00:07:06.873] [DEBUG] debug-file - default@CompileArkTS work[1] is pushed to ready queue.
[2026-07-27T00:07:06.873] [DEBUG] debug-file - A work dispatched to worker[23] failed because unable to get work from ready queue.
[2026-07-27T00:07:06.873] [DEBUG] debug-file - Create  resident worker with id: 22.
[2026-07-27T00:07:06.874] [DEBUG] debug-file - default@CompileArkTS work[1] has been dispatched to worker[22].
[2026-07-27T00:07:06.874] [DEBUG] debug-file - default@CompileArkTS work[1] is dispatched.
[2026-07-27T00:07:06.874] [DEBUG] debug-file - entry : default@CompileArkTS cost memory 2.4716110229492188
[2026-07-27T00:07:06.876] [DEBUG] debug-file - Executing task :entry:default@BuildJS
[2026-07-27T00:07:06.876] [DEBUG] debug-file - Task 'entry:default@BuildJS' cost while wrapping incremental declarations: 1 ms 
[2026-07-27T00:07:06.879] [DEBUG] debug-file - entry : default@BuildJS cost memory 0.1562652587890625
[2026-07-27T00:07:06.879] [DEBUG] debug-file - runTaskFromQueue task cost before running: 1 s 983 ms 
[2026-07-27T00:07:06.879] [INFO] debug-file - Finished :entry:default@BuildJS... after 4 ms 
[2026-07-27T00:07:06.880] [DEBUG] debug-file - Executing task :entry:default@CacheNativeLibs
[2026-07-27T00:07:06.881] [DEBUG] debug-file - File: 'D:\SLE-ID\slekey\entry\build\default\intermediates\binxo\default' from 'cacheBinxoNativeLibs' is not exists, just ignore.
[2026-07-27T00:07:06.881] [DEBUG] debug-file - Task 'entry:default@CacheNativeLibs' cost while wrapping incremental declarations: 1 ms 
[2026-07-27T00:07:06.882] [DEBUG] debug-file - Incremental task entry:default@CacheNativeLibs pre-execution cost: 1 ms .
[2026-07-27T00:07:06.882] [DEBUG] debug-file - entry : default@CacheNativeLibs cost memory 0.11862945556640625
[2026-07-27T00:07:06.882] [INFO] debug-file - UP-TO-DATE :entry:default@CacheNativeLibs...  
[2026-07-27T00:07:07.743] [DEBUG] debug-file - worker[22] has one work done.
[2026-07-27T00:07:07.743] [DEBUG] debug-file - CopyResources is end, endTime: 133328099990000
[2026-07-27T00:07:07.743] [DEBUG] debug-file - default@CompileArkTS work[1] done.
[2026-07-27T00:07:07.743] [DEBUG] debug-file - A work dispatched to worker[22] failed because unable to get work from ready queue.
[2026-07-27T00:07:11.532] [WARN] debug-file - [33mWARN: [33m[33mArkTS:WARN: For details about ArkTS syntax errors, see FAQs[39m[39m

[2026-07-27T00:07:11.532] [DEBUG] debug-file - Ark compile task finished.finished time is 133331889362400
[2026-07-27T00:07:11.533] [DEBUG] debug-file - worker[4] has one work done.
[2026-07-27T00:07:11.534] [DEBUG] debug-file - default@CompileArkTS work[0] done.
[2026-07-27T00:07:11.534] [DEBUG] debug-file - A work dispatched to worker[4] failed because unable to get work from ready queue.
[2026-07-27T00:07:11.535] [INFO] debug-file - Finished :entry:default@CompileArkTS... after 2 s 963 ms 
[2026-07-27T00:07:11.536] [DEBUG] debug-file - Executing task :entry:default@GeneratePkgModuleJson
[2026-07-27T00:07:11.536] [DEBUG] debug-file - File: 'D:\SLE-ID\slekey\entry\build\default\intermediates\preload\default\preload.json' from 'preloadSoJsonPath' is not exists, just ignore.
[2026-07-27T00:07:11.537] [DEBUG] debug-file - Error occurs while handling @Input 'shouldDeduplicateHar': The "data" argument must be of type string or an instance of Buffer, TypedArray, or DataView. Received undefined
[2026-07-27T00:07:11.537] [DEBUG] debug-file - Task 'entry:default@GeneratePkgModuleJson' cost while wrapping incremental declarations: 1 ms 
[2026-07-27T00:07:11.537] [DEBUG] debug-file - Incremental task entry:default@GeneratePkgModuleJson pre-execution cost: 1 ms .
[2026-07-27T00:07:11.537] [DEBUG] debug-file - entry : default@GeneratePkgModuleJson cost memory 0.103118896484375
[2026-07-27T00:07:11.538] [INFO] debug-file - UP-TO-DATE :entry:default@GeneratePkgModuleJson...  
[2026-07-27T00:07:11.538] [DEBUG] debug-file - Executing task :entry:default@ProcessCompiledResources
[2026-07-27T00:07:11.538] [DEBUG] debug-file - File: 'D:\SLE-ID\slekey\entry\build\default\intermediates\preload\default\preload.json' from 'preloadSoJsonPath' is not exists, just ignore.
[2026-07-27T00:07:11.538] [DEBUG] debug-file - Task 'entry:default@ProcessCompiledResources' cost while wrapping incremental declarations: 1 ms 
[2026-07-27T00:07:11.539] [DEBUG] debug-file - entry : default@ProcessCompiledResources cost memory 0.06622314453125
[2026-07-27T00:07:11.539] [DEBUG] debug-file - runTaskFromQueue task cost before running: 6 s 642 ms 
[2026-07-27T00:07:11.539] [INFO] debug-file - Finished :entry:default@ProcessCompiledResources... after 1 ms 
[2026-07-27T00:07:11.540] [DEBUG] debug-file - Executing task :entry:default@PackageHap
[2026-07-27T00:07:11.543] [DEBUG] debug-file - entry:default@PackageHap is not up-to-date, since the input file 'D:\SLE-ID\slekey\entry\build\default\intermediates\loader_out\default\ets' has been changed.
[2026-07-27T00:07:11.543] [DEBUG] debug-file - Incremental task entry:default@PackageHap pre-execution cost: 3 ms .
[2026-07-27T00:07:11.544] [DEBUG] debug-file - Use tool [C:\Program Files\Huawei\DevEco Studio\sdk\default\openharmony\toolchains\lib\app_packing_tool.jar]
 [
  'java',
  '-Dfile.encoding=GBK',
  '-jar',
  'C:\\Program Files\\Huawei\\DevEco Studio\\sdk\\default\\openharmony\\toolchains\\lib\\app_packing_tool.jar',
  '--mode',
  'hap',
  '--force',
  'true',
  '--lib-path',
  'D:\\SLE-ID\\slekey\\entry\\build\\default\\intermediates\\stripped_native_libs\\default',
  '--json-path',
  'D:\\SLE-ID\\slekey\\entry\\build\\default\\intermediates\\package\\default\\module.json',
  '--resources-path',
  'D:\\SLE-ID\\slekey\\entry\\build\\default\\intermediates\\res\\default\\resources',
  '--index-path',
  'D:\\SLE-ID\\slekey\\entry\\build\\default\\intermediates\\res\\default\\resources.index',
  '--pack-info-path',
  'D:\\SLE-ID\\slekey\\entry\\build\\default\\outputs\\default\\pack.info',
  '--out-path',
  'D:\\SLE-ID\\slekey\\entry\\build\\default\\outputs\\default\\entry-default-unsigned.hap',
  '--ets-path',
  'D:\\SLE-ID\\slekey\\entry\\build\\default\\intermediates\\loader_out\\default\\ets',
  '--pkg-context-path',
  'D:\\SLE-ID\\slekey\\entry\\build\\default\\intermediates\\loader\\default\\pkgContextInfo.json'
]
[2026-07-27T00:07:11.545] [DEBUG] debug-file - default@PackageHap work[2] is submitted.
[2026-07-27T00:07:11.545] [DEBUG] debug-file - default@PackageHap work[2] is pushed to ready queue.
[2026-07-27T00:07:11.545] [DEBUG] debug-file - A work dispatched to worker[23] failed because unable to get work from ready queue.
[2026-07-27T00:07:11.545] [DEBUG] debug-file - default@PackageHap work[2] has been dispatched to worker[22].
[2026-07-27T00:07:11.545] [DEBUG] debug-file - default@PackageHap work[2] is dispatched.
[2026-07-27T00:07:11.548] [DEBUG] debug-file - entry : default@PackageHap cost memory 0.5571823120117188
[2026-07-27T00:07:11.688] [DEBUG] debug-file - current process  memoryUsage: {
  rss: 720281600,
  heapTotal: 81559552,
  heapUsed: 55173752,
  external: 2436033,
  arrayBuffers: 194356
} os memoryUsage :13.887752532958984
[2026-07-27T00:07:12.062] [DEBUG] debug-file - worker[22] has one work done.
[2026-07-27T00:07:12.062] [DEBUG] debug-file - default@PackageHap work[2] done.
[2026-07-27T00:07:12.063] [DEBUG] debug-file - A work dispatched to worker[22] failed because unable to get work from ready queue.
[2026-07-27T00:07:12.065] [INFO] debug-file - Finished :entry:default@PackageHap... after 384 ms 
[2026-07-27T00:07:12.068] [DEBUG] debug-file - Executing task :entry:default@PackingCheck
[2026-07-27T00:07:12.087] [DEBUG] debug-file - entry : default@PackingCheck cost memory 0.46927642822265625
[2026-07-27T00:07:12.088] [DEBUG] debug-file - runTaskFromQueue task cost before running: 7 s 191 ms 
[2026-07-27T00:07:12.088] [INFO] debug-file - Finished :entry:default@PackingCheck... after 20 ms 
[2026-07-27T00:07:12.090] [DEBUG] debug-file - Executing task :entry:default@SignHap
[2026-07-27T00:07:12.090] [WARN] debug-file - Will skip sign 'hos_hap'. No signingConfigs profile is configured in current project.
             If needed, configure the signingConfigs in D:\SLE-ID\slekey\build-profile.json5.
[2026-07-27T00:07:12.092] [DEBUG] debug-file - entry:default@SignHap is not up-to-date, since the input file 'D:\SLE-ID\slekey\entry\build\default\outputs\default\entry-default-unsigned.hap' has been changed.
[2026-07-27T00:07:12.092] [DEBUG] debug-file - Incremental task entry:default@SignHap pre-execution cost: 2 ms .
[2026-07-27T00:07:12.093] [DEBUG] debug-file - entry : default@SignHap cost memory 0.0900421142578125
[2026-07-27T00:07:12.094] [DEBUG] debug-file - runTaskFromQueue task cost before running: 7 s 197 ms 
[2026-07-27T00:07:12.094] [INFO] debug-file - Finished :entry:default@SignHap... after 4 ms 
[2026-07-27T00:07:12.097] [DEBUG] debug-file - Executing task :entry:default@CollectDebugSymbol
[2026-07-27T00:07:12.099] [DEBUG] debug-file - entry : default@CollectDebugSymbol cost memory 0.2975311279296875
[2026-07-27T00:07:12.099] [DEBUG] debug-file - runTaskFromQueue task cost before running: 7 s 203 ms 
[2026-07-27T00:07:12.100] [INFO] debug-file - Finished :entry:default@CollectDebugSymbol... after 3 ms 
[2026-07-27T00:07:12.101] [DEBUG] debug-file - Executing task :entry:assembleHap
[2026-07-27T00:07:12.102] [DEBUG] debug-file - entry : assembleHap cost memory 0.012786865234375
[2026-07-27T00:07:12.102] [DEBUG] debug-file - runTaskFromQueue task cost before running: 7 s 205 ms 
[2026-07-27T00:07:12.102] [INFO] debug-file - Finished :entry:assembleHap... after 1 ms 
[2026-07-27T00:07:12.126] [INFO] debug-file - BUILD SUCCESSFUL in 7 s 229 ms 
[2026-07-27T00:07:12.128] [DEBUG] debug-file - Update task entry:default@PreBuild input file:D:\SLE-ID\slekey\AppScope\app.json5 cache by regenerate.
[2026-07-27T00:07:12.129] [DEBUG] debug-file - Update task entry:default@PreBuild input file:D:\SLE-ID\slekey\entry\src\main\module.json5 cache by regenerate.
[2026-07-27T00:07:12.129] [DEBUG] debug-file - Update task entry:default@PreBuild input file:D:\SLE-ID\slekey\build-profile.json5 cache by regenerate.
[2026-07-27T00:07:12.130] [DEBUG] debug-file - Update task entry:default@PreBuild input file:D:\SLE-ID\slekey\entry\build-profile.json5 cache by regenerate.
[2026-07-27T00:07:12.130] [DEBUG] debug-file - Update task entry:default@PreBuild input file:D:\SLE-ID\slekey\entry\src\main\resources\base\profile\main_pages.json cache by regenerate.
[2026-07-27T00:07:12.130] [DEBUG] debug-file - Update task entry:default@PreBuild input file:D:\SLE-ID\slekey\hvigor\hvigor-config.json5 cache by regenerate.
[2026-07-27T00:07:12.130] [DEBUG] debug-file - Update task entry:default@PreBuild input file:D:\SLE-ID\slekey\entry\oh-package.json5 cache by regenerate.
[2026-07-27T00:07:12.131] [DEBUG] debug-file - Update task entry:default@PreBuild input file:D:\SLE-ID\slekey\oh-package.json5 cache by regenerate.
[2026-07-27T00:07:12.131] [DEBUG] debug-file - Incremental task entry:default@PreBuild post-execution cost:4 ms .
[2026-07-27T00:07:12.132] [DEBUG] debug-file - Update task entry:default@CreateModuleInfo output file:D:\SLE-ID\slekey\entry\build\default\generated\profile\default\ModuleInfo.ts cache.
[2026-07-27T00:07:12.132] [DEBUG] debug-file - Incremental task entry:default@CreateModuleInfo post-execution cost:1 ms .
[2026-07-27T00:07:12.132] [DEBUG] debug-file - There is no need to refresh cache, since the incremental task entry:default@GenerateMetadata is up-to-date.
[2026-07-27T00:07:12.133] [DEBUG] debug-file - There is no need to refresh cache, since the incremental task entry:default@MergeProfile is up-to-date.
[2026-07-27T00:07:12.133] [DEBUG] debug-file - There is no need to refresh cache, since the incremental task entry:default@CreateBuildProfile is up-to-date.
[2026-07-27T00:07:12.133] [DEBUG] debug-file - There is no need to refresh cache, since the incremental task entry:default@GeneratePkgContextInfo is up-to-date.
[2026-07-27T00:07:12.133] [DEBUG] debug-file - Update task entry:default@GeneratePkgSdkInfo output file:D:\SLE-ID\slekey\entry\build\default\intermediates\loader\default\pkgSdkInfo.json cache.
[2026-07-27T00:07:12.134] [DEBUG] debug-file - Incremental task entry:default@GeneratePkgSdkInfo post-execution cost:1 ms .
[2026-07-27T00:07:12.134] [DEBUG] debug-file - Update task entry:default@ProcessIntegratedHsp output file:D:\SLE-ID\slekey\build\cache\default\integrated_hsp\integratedHspCache.json cache.
[2026-07-27T00:07:12.134] [DEBUG] debug-file - Incremental task entry:default@ProcessIntegratedHsp post-execution cost:1 ms .
[2026-07-27T00:07:12.134] [DEBUG] debug-file - There is no need to refresh cache, since the incremental task entry:default@MakePackInfo is up-to-date.
[2026-07-27T00:07:12.134] [DEBUG] debug-file - Update task entry:default@SyscapTransform input file:C:\Program Files\Huawei\DevEco Studio\sdk\default\openharmony\toolchains\syscap_tool.exe cache by regenerate.
[2026-07-27T00:07:12.135] [DEBUG] debug-file - Update task entry:default@SyscapTransform input file:C:\Program Files\Huawei\DevEco Studio\sdk\default\openharmony\ets\api\device-define cache by regenerate.
[2026-07-27T00:07:12.137] [DEBUG] debug-file - Update task entry:default@SyscapTransform output file:D:\SLE-ID\slekey\entry\build\default\intermediates\syscap\default\rpcid.sc cache.
[2026-07-27T00:07:12.137] [DEBUG] debug-file - Incremental task entry:default@SyscapTransform post-execution cost:3 ms .
[2026-07-27T00:07:12.137] [DEBUG] debug-file - There is no need to refresh cache, since the incremental task entry:default@ProcessProfile is up-to-date.
[2026-07-27T00:07:12.137] [DEBUG] debug-file - There is no need to refresh cache, since the incremental task entry:default@ProcessRouterMap is up-to-date.
[2026-07-27T00:07:12.137] [DEBUG] debug-file - There is no need to refresh cache, since the incremental task entry:default@ProcessShareConfig is up-to-date.
[2026-07-27T00:07:12.138] [DEBUG] debug-file - Update task entry:default@ProcessStartupConfig input file:D:\SLE-ID\slekey\entry\build\default\intermediates\loader\default\pkgContextInfo.json cache by regenerate.
[2026-07-27T00:07:12.138] [DEBUG] debug-file - Update task entry:default@ProcessStartupConfig output file:D:\SLE-ID\slekey\entry\build\default\intermediates\startup\default\startup_config.json cache.
[2026-07-27T00:07:12.138] [DEBUG] debug-file - Incremental task entry:default@ProcessStartupConfig post-execution cost:1 ms .
[2026-07-27T00:07:12.138] [DEBUG] debug-file - There is no need to refresh cache, since the incremental task entry:default@ProcessResource is up-to-date.
[2026-07-27T00:07:12.140] [DEBUG] debug-file - Update task entry:default@GenerateLoaderJson input file:D:\SLE-ID\slekey\entry\build\default\intermediates\loader\default\pkgContextInfo.json cache by regenerate.
[2026-07-27T00:07:12.140] [DEBUG] debug-file - Update task entry:default@GenerateLoaderJson input file:D:\SLE-ID\slekey\entry\build\default\intermediates\router_map\default\temp-router-map.json cache by regenerate.
[2026-07-27T00:07:12.140] [DEBUG] debug-file - Update task entry:default@GenerateLoaderJson output file:D:\SLE-ID\slekey\entry\build\default\intermediates\loader\default\loader.json cache.
[2026-07-27T00:07:12.140] [DEBUG] debug-file - Incremental task entry:default@GenerateLoaderJson post-execution cost:2 ms .
[2026-07-27T00:07:12.140] [DEBUG] debug-file - There is no need to refresh cache, since the incremental task entry:default@ProcessLibs is up-to-date.
[2026-07-27T00:07:12.140] [DEBUG] debug-file - There is no need to refresh cache, since the incremental task entry:default@CompileResource is up-to-date.
[2026-07-27T00:07:12.140] [DEBUG] debug-file - There is no need to refresh cache, since the incremental task entry:default@DoNativeStrip is up-to-date.
[2026-07-27T00:07:12.142] [DEBUG] debug-file - Update task entry:default@CompileArkTS input file:D:\SLE-ID\slekey\entry\build\default\intermediates\loader\default cache from map.
[2026-07-27T00:07:12.143] [DEBUG] debug-file - Update task entry:default@CompileArkTS input file:D:\SLE-ID\slekey\oh_modules\@ohos\hypium\index.js cache by regenerate.
[2026-07-27T00:07:12.143] [DEBUG] debug-file - Update task entry:default@CompileArkTS input file:D:\SLE-ID\slekey\entry\build\default\intermediates\res\default\resources\rawfile cache by regenerate.
[2026-07-27T00:07:12.144] [DEBUG] debug-file - Update task entry:default@CompileArkTS input file:D:\SLE-ID\slekey\entry\build\default\intermediates\res\default\ResourceTable.txt cache by regenerate.
[2026-07-27T00:07:12.144] [DEBUG] debug-file - Update task entry:default@CompileArkTS input file:D:\SLE-ID\slekey\entry\build\default\intermediates\res\default\ark_module.json cache by regenerate.
[2026-07-27T00:07:12.145] [DEBUG] debug-file - Update task entry:default@CompileArkTS input file:D:\SLE-ID\slekey\entry\build\default\intermediates\res\default\resources\base\profile cache by regenerate.
[2026-07-27T00:07:12.145] [DEBUG] debug-file - Update task entry:default@CompileArkTS input file:D:\SLE-ID\slekey\entry\src\main\ets cache by regenerate.
[2026-07-27T00:07:12.150] [DEBUG] debug-file - Update task entry:default@CompileArkTS input file:D:\SLE-ID\slekey\entry\build\default\intermediates\loader\default\pkgContextInfo.json cache by regenerate.
[2026-07-27T00:07:12.150] [DEBUG] debug-file - Update task entry:default@CompileArkTS input file:D:\SLE-ID\slekey\entry\build\default\generated\profile\default\BuildProfile.ets cache by regenerate.
[2026-07-27T00:07:12.151] [DEBUG] debug-file - Update task entry:default@CompileArkTS output file:D:\SLE-ID\slekey\entry\build\default\intermediates\loader_out\default\ets cache.
[2026-07-27T00:07:12.151] [DEBUG] debug-file - Incremental task entry:default@CompileArkTS post-execution cost:11 ms .
[2026-07-27T00:07:12.152] [DEBUG] debug-file - Update task entry:default@BuildJS input file:D:\SLE-ID\slekey\entry\build\default\intermediates\loader\default cache by regenerate.
[2026-07-27T00:07:12.153] [DEBUG] debug-file - Update task entry:default@BuildJS input file:D:\SLE-ID\slekey\oh_modules\@ohos\hypium\index.js cache by regenerate.
[2026-07-27T00:07:12.153] [DEBUG] debug-file - Update task entry:default@BuildJS input file:D:\SLE-ID\slekey\entry\build\default\intermediates\res\default\resources\rawfile cache by regenerate.
[2026-07-27T00:07:12.153] [DEBUG] debug-file - Update task entry:default@BuildJS input file:D:\SLE-ID\slekey\entry\build\default\intermediates\res\default\ResourceTable.txt cache by regenerate.
[2026-07-27T00:07:12.154] [DEBUG] debug-file - Update task entry:default@BuildJS input file:D:\SLE-ID\slekey\entry\build\default\intermediates\res\default\ark_module.json cache by regenerate.
[2026-07-27T00:07:12.154] [DEBUG] debug-file - Update task entry:default@BuildJS input file:D:\SLE-ID\slekey\entry\build\default\intermediates\res\default\resources\base\profile cache by regenerate.
[2026-07-27T00:07:12.154] [DEBUG] debug-file - Update task entry:default@BuildJS input file:D:\SLE-ID\slekey\entry\build\default\intermediates\loader\default\pkgContextInfo.json cache by regenerate.
[2026-07-27T00:07:12.155] [DEBUG] debug-file - Update task entry:default@BuildJS output file:D:\SLE-ID\slekey\entry\build\default\intermediates\loader_out\default\js cache.
[2026-07-27T00:07:12.155] [DEBUG] debug-file - Incremental task entry:default@BuildJS post-execution cost:4 ms .
[2026-07-27T00:07:12.155] [DEBUG] debug-file - There is no need to refresh cache, since the incremental task entry:default@CacheNativeLibs is up-to-date.
[2026-07-27T00:07:12.155] [DEBUG] debug-file - There is no need to refresh cache, since the incremental task entry:default@GeneratePkgModuleJson is up-to-date.
[2026-07-27T00:07:12.155] [DEBUG] debug-file - Incremental task entry:default@ProcessCompiledResources post-execution cost:1 ms .
[2026-07-27T00:07:12.156] [DEBUG] debug-file - Update task entry:default@PackageHap input file:D:\SLE-ID\slekey\entry\build\default\intermediates\stripped_native_libs\default cache by regenerate.
[2026-07-27T00:07:12.156] [DEBUG] debug-file - Update task entry:default@PackageHap input file:D:\SLE-ID\slekey\entry\build\default\intermediates\res\default\module.json cache by regenerate.
[2026-07-27T00:07:12.156] [DEBUG] debug-file - Update task entry:default@PackageHap input file:D:\SLE-ID\slekey\entry\build\default\intermediates\res\default\resources cache by regenerate.
[2026-07-27T00:07:12.157] [DEBUG] debug-file - Update task entry:default@PackageHap input file:D:\SLE-ID\slekey\entry\build\default\intermediates\res\default\resources.index cache by regenerate.
[2026-07-27T00:07:12.157] [DEBUG] debug-file - Update task entry:default@PackageHap input file:D:\SLE-ID\slekey\entry\build\default\outputs\default\pack.info cache by regenerate.
[2026-07-27T00:07:12.158] [DEBUG] debug-file - Update task entry:default@PackageHap input file:D:\SLE-ID\slekey\entry\build\default\intermediates\loader_out\default\ets cache from map.
[2026-07-27T00:07:12.158] [DEBUG] debug-file - Update task entry:default@PackageHap input file:D:\SLE-ID\slekey\entry\build\default\intermediates\loader\default\pkgContextInfo.json cache by regenerate.
[2026-07-27T00:07:12.158] [DEBUG] debug-file - Update task entry:default@PackageHap input file:D:\SLE-ID\slekey\entry\build\default\intermediates\loader_out\default\ets\sourceMaps.map cache by regenerate.
[2026-07-27T00:07:12.158] [DEBUG] debug-file - Update task entry:default@PackageHap input file:D:\SLE-ID\slekey\entry\build\default\generated\profile\default\BuildProfile.ets cache by regenerate.
[2026-07-27T00:07:12.158] [DEBUG] debug-file - Update task entry:default@PackageHap output file:D:\SLE-ID\slekey\entry\build\default\outputs\default\entry-default-unsigned.hap cache.
[2026-07-27T00:07:12.158] [DEBUG] debug-file - Update task entry:default@PackageHap output file:D:\SLE-ID\slekey\entry\build\default\intermediates\source_map\default\sourceMaps.map cache.
[2026-07-27T00:07:12.159] [DEBUG] debug-file - Update task entry:default@PackageHap output file:D:\SLE-ID\slekey\entry\build\default\outputs\default\mapping\sourceMaps.map cache.
[2026-07-27T00:07:12.159] [DEBUG] debug-file - Incremental task entry:default@PackageHap post-execution cost:4 ms .
[2026-07-27T00:07:12.159] [DEBUG] debug-file - Update task entry:default@SignHap input file:D:\SLE-ID\slekey\entry\build\default\outputs\default\entry-default-unsigned.hap cache from map.
[2026-07-27T00:07:12.159] [DEBUG] debug-file - Update task entry:default@SignHap output file:D:\SLE-ID\slekey\entry\build\default\outputs\default\entry-default-signed.hap cache.
[2026-07-27T00:07:12.159] [DEBUG] debug-file - Incremental task entry:default@SignHap post-execution cost:1 ms .
[2026-07-27T00:07:12.159] [DEBUG] debug-file - Update task entry:default@CollectDebugSymbol input file:D:\SLE-ID\slekey\entry\build\default\intermediates\loader_out\default\ets\sourceMaps.map cache by regenerate.
[2026-07-27T00:07:12.159] [DEBUG] debug-file - Update task entry:default@CollectDebugSymbol input file:D:\SLE-ID\slekey\entry\build\default\intermediates\libs\default cache by regenerate.
[2026-07-27T00:07:12.160] [DEBUG] debug-file - Update task entry:default@CollectDebugSymbol output file:D:\SLE-ID\slekey\entry\build\default\outputs\default\symbol cache.
[2026-07-27T00:07:12.160] [DEBUG] debug-file - Incremental task entry:default@CollectDebugSymbol post-execution cost:1 ms .
[2026-07-27T00:07:12.194] [DEBUG] debug-file - Cleanup worker 0.
[2026-07-27T00:07:12.194] [DEBUG] debug-file - Worker 0 has been cleaned up.
[2026-07-27T00:07:12.194] [DEBUG] debug-file - Current idle worker size: 3.
[2026-07-27T00:07:12.194] [DEBUG] debug-file - Current resident worker size: 4.
[2026-07-27T00:07:12.194] [DEBUG] debug-file - Cleanup worker 1.
[2026-07-27T00:07:12.194] [DEBUG] debug-file - Worker 1 has been cleaned up.
[2026-07-27T00:07:12.194] [DEBUG] debug-file - Current idle worker size: 2.
[2026-07-27T00:07:12.194] [DEBUG] debug-file - Current resident worker size: 4.
[2026-07-27T00:07:12.194] [DEBUG] debug-file - Cleanup worker 22.
[2026-07-27T00:07:12.194] [DEBUG] debug-file - Worker 22 has been cleaned up.
[2026-07-27T00:07:12.194] [DEBUG] debug-file - Current idle worker size: 1.
[2026-07-27T00:07:12.194] [DEBUG] debug-file - Current resident worker size: 4.
[2026-07-27T00:07:12.195] [DEBUG] debug-file - hvigor build process will be closed.
[2026-07-27T00:07:12.200] [DEBUG] debug-file - session manager: send message to worker process.
[2026-07-27T00:07:12.200] [DEBUG] debug-file - session manager: send message to worker process.
[2026-07-27T00:07:12.199] [DEBUG] debug-file - watch worker: worker id should be larger than 0. Nothing will be sent to any worker thread.
[2026-07-27T00:07:12.200] [DEBUG] debug-file - worker[1] exits with exit code 1.
[2026-07-27T00:07:12.200] [DEBUG] debug-file - worker[0] exits with exit code 1.
[2026-07-27T00:07:12.201] [DEBUG] debug-file - watch worker: worker id should be larger than 0. Nothing will be sent to any worker thread.
[2026-07-27T00:07:12.207] [DEBUG] debug-file - worker[22] exits with exit code 1.
[2026-07-27T01:11:11.455] [DEBUG] debug-file - env: nodejsVersion=v24.16.0
[2026-07-27T01:11:11.516] [WARN] debug-file - 'C:\Windows\System32\wbem\wmic' 不是内部或外部命令，也不是可运行的程序
或批处理文件。

[2026-07-27T01:11:11.455] [DEBUG] debug-file - env: hvigor-config.json5 content = {
  modelVersion: '5.0.0',
  dependencies: {},
  execution: {},
  logging: {},
  debugging: {},
  nodeOptions: {}
}
[2026-07-27T01:11:12.328] [DEBUG] debug-file - env: daemon=true
[2026-07-27T01:11:12.820] [DEBUG] debug-file - hvigor java daemon: Starting java daemon. jvmXmxValue=512m, jarPath=C:\Program Files\Huawei\DevEco Studio\tools\hvigor\hvigor\lib\hvigor-java-daemon.jar
[2026-07-27T01:11:12.821] [DEBUG] debug-file - hvigor java daemon: Read cache file, 
    port=45050, pid=15400, sessionId exists=true
[2026-07-27T01:11:12.855] [DEBUG] debug-file - hvigor java daemon: tryConnect success
[2026-07-27T01:11:12.874] [DEBUG] debug-file - session manager: set active socket. socketId=1xDvLaTYNnyyh-P_AAAB
[2026-07-27T01:11:13.265] [DEBUG] debug-file - watch worker: worker id should be larger than 0. Nothing will be sent to any worker thread.
[2026-07-27T01:11:13.268] [DEBUG] debug-file - Since there is no instance or instance is terminated, create a new worker pool.
[2026-07-27T01:11:13.268] [DEBUG] debug-file - Worker pool is initialized with config:  {
  minPoolNum: 2,
  maxPoolNum: undefined,
  maxCoreSize: undefined,
  cacheCapacity: undefined,
  cacheTtl: undefined
}
[2026-07-27T01:11:13.269] [DEBUG] debug-file - Create  resident worker with id: 0.
[2026-07-27T01:11:13.271] [DEBUG] debug-file - Create  resident worker with id: 1.
[2026-07-27T01:11:13.272] [DEBUG] debug-file - Workers' log level updated to INFO
[2026-07-27T01:11:13.280] [DEBUG] debug-file - Hvigor init with startParameters:{
  hvigorfileTypeCheck: false,
  parallelExecution: true,
  incrementalExecution: true,
  printStackTrace: false,
  daemon: true,
  analyze: 0,
  logLevel: Level { level: 20000, levelStr: 'INFO', colour: 'green' },
  optimizationStrategy: 'memory',
  hotCompile: undefined,
  hotReloadBuild: undefined,
  customizedParam: undefined
}
[2026-07-27T01:11:13.286] [DEBUG] debug-file - Cache service initialization finished in 7 ms 
[2026-07-27T01:11:13.288] [DEBUG] debug-file - hvigorfile, resolving D:\SLE-ID\slekey\hvigorfile.ts
[2026-07-27T01:11:14.624] [DEBUG] debug-file - hvigorfile, require result:  { default: { plugins: [] } }
[2026-07-27T01:11:14.625] [DEBUG] debug-file - hvigorfile, binding system plugins null
[2026-07-27T01:11:14.625] [DEBUG] debug-file - Starting plugin build process
[2026-07-27T01:11:14.625] [DEBUG] debug-file - App plugin prepare start...
[2026-07-27T01:11:14.625] [DEBUG] debug-file - App plugin prepare end...
[2026-07-27T01:11:14.625] [DEBUG] debug-file - App plugin creating...
[2026-07-27T01:11:14.740] [DEBUG] debug-file - App plugin register hook start...
[2026-07-27T01:11:14.740] [DEBUG] debug-file - App plugin register hook end...
[2026-07-27T01:11:14.740] [DEBUG] debug-file - Plugin build process completed
[2026-07-27T01:11:14.741] [DEBUG] debug-file - Start initialize project's product build option map with build mode debug.
[2026-07-27T01:11:14.741] [DEBUG] debug-file - Picking option from product 'default' with build mode 'debug'.
[2026-07-27T01:11:14.742] [DEBUG] debug-file - Product 'default' build option initialized
[2026-07-27T01:11:14.742] [DEBUG] debug-file - End initialize project's product build option map with build mode 'debug'.
[2026-07-27T01:11:14.743] [DEBUG] debug-file - Obtain build option for product 'default'in this build.
[2026-07-27T01:11:14.744] [DEBUG] debug-file - No signingConfig found, initRemoteHspCache failed.
[2026-07-27T01:11:14.746] [DEBUG] debug-file - Local scan or download HarmonyOS sdk components toolchains,ets,js,native,previewer
[2026-07-27T01:11:14.747] [DEBUG] debug-file - Local scan or download hmscore sdk components toolchains,ets,native
[2026-07-27T01:11:14.749] [DEBUG] debug-file - Start recording SDK configuration permission data.
[2026-07-27T01:11:14.772] [DEBUG] debug-file - Sdk init in 27 ms 
[2026-07-27T01:11:14.776] [DEBUG] debug-file - Project task initialization takes 4 ms 
[2026-07-27T01:11:14.776] [DEBUG] debug-file - hvigorfile, begin to bind custom plugins...
[2026-07-27T01:11:14.776] [DEBUG] debug-file - hvigorfile, no custom plugins were found in D:\SLE-ID\slekey\hvigorfile.ts
[2026-07-27T01:11:14.776] [DEBUG] debug-file - hvigorfile, resolve finished D:\SLE-ID\slekey\hvigorfile.ts
[2026-07-27T01:11:14.777] [DEBUG] debug-file - hvigorfile, resolving D:\SLE-ID\slekey\entry\hvigorfile.ts
[2026-07-27T01:11:14.784] [DEBUG] debug-file - hvigorfile, require result:  { default: { plugins: [] } }
[2026-07-27T01:11:14.784] [DEBUG] debug-file - hvigorfile, binding system plugins null
[2026-07-27T01:11:14.784] [DEBUG] debug-file - Starting plugin build process
[2026-07-27T01:11:14.785] [DEBUG] debug-file - Hap plugin creating...
[2026-07-27T01:11:14.785] [DEBUG] debug-file - failed to load cangjie to dynamically generate schemas: Error: Cannot find module '@ohos/cangjie-build-support/index'
Require stack:
- C:\Program Files\Huawei\DevEco Studio\tools\hvigor\hvigor-ohos-plugin\src\plugin\hooks\cangjie-register.js
- C:\Program Files\Huawei\DevEco Studio\tools\hvigor\hvigor-ohos-plugin\src\plugin\strategy\stage-init-strategy.js
- C:\Program Files\Huawei\DevEco Studio\tools\hvigor\hvigor-ohos-plugin\src\plugin\builder\abstract-plugin-builder.js
- C:\Program Files\Huawei\DevEco Studio\tools\hvigor\hvigor-ohos-plugin\src\plugin\builder\app-plugin-builder.js
- C:\Program Files\Huawei\DevEco Studio\tools\hvigor\hvigor-ohos-plugin\src\plugin\factory\plugin-factory.js
- C:\Program Files\Huawei\DevEco Studio\tools\hvigor\hvigor-ohos-plugin\index.js
- D:\SLE-ID\slekey\hvigorfile.ts
- C:\Program Files\Huawei\DevEco Studio\tools\hvigor\hvigor\src\base\internal\lifecycle\configuration.js
- C:\Program Files\Huawei\DevEco Studio\tools\hvigor\hvigor\src\base\boot\index.js
- C:\Program Files\Huawei\DevEco Studio\tools\hvigor\hvigor\src\base\daemon\cluster\worker-process-lifecycle.js
- C:\Program Files\Huawei\DevEco Studio\tools\hvigor\hvigor\src\base\daemon\process\daemon-process-boot-script.js
[2026-07-27T01:11:14.792] [DEBUG] debug-file - Start initialize module-target build option map, moduleName=entry, buildMode=debug
[2026-07-27T01:11:14.793] [DEBUG] debug-file - Target 'default' config initialized
[2026-07-27T01:11:14.793] [DEBUG] debug-file - Module 'entry' target 'default' build option initialized
[2026-07-27T01:11:14.793] [DEBUG] debug-file - End initialize module-target build option map, moduleName=entry
[2026-07-27T01:11:14.793] [DEBUG] debug-file - Start initialize module-target build option map, moduleName=entry, buildMode=release
[2026-07-27T01:11:14.793] [DEBUG] debug-file - Target 'default' config initialized
[2026-07-27T01:11:14.793] [DEBUG] debug-file - Module 'entry' target 'default' build option initialized
[2026-07-27T01:11:14.794] [DEBUG] debug-file - End initialize module-target build option map, moduleName=entry
[2026-07-27T01:11:14.794] [DEBUG] debug-file - Start initialize module-target build option map, moduleName=entry, buildMode=debug
[2026-07-27T01:11:14.794] [DEBUG] debug-file - Target 'default' config initialized
[2026-07-27T01:11:14.794] [DEBUG] debug-file - Module 'entry' target 'default' build option initialized
[2026-07-27T01:11:14.794] [DEBUG] debug-file - End initialize module-target build option map, moduleName=entry
[2026-07-27T01:11:14.794] [DEBUG] debug-file - Obtain build option for module 'entry' target 'default'in this build.
[2026-07-27T01:11:14.797] [DEBUG] debug-file - Module entry task initialization takes 3 ms 
[2026-07-27T01:11:14.797] [DEBUG] debug-file - Hap plugin register hook start...
[2026-07-27T01:11:14.797] [DEBUG] debug-file - Hap plugin register hook end...
[2026-07-27T01:11:14.797] [DEBUG] debug-file - Plugin build process completed
[2026-07-27T01:11:14.797] [DEBUG] debug-file - hvigorfile, begin to bind custom plugins...
[2026-07-27T01:11:14.797] [DEBUG] debug-file - hvigorfile, no custom plugins were found in D:\SLE-ID\slekey\entry\hvigorfile.ts
[2026-07-27T01:11:14.797] [DEBUG] debug-file - hvigorfile, resolve finished D:\SLE-ID\slekey\entry\hvigorfile.ts
[2026-07-27T01:11:14.840] [DEBUG] debug-file - hvigorfile, resolve hvigorfile dependencies in 42 ms 
[2026-07-27T01:11:14.840] [DEBUG] debug-file - project has submodules:entry
[2026-07-27T01:11:14.841] [DEBUG] debug-file - start to load updatedOhPackageInfo to the disk
[2026-07-27T01:11:14.842] [DEBUG] debug-file - load to the disk finished
[2026-07-27T01:11:14.843] [DEBUG] debug-file - Start to initialize dependency information.
[2026-07-27T01:11:14.846] [DEBUG] debug-file - Module slekey Collected Dependency: D:\SLE-ID\slekey\oh_modules\@ohos\hypium
[2026-07-27T01:11:14.846] [DEBUG] debug-file - Module slekey's total dependency: 1
[2026-07-27T01:11:14.847] [DEBUG] debug-file - Start to initialize dependency information.
[2026-07-27T01:11:14.849] [DEBUG] debug-file - Module entry Collected Dependency: D:\SLE-ID\slekey\oh_modules\@ohos\hypium
[2026-07-27T01:11:14.849] [DEBUG] debug-file - Module entry's total dependency: 1
[2026-07-27T01:11:14.853] [DEBUG] debug-file - Configuration phase cost:1 s 567 ms 
[2026-07-27T01:11:14.854] [DEBUG] debug-file - Configuration task cost before running: 1 s 581 ms 
[2026-07-27T01:11:14.858] [DEBUG] debug-file - Executing task :entry:default@PreBuild
[2026-07-27T01:11:14.859] [DEBUG] debug-file - Task 'entry:default@PreBuild' cost while wrapping incremental declarations: 1 ms 
[2026-07-27T01:11:14.862] [DEBUG] debug-file - entry:default@PreBuild is not up-to-date, since the task snapshots are different.
[2026-07-27T01:11:14.862] [DEBUG] debug-file - Incremental task entry:default@PreBuild pre-execution cost: 3 ms .
[2026-07-27T01:11:14.940] [DEBUG] debug-file - current product is not Atomic service.
[2026-07-27T01:11:14.940] [DEBUG] debug-file - Use tool [win32: JAVA_HOME, CLASSPATH]
 [
  { JAVA_HOME: 'C:\\Program Files\\Huawei\\DevEco Studio\\jbr' },
  { CLASSPATH: undefined }
]
[2026-07-27T01:11:14.940] [DEBUG] debug-file - Use tool [win32: NODE_HOME]
 [
  {
    NODE_HOME: 'C:\\Program Files\\Huawei\\DevEco Studio\\tools\\node'
  }
]
[2026-07-27T01:11:14.941] [DEBUG] debug-file - entry : default@PreBuild cost memory 0.29792022705078125
[2026-07-27T01:11:14.941] [DEBUG] debug-file - runTaskFromQueue task cost before running: 1 s 668 ms 
[2026-07-27T01:11:14.942] [INFO] debug-file - Finished :entry:default@PreBuild... after 84 ms 
[2026-07-27T01:11:14.942] [DEBUG] debug-file - Executing task :entry:default@CreateModuleInfo
[2026-07-27T01:11:14.943] [DEBUG] debug-file - Task 'entry:default@CreateModuleInfo' cost while wrapping incremental declarations: 1 ms 
[2026-07-27T01:11:14.943] [DEBUG] debug-file - entry : default@CreateModuleInfo cost memory 0.04596710205078125
[2026-07-27T01:11:14.943] [DEBUG] debug-file - runTaskFromQueue task cost before running: 1 s 670 ms 
[2026-07-27T01:11:14.943] [INFO] debug-file - Finished :entry:default@CreateModuleInfo... after 1 ms 
[2026-07-27T01:11:14.944] [DEBUG] debug-file - Executing task :entry:default@GenerateMetadata
[2026-07-27T01:11:14.944] [DEBUG] debug-file - Task 'entry:default@GenerateMetadata' cost while wrapping incremental declarations: 1 ms 
[2026-07-27T01:11:14.945] [DEBUG] debug-file - Incremental task entry:default@GenerateMetadata pre-execution cost: 1 ms .
[2026-07-27T01:11:14.945] [DEBUG] debug-file - entry : default@GenerateMetadata cost memory 0.13202667236328125
[2026-07-27T01:11:14.945] [INFO] debug-file - UP-TO-DATE :entry:default@GenerateMetadata...  
[2026-07-27T01:11:14.946] [DEBUG] debug-file - Executing task :entry:default@ConfigureCmake
[2026-07-27T01:11:14.946] [DEBUG] debug-file - entry : default@ConfigureCmake cost memory 0.01457977294921875
[2026-07-27T01:11:14.946] [DEBUG] debug-file - runTaskFromQueue task cost before running: 1 s 673 ms 
[2026-07-27T01:11:14.946] [INFO] debug-file - Finished :entry:default@ConfigureCmake... after 1 ms 
[2026-07-27T01:11:14.946] [DEBUG] debug-file - Executing task :entry:default@MergeProfile
[2026-07-27T01:11:14.947] [DEBUG] debug-file - Task 'entry:default@MergeProfile' cost while wrapping incremental declarations: 1 ms 
[2026-07-27T01:11:14.948] [DEBUG] debug-file - Incremental task entry:default@MergeProfile pre-execution cost: 1 ms .
[2026-07-27T01:11:14.948] [DEBUG] debug-file - entry : default@MergeProfile cost memory 0.5135726928710938
[2026-07-27T01:11:14.948] [INFO] debug-file - UP-TO-DATE :entry:default@MergeProfile...  
[2026-07-27T01:11:14.949] [DEBUG] debug-file - Executing task :entry:default@CreateBuildProfile
[2026-07-27T01:11:14.949] [DEBUG] debug-file - Task 'entry:default@CreateBuildProfile' cost while wrapping incremental declarations: 1 ms 
[2026-07-27T01:11:14.949] [DEBUG] debug-file - Incremental task entry:default@CreateBuildProfile pre-execution cost: 1 ms .
[2026-07-27T01:11:14.950] [DEBUG] debug-file - entry : default@CreateBuildProfile cost memory 0.111785888671875
[2026-07-27T01:11:14.950] [INFO] debug-file - UP-TO-DATE :entry:default@CreateBuildProfile...  
[2026-07-27T01:11:14.950] [DEBUG] debug-file - Executing task :entry:default@PreCheckSyscap
[2026-07-27T01:11:14.951] [DEBUG] debug-file - entry : default@PreCheckSyscap cost memory 0.01708984375
[2026-07-27T01:11:14.951] [DEBUG] debug-file - runTaskFromQueue task cost before running: 1 s 678 ms 
[2026-07-27T01:11:14.951] [INFO] debug-file - Finished :entry:default@PreCheckSyscap... after 1 ms 
[2026-07-27T01:11:14.951] [DEBUG] debug-file - Executing task :entry:default@GeneratePkgContextInfo
[2026-07-27T01:11:14.957] [DEBUG] debug-file - Task 'entry:default@GeneratePkgContextInfo' cost while wrapping incremental declarations: 1 ms 
[2026-07-27T01:11:14.957] [DEBUG] debug-file - Incremental task entry:default@GeneratePkgContextInfo pre-execution cost: 1 ms .
[2026-07-27T01:11:14.957] [DEBUG] debug-file - entry : default@GeneratePkgContextInfo cost memory 0.5034027099609375
[2026-07-27T01:11:14.957] [INFO] debug-file - UP-TO-DATE :entry:default@GeneratePkgContextInfo...  
[2026-07-27T01:11:14.958] [DEBUG] debug-file - Executing task :entry:default@GeneratePkgSdkInfo
[2026-07-27T01:11:14.959] [DEBUG] debug-file - Dependency key: @ohos/hypium already exists, current dependency listed in devDependencies will be ignored.
[2026-07-27T01:11:14.959] [DEBUG] debug-file - Task 'entry:default@GeneratePkgSdkInfo' cost while wrapping incremental declarations: 1 ms 
[2026-07-27T01:11:14.959] [DEBUG] debug-file - entry : default@GeneratePkgSdkInfo cost memory 0.0828399658203125
[2026-07-27T01:11:14.959] [DEBUG] debug-file - runTaskFromQueue task cost before running: 1 s 687 ms 
[2026-07-27T01:11:14.959] [INFO] debug-file - Finished :entry:default@GeneratePkgSdkInfo... after 2 ms 
[2026-07-27T01:11:14.961] [DEBUG] debug-file - Executing task :entry:default@ProcessIntegratedHsp
[2026-07-27T01:11:14.961] [DEBUG] debug-file - entry:default@ProcessIntegratedHsp is not up-to-date, since the output file 'D:\SLE-ID\slekey\build\cache\default\integrated_hsp\integratedHspCache.json' does not exist.
[2026-07-27T01:11:14.962] [DEBUG] debug-file - Incremental task entry:default@ProcessIntegratedHsp pre-execution cost: 1 ms .
[2026-07-27T01:11:14.962] [DEBUG] debug-file - entry : default@ProcessIntegratedHsp cost memory 0.0524749755859375
[2026-07-27T01:11:14.962] [DEBUG] debug-file - runTaskFromQueue task cost before running: 1 s 689 ms 
[2026-07-27T01:11:14.962] [INFO] debug-file - Finished :entry:default@ProcessIntegratedHsp... after 1 ms 
[2026-07-27T01:11:14.962] [DEBUG] debug-file - Executing task :entry:default@BuildNativeWithCmake
[2026-07-27T01:11:14.962] [DEBUG] debug-file - entry : default@BuildNativeWithCmake cost memory 0.0149688720703125
[2026-07-27T01:11:14.963] [DEBUG] debug-file - runTaskFromQueue task cost before running: 1 s 690 ms 
[2026-07-27T01:11:14.963] [INFO] debug-file - Finished :entry:default@BuildNativeWithCmake... after 1 ms 
[2026-07-27T01:11:14.963] [DEBUG] debug-file - Executing task :entry:default@MakePackInfo
[2026-07-27T01:11:14.964] [DEBUG] debug-file - Incremental task entry:default@MakePackInfo pre-execution cost: 1 ms .
[2026-07-27T01:11:14.964] [DEBUG] debug-file - entry : default@MakePackInfo cost memory 0.13311004638671875
[2026-07-27T01:11:14.964] [INFO] debug-file - UP-TO-DATE :entry:default@MakePackInfo...  
[2026-07-27T01:11:14.965] [DEBUG] debug-file - Executing task :entry:default@SyscapTransform
[2026-07-27T01:11:14.965] [DEBUG] debug-file - File: 'D:\SLE-ID\slekey\entry\src\main\syscap.json' from 'sysCapJsonPath' is not exists, just ignore.
[2026-07-27T01:11:14.966] [DEBUG] debug-file - Task 'entry:default@SyscapTransform' cost while wrapping incremental declarations: 1 ms 
[2026-07-27T01:11:14.974] [DEBUG] debug-file - entry:default@SyscapTransform is not up-to-date, since the output file 'D:\SLE-ID\slekey\entry\build\default\intermediates\syscap\default\rpcid.sc' does not exist.
[2026-07-27T01:11:14.974] [DEBUG] debug-file - Incremental task entry:default@SyscapTransform pre-execution cost: 9 ms .
[2026-07-27T01:11:14.975] [DEBUG] debug-file - entry : default@SyscapTransform cost memory 0.150299072265625
[2026-07-27T01:11:14.975] [DEBUG] debug-file - runTaskFromQueue task cost before running: 1 s 702 ms 
[2026-07-27T01:11:14.975] [INFO] debug-file - Finished :entry:default@SyscapTransform... after 10 ms 
[2026-07-27T01:11:14.976] [DEBUG] debug-file - Executing task :entry:default@ProcessProfile
[2026-07-27T01:11:14.978] [DEBUG] debug-file - Task 'entry:default@ProcessProfile' cost while wrapping incremental declarations: 1 ms 
[2026-07-27T01:11:14.978] [DEBUG] debug-file - Incremental task entry:default@ProcessProfile pre-execution cost: 1 ms .
[2026-07-27T01:11:14.978] [DEBUG] debug-file - entry : default@ProcessProfile cost memory 0.14892578125
[2026-07-27T01:11:14.978] [INFO] debug-file - UP-TO-DATE :entry:default@ProcessProfile...  
[2026-07-27T01:11:14.979] [DEBUG] debug-file - Executing task :entry:default@ProcessRouterMap
[2026-07-27T01:11:14.980] [DEBUG] debug-file - Incremental task entry:default@ProcessRouterMap pre-execution cost: 1 ms .
[2026-07-27T01:11:14.980] [DEBUG] debug-file - entry : default@ProcessRouterMap cost memory 0.14676666259765625
[2026-07-27T01:11:14.980] [INFO] debug-file - UP-TO-DATE :entry:default@ProcessRouterMap...  
[2026-07-27T01:11:14.981] [DEBUG] debug-file - Executing task :entry:default@ProcessShareConfig
[2026-07-27T01:11:14.982] [DEBUG] debug-file - Incremental task entry:default@ProcessShareConfig pre-execution cost: 1 ms .
[2026-07-27T01:11:14.982] [DEBUG] debug-file - entry : default@ProcessShareConfig cost memory 0.1346282958984375
[2026-07-27T01:11:14.982] [INFO] debug-file - UP-TO-DATE :entry:default@ProcessShareConfig...  
[2026-07-27T01:11:14.983] [DEBUG] debug-file - Executing task :entry:default@ProcessStartupConfig
[2026-07-27T01:11:14.983] [DEBUG] debug-file - Task 'entry:default@ProcessStartupConfig' cost while wrapping incremental declarations: 1 ms 
[2026-07-27T01:11:14.983] [DEBUG] debug-file - entry:default@ProcessStartupConfig is not up-to-date, since the output file 'D:\SLE-ID\slekey\entry\build\default\intermediates\startup\default\startup_config.json' does not exist.
[2026-07-27T01:11:14.983] [DEBUG] debug-file - Incremental task entry:default@ProcessStartupConfig pre-execution cost: 1 ms .
[2026-07-27T01:11:14.984] [DEBUG] debug-file - entry : default@ProcessStartupConfig cost memory 0.1251983642578125
[2026-07-27T01:11:14.984] [DEBUG] debug-file - runTaskFromQueue task cost before running: 1 s 712 ms 
[2026-07-27T01:11:14.984] [INFO] debug-file - Finished :entry:default@ProcessStartupConfig... after 2 ms 
[2026-07-27T01:11:14.985] [DEBUG] debug-file - Executing task :entry:default@BuildNativeWithNinja
[2026-07-27T01:11:14.985] [DEBUG] debug-file - entry : default@BuildNativeWithNinja cost memory 0.0207366943359375
[2026-07-27T01:11:14.985] [DEBUG] debug-file - runTaskFromQueue task cost before running: 1 s 713 ms 
[2026-07-27T01:11:14.985] [INFO] debug-file - Finished :entry:default@BuildNativeWithNinja... after 1 ms 
[2026-07-27T01:11:14.986] [DEBUG] debug-file - restool module names: entry; moduleName=entry, taskName=default@ProcessResource
[2026-07-27T01:11:14.987] [DEBUG] debug-file - Executing task :entry:default@ProcessResource
[2026-07-27T01:11:14.988] [DEBUG] debug-file - Task 'entry:default@ProcessResource' cost while wrapping incremental declarations: 1 ms 
[2026-07-27T01:11:14.988] [DEBUG] debug-file - Incremental task entry:default@ProcessResource pre-execution cost: 1 ms .
[2026-07-27T01:11:14.988] [DEBUG] debug-file - entry : default@ProcessResource cost memory 0.13008880615234375
[2026-07-27T01:11:14.989] [INFO] debug-file - UP-TO-DATE :entry:default@ProcessResource...  
[2026-07-27T01:11:14.990] [DEBUG] debug-file - Executing task :entry:default@GenerateLoaderJson
[2026-07-27T01:11:14.991] [DEBUG] debug-file - Task 'entry:default@GenerateLoaderJson' cost while wrapping incremental declarations: 1 ms 
[2026-07-27T01:11:14.995] [DEBUG] debug-file - Incremental task entry:default@GenerateLoaderJson pre-execution cost: 2 ms .
[2026-07-27T01:11:14.995] [DEBUG] debug-file - entry : default@GenerateLoaderJson cost memory 0.511444091796875
[2026-07-27T01:11:14.996] [INFO] debug-file - UP-TO-DATE :entry:default@GenerateLoaderJson...  
[2026-07-27T01:11:14.997] [DEBUG] debug-file - Executing task :entry:default@ProcessLibs
[2026-07-27T01:11:14.999] [DEBUG] debug-file - Incremental task entry:default@ProcessLibs pre-execution cost: 1 ms .
[2026-07-27T01:11:14.999] [DEBUG] debug-file - entry : default@ProcessLibs cost memory 0.172760009765625
[2026-07-27T01:11:14.999] [INFO] debug-file - UP-TO-DATE :entry:default@ProcessLibs...  
[2026-07-27T01:11:14.999] [DEBUG] debug-file - restool module names: entry; moduleName=entry, taskName=default@CompileResource
[2026-07-27T01:11:15.000] [DEBUG] debug-file - Executing task :entry:default@CompileResource
[2026-07-27T01:11:15.004] [DEBUG] debug-file - Incremental task entry:default@CompileResource pre-execution cost: 3 ms .
[2026-07-27T01:11:15.004] [DEBUG] debug-file - entry : default@CompileResource cost memory 0.47960662841796875
[2026-07-27T01:11:15.004] [INFO] debug-file - UP-TO-DATE :entry:default@CompileResource...  
[2026-07-27T01:11:15.005] [DEBUG] debug-file - Executing task :entry:default@DoNativeStrip
[2026-07-27T01:11:15.005] [DEBUG] debug-file - File: 'D:\SLE-ID\slekey\entry\build\default\intermediates\binxo\default' from 'doBinxoNativeLibs' is not exists, just ignore.
[2026-07-27T01:11:15.005] [DEBUG] debug-file - Task 'entry:default@DoNativeStrip' cost while wrapping incremental declarations: 1 ms 
[2026-07-27T01:11:15.006] [DEBUG] debug-file - Incremental task entry:default@DoNativeStrip pre-execution cost: 1 ms .
[2026-07-27T01:11:15.006] [DEBUG] debug-file - entry : default@DoNativeStrip cost memory 0.079437255859375
[2026-07-27T01:11:15.006] [INFO] debug-file - UP-TO-DATE :entry:default@DoNativeStrip...  
[2026-07-27T01:11:15.007] [DEBUG] debug-file - Executing task :entry:default@CompileArkTS
[2026-07-27T01:11:15.007] [DEBUG] debug-file - obfuscationOptions: undefined
[2026-07-27T01:11:15.009] [DEBUG] debug-file - Task 'entry:default@CompileArkTS' cost while wrapping incremental declarations: 1 ms 
[2026-07-27T01:11:15.013] [DEBUG] debug-file - entry:default@CompileArkTS is not up-to-date, since the input file 'D:\SLE-ID\slekey\entry\src\main\ets' has been changed.
[2026-07-27T01:11:15.013] [DEBUG] debug-file - Incremental task entry:default@CompileArkTS pre-execution cost: 4 ms .
[2026-07-27T01:11:15.024] [DEBUG] debug-file - build config:
[2026-07-27T01:11:15.024] [DEBUG] debug-file - {
  moduleType: 'entry',
  perf: 0,
  targetName: '.default',
  packageManagerType: 'ohpm',
  localPropertiesPath: 'D:\\SLE-ID\\slekey\\local.properties',
  isPreview: false,
  isOhosTest: false,
  isLocalTest: false,
  buildMode: 'Debug',
  hotReloadBuild: undefined,
  watchMode: 'false',
  aceProfilePath: 'D:\\SLE-ID\\slekey\\entry\\build\\default\\intermediates\\res\\default\\resources\\base\\profile',
  etsLoaderPath: 'C:\\Program Files\\Huawei\\DevEco Studio\\sdk\\default\\openharmony\\ets\\build-tools\\ets-loader',
  modulePath: 'D:\\SLE-ID\\slekey\\entry',
  testFrameworkPar: {
    testMode: undefined,
    coveragePathFilter: undefined,
    coverageMode: undefined
  },
  needCoverageInsert: false,
  debugLine: false,
  projectTopDir: 'D:\\SLE-ID\\slekey',
  compileSdkVersion: 23,
  compatibleSdkVersion: 12,
  originCompatibleSdkVersion: '5.0.0(12)',
  compatibleSdkVersionStage: 'beta1',
  bundleName: 'c***p',
  etsLoaderVersion: '6.1.0.105',
  etsLoaderReleaseType: 'Release',
  aotCompileMode: 'type',
  apPath: 'D:\\SLE-ID\\slekey\\entry\\modules.ap',
  entryModuleName: 'entry',
  entryModuleVersion: '1.0.0',
  entryPackageName: 'entry',
  allModuleNameHash: 'f50575914c85e3183d91a020539fc5ec331fa18837794d3ea3a2aada5c34fdd7',
  externalApiPaths: [
    'C:\\Program Files\\Huawei\\DevEco Studio\\sdk\\default\\hms\\ets'
  ],
  compilerTypes: [],
  isCrossplatform: false,
  hvigorPluginFile: undefined,
  compilePluginPath: undefined,
  buildGeneratedProfilePath: 'D:\\SLE-ID\\slekey\\entry\\build\\default\\generated\\profile\\default',
  bundleType: 'app',
  arkTSVersion: '1.0',
  apiVersion: 23,
  needCompleteSourcesMap: false,
  isFaMode: false,
  buildDir: 'D:\\SLE-ID\\slekey\\entry\\build',
  deviceTypes: [ 'phone', 'tablet' ],
  pkgContextInfo: {
    '@ohos/hypium': {
      packageName: '@ohos/hypium',
      bundleName: '*****',
      moduleName: '',
      version: '1.0.19',
      entryPath: 'index.js',
      isSO: false,
      dependencyAlias: ''
    },
    entry: {
      packageName: 'entry',
      bundleName: '*****',
      moduleName: '',
      version: '',
      entryPath: 'src/main/',
      isSO: false,
      dependencyAlias: ''
    }
  },
  ohPackagePathMap: {},
  dependencyAliasMap: {},
  permission: { requestPermissions: [], definePermissions: undefined },
  useGetCurrentBundleName: false,
  projectArkOption: undefined,
  sourceMapDir: undefined,
  branchElimination: false,
  transformLib: undefined,
  tsImportSendable: false,
  resolveConflictMode: true,
  depName2RootPath: {},
  depName2DepInfo: {},
  depName2OhExports: {},
  rootPathSet: [ 'D:\\SLE-ID\\slekey' ],
  useNativeResolver: true,
  shouldEmitJs: true,
  useTscResolve: false,
  singleFileEmit: false,
  userProjectConfig: {
    autoLazyImport: false,
    allowEmptyBundleName: false,
    reExportCheckMode: 'noCheck',
    executionMode: 'memory',
    usePathPlaceholder: false,
    writeRollupCache: true,
    isExpandImportEnabled: false,
    expandImportExclude: '',
    lazyImportExclude: '',
    lazyImportInclude: '',
    ignoreCrossplatformCheck: false,
    isHarDeduplicateEnabled: false,
    skipOhModulesLint: false,
    enableStrictCheckOHModule: false,
    disableSendableCheckRules: [],
    useDeclarationFileSignature: false,
    customizedOptions: undefined,
    integratedHsp: false,
    isPreloadSoEnabled: false
  },
  executionMode: 'memory',
  arkCompileCachePath: 'D:\\SLE-ID\\slekey\\entry\\build\\default\\cache\\default\\default@CompileArkTS\\esmodule',
  autoLazyFilter: undefined,
  isHarDeduplicateEnabled: false,
  intermediateHarDuplicateDirPath: 'D:\\SLE-ID\\slekey\\entry\\build\\default\\intermediates\\har_duplicate\\default',
  autoLazyImport: false,
  allowEmptyBundleName: false,
  reExportCheckMode: 'noCheck',
  usePathPlaceholder: false,
  writeRollupCache: true,
  isExpandImportEnabled: false,
  expandImportExclude: '',
  lazyImportExclude: '',
  lazyImportInclude: '',
  ignoreCrossplatformCheck: false,
  skipOhModulesLint: false,
  enableStrictCheckOHModule: false,
  disableSendableCheckRules: [],
  useDeclarationFileSignature: false,
  customizedOptions: undefined,
  integratedHsp: false,
  isPreloadSoEnabled: false,
  strictMode: {
    caseSensitiveCheck: true,
    useNormalizedOHMUrl: true,
    noExternalImportByPath: true
  },
  useNormalizedOHMUrl: true,
  caseSensitiveCheck: true,
  aceModuleJsonPath: 'D:\\SLE-ID\\slekey\\entry\\build\\default\\intermediates\\res\\default\\ark_module.json',
  appResource: 'D:\\SLE-ID\\slekey\\entry\\build\\default\\intermediates\\res\\default\\ResourceTable.txt',
  rawFileResource: 'D:\\SLE-ID\\slekey\\entry\\build\\default\\intermediates\\res\\default\\resources\\rawfile',
  resourceTableHash: '8d499eae98a35ebfd449f640cb0204dc46fbfe126b8cecf18b5dae055c1b4570',
  runtimeOS: 'HarmonyOS',
  sdkInfo: 'false:23:6.1.0.105:Release',
  aceModuleRoot: 'D:\\SLE-ID\\slekey\\entry\\src\\main\\ets',
  compileMode: 'esmodule',
  aceSuperVisualPath: 'D:\\SLE-ID\\slekey\\entry\\src\\main\\supervisual',
  aceBuildJson: 'D:\\SLE-ID\\slekey\\entry\\build\\default\\intermediates\\loader\\default\\loader.json',
  cachePath: 'D:\\SLE-ID\\slekey\\entry\\build\\default\\cache\\default\\default@CompileArkTS\\esmodule\\debug',
  aceModuleBuild: 'D:\\SLE-ID\\slekey\\entry\\build\\default\\intermediates\\loader_out\\default\\ets',
  supportChunks: true,
  declaredFilesPath: undefined,
  shouldCollectDirectImportees: false,
  isByteCodeHarOptimize: false,
  expandImportPath: undefined,
  resourceTableTs: 'D:\\SLE-ID\\slekey\\entry\\build\\default\\generated\\r\\default\\ResourceTable.ts',
  moduleMetaInfoFiles: [
    {
      filePath: 'D:\\SLE-ID\\slekey\\entry\\build\\default\\generated\\r\\default\\ResourceTable.ts',
      ohmurl: '&entry/build/generated/r/ResourceTable&'
    }
  ],
  pkgNameToPkgBriefInfo: {
    '@ohos/hypium': {
      pkgRoot: 'D:\\SLE-ID\\slekey\\entry\\oh_modules\\@ohos\\hypium',
      pkgName: '@ohos/hypium',
      sourceRoots: undefined
    },
    entry: {
      pkgRoot: 'D:\\SLE-ID\\slekey\\entry',
      originalSourceRoots: undefined,
      sourceRoots: [Array],
      pkgName: 'entry'
    }
  },
  projectModel: {
    'D:\\SLE-ID\\slekey\\entry\\src\\main': {
      moduleName: 'entry',
      modulePkgPath: 'D:\\SLE-ID\\slekey\\entry',
      belongProjectPath: 'D:\\SLE-ID\\slekey'
    },
    'D:\\SLE-ID\\slekey\\entry': {
      moduleName: 'entry',
      modulePkgPath: 'D:\\SLE-ID\\slekey\\entry',
      belongProjectPath: 'D:\\SLE-ID\\slekey'
    },
    'D:\\SLE-ID\\slekey': {
      moduleName: 'slekey',
      modulePkgPath: 'D:\\SLE-ID\\slekey',
      belongProjectPath: 'D:\\SLE-ID\\slekey'
    }
  },
  pkgJsonFileHash: 'ec6406b50c1f0667f15176d21572c003d2c01d5ebca6edba903080a6bf4e4385',
  allModulePaths: [ 'D:\\SLE-ID\\slekey\\entry' ],
  routerMap: {},
  obfuscationOptions: undefined,
  byteCodeHarToDependencyKeys: undefined,
  compileBlockPkg: [],
  mockParams: {
    decorator: '@MockSetup',
    packageName: '@ohos/hamock',
    etsSourceRootPath: 'src/main/ets',
    mockConfigPath: undefined,
    mockConfigKey2ModuleInfo: {},
    source2ModuleIdMap: {}
  },
  copyCodeResourceEnable: true,
  copyCodeResourceExcludes: [],
  copyCodeResourceIncludes: undefined,
  uiTransformOptimization: false,
  sdkPath: 'C:/Program Files/Huawei/DevEco Studio/sdk',
  needPreloadSoFileSet: {},
  preloadSoFilePath: 'D:\\SLE-ID\\slekey\\entry\\build\\default\\intermediates\\preload\\default\\preload.json',
  useSourceHash: false,
  localModuleParamMap: {},
  otherPaths: {
    'entry/*': [
      '..\\*',
      '..\\..\\..\\build\\default\\generated\\profile\\default\\*'
    ]
  },
  collectImportersConfig: undefined
}
[2026-07-27T01:11:15.024] [DEBUG] debug-file - Compile arkts with external api path: C:\Program Files\Huawei\DevEco Studio\sdk\default\hms\ets
[2026-07-27T01:11:15.025] [DEBUG] debug-file - default@CompileArkTS work[0] is submitted.
[2026-07-27T01:11:15.026] [DEBUG] debug-file - default@CompileArkTS work[0] is pushed to ready queue.
[2026-07-27T01:11:15.026] [DEBUG] debug-file - A work dispatched to worker[23] failed because unable to get work from ready queue.
[2026-07-27T01:11:15.026] [DEBUG] debug-file - A work dispatched to worker[22] failed because unable to get work from ready queue.
[2026-07-27T01:11:15.026] [DEBUG] debug-file - A work dispatched to worker[21] failed because unable to get work from ready queue.
[2026-07-27T01:11:15.026] [DEBUG] debug-file - A work dispatched to worker[20] failed because unable to get work from ready queue.
[2026-07-27T01:11:15.026] [DEBUG] debug-file - A work dispatched to worker[19] failed because unable to get work from ready queue.
[2026-07-27T01:11:15.026] [DEBUG] debug-file - A work dispatched to worker[18] failed because unable to get work from ready queue.
[2026-07-27T01:11:15.026] [DEBUG] debug-file - A work dispatched to worker[17] failed because unable to get work from ready queue.
[2026-07-27T01:11:15.026] [DEBUG] debug-file - A work dispatched to worker[16] failed because unable to get work from ready queue.
[2026-07-27T01:11:15.026] [DEBUG] debug-file - A work dispatched to worker[15] failed because unable to get work from ready queue.
[2026-07-27T01:11:15.026] [DEBUG] debug-file - A work dispatched to worker[14] failed because unable to get work from ready queue.
[2026-07-27T01:11:15.026] [DEBUG] debug-file - A work dispatched to worker[13] failed because unable to get work from ready queue.
[2026-07-27T01:11:15.026] [DEBUG] debug-file - A work dispatched to worker[12] failed because unable to get work from ready queue.
[2026-07-27T01:11:15.026] [DEBUG] debug-file - A work dispatched to worker[11] failed because unable to get work from ready queue.
[2026-07-27T01:11:15.026] [DEBUG] debug-file - A work dispatched to worker[10] failed because unable to get work from ready queue.
[2026-07-27T01:11:15.026] [DEBUG] debug-file - A work dispatched to worker[9] failed because unable to get work from ready queue.
[2026-07-27T01:11:15.026] [DEBUG] debug-file - A work dispatched to worker[8] failed because unable to get work from ready queue.
[2026-07-27T01:11:15.026] [DEBUG] debug-file - A work dispatched to worker[7] failed because unable to get work from ready queue.
[2026-07-27T01:11:15.026] [DEBUG] debug-file - A work dispatched to worker[6] failed because unable to get work from ready queue.
[2026-07-27T01:11:15.026] [DEBUG] debug-file - A work dispatched to worker[5] failed because unable to get work from ready queue.
[2026-07-27T01:11:15.026] [DEBUG] debug-file - Create  resident worker with id: 4.
[2026-07-27T01:11:15.027] [DEBUG] debug-file - default@CompileArkTS work[0] has been dispatched to worker[4].
[2026-07-27T01:11:15.027] [DEBUG] debug-file - default@CompileArkTS work[0] is dispatched.
[2026-07-27T01:11:15.028] [DEBUG] debug-file - CopyResources startTime: 137174311789900
[2026-07-27T01:11:15.028] [DEBUG] debug-file - default@CompileArkTS work[1] is submitted.
[2026-07-27T01:11:15.028] [DEBUG] debug-file - default@CompileArkTS work[1] is pushed to ready queue.
[2026-07-27T01:11:15.028] [DEBUG] debug-file - A work dispatched to worker[23] failed because unable to get work from ready queue.
[2026-07-27T01:11:15.028] [DEBUG] debug-file - Create  resident worker with id: 22.
[2026-07-27T01:11:15.029] [DEBUG] debug-file - default@CompileArkTS work[1] has been dispatched to worker[22].
[2026-07-27T01:11:15.029] [DEBUG] debug-file - default@CompileArkTS work[1] is dispatched.
[2026-07-27T01:11:15.029] [DEBUG] debug-file - entry : default@CompileArkTS cost memory 1.9175033569335938
[2026-07-27T01:11:15.031] [DEBUG] debug-file - Executing task :entry:default@BuildJS
[2026-07-27T01:11:15.031] [DEBUG] debug-file - Task 'entry:default@BuildJS' cost while wrapping incremental declarations: 1 ms 
[2026-07-27T01:11:15.032] [DEBUG] debug-file - entry : default@BuildJS cost memory 0.117919921875
[2026-07-27T01:11:15.033] [DEBUG] debug-file - runTaskFromQueue task cost before running: 1 s 760 ms 
[2026-07-27T01:11:15.033] [INFO] debug-file - Finished :entry:default@BuildJS... after 2 ms 
[2026-07-27T01:11:15.033] [DEBUG] debug-file - Executing task :entry:default@CacheNativeLibs
[2026-07-27T01:11:15.034] [DEBUG] debug-file - File: 'D:\SLE-ID\slekey\entry\build\default\intermediates\binxo\default' from 'cacheBinxoNativeLibs' is not exists, just ignore.
[2026-07-27T01:11:15.034] [DEBUG] debug-file - Task 'entry:default@CacheNativeLibs' cost while wrapping incremental declarations: 1 ms 
[2026-07-27T01:11:15.034] [DEBUG] debug-file - Incremental task entry:default@CacheNativeLibs pre-execution cost: 1 ms .
[2026-07-27T01:11:15.034] [DEBUG] debug-file - entry : default@CacheNativeLibs cost memory 0.0929107666015625
[2026-07-27T01:11:15.035] [INFO] debug-file - UP-TO-DATE :entry:default@CacheNativeLibs...  
[2026-07-27T01:11:15.454] [DEBUG] debug-file - worker[22] has one work done.
[2026-07-27T01:11:15.454] [DEBUG] debug-file - CopyResources is end, endTime: 137174738158600
[2026-07-27T01:11:15.454] [DEBUG] debug-file - default@CompileArkTS work[1] done.
[2026-07-27T01:11:15.454] [DEBUG] debug-file - A work dispatched to worker[22] failed because unable to get work from ready queue.
[2026-07-27T01:11:19.905] [DEBUG] debug-file - worker[4] has one work done.
[2026-07-27T01:11:19.905] [DEBUG] debug-file - Ark compile task finished.finished time is 137179188975800
[2026-07-27T01:11:19.906] [DEBUG] debug-file - default@CompileArkTS work[0] done.
[2026-07-27T01:11:19.906] [DEBUG] debug-file - A work dispatched to worker[4] failed because unable to get work from ready queue.
[2026-07-27T01:11:19.907] [INFO] debug-file - Finished :entry:default@CompileArkTS... after 3 s 840 ms 
[2026-07-27T01:11:19.908] [DEBUG] debug-file - Executing task :entry:default@GeneratePkgModuleJson
[2026-07-27T01:11:19.908] [DEBUG] debug-file - File: 'D:\SLE-ID\slekey\entry\build\default\intermediates\preload\default\preload.json' from 'preloadSoJsonPath' is not exists, just ignore.
[2026-07-27T01:11:19.908] [DEBUG] debug-file - Error occurs while handling @Input 'shouldDeduplicateHar': The "data" argument must be of type string or an instance of Buffer, TypedArray, or DataView. Received undefined
[2026-07-27T01:11:19.908] [DEBUG] debug-file - Task 'entry:default@GeneratePkgModuleJson' cost while wrapping incremental declarations: 1 ms 
[2026-07-27T01:11:19.909] [DEBUG] debug-file - Incremental task entry:default@GeneratePkgModuleJson pre-execution cost: 1 ms .
[2026-07-27T01:11:19.909] [DEBUG] debug-file - entry : default@GeneratePkgModuleJson cost memory 0.09737396240234375
[2026-07-27T01:11:19.909] [INFO] debug-file - UP-TO-DATE :entry:default@GeneratePkgModuleJson...  
[2026-07-27T01:11:19.910] [DEBUG] debug-file - Executing task :entry:default@ProcessCompiledResources
[2026-07-27T01:11:19.910] [DEBUG] debug-file - File: 'D:\SLE-ID\slekey\entry\build\default\intermediates\preload\default\preload.json' from 'preloadSoJsonPath' is not exists, just ignore.
[2026-07-27T01:11:19.910] [DEBUG] debug-file - Task 'entry:default@ProcessCompiledResources' cost while wrapping incremental declarations: 1 ms 
[2026-07-27T01:11:19.911] [DEBUG] debug-file - entry : default@ProcessCompiledResources cost memory 0.05294036865234375
[2026-07-27T01:11:19.911] [DEBUG] debug-file - runTaskFromQueue task cost before running: 6 s 638 ms 
[2026-07-27T01:11:19.911] [INFO] debug-file - Finished :entry:default@ProcessCompiledResources... after 2 ms 
[2026-07-27T01:11:19.913] [DEBUG] debug-file - Executing task :entry:default@PackageHap
[2026-07-27T01:11:19.917] [DEBUG] debug-file - entry:default@PackageHap is not up-to-date, since the input file 'D:\SLE-ID\slekey\entry\build\default\intermediates\loader_out\default\ets' has been changed.
[2026-07-27T01:11:19.917] [DEBUG] debug-file - Incremental task entry:default@PackageHap pre-execution cost: 3 ms .
[2026-07-27T01:11:19.919] [DEBUG] debug-file - Use tool [C:\Program Files\Huawei\DevEco Studio\sdk\default\openharmony\toolchains\lib\app_packing_tool.jar]
 [
  'java',
  '-Dfile.encoding=GBK',
  '-jar',
  'C:\\Program Files\\Huawei\\DevEco Studio\\sdk\\default\\openharmony\\toolchains\\lib\\app_packing_tool.jar',
  '--mode',
  'hap',
  '--force',
  'true',
  '--lib-path',
  'D:\\SLE-ID\\slekey\\entry\\build\\default\\intermediates\\stripped_native_libs\\default',
  '--json-path',
  'D:\\SLE-ID\\slekey\\entry\\build\\default\\intermediates\\package\\default\\module.json',
  '--resources-path',
  'D:\\SLE-ID\\slekey\\entry\\build\\default\\intermediates\\res\\default\\resources',
  '--index-path',
  'D:\\SLE-ID\\slekey\\entry\\build\\default\\intermediates\\res\\default\\resources.index',
  '--pack-info-path',
  'D:\\SLE-ID\\slekey\\entry\\build\\default\\outputs\\default\\pack.info',
  '--out-path',
  'D:\\SLE-ID\\slekey\\entry\\build\\default\\outputs\\default\\entry-default-unsigned.hap',
  '--ets-path',
  'D:\\SLE-ID\\slekey\\entry\\build\\default\\intermediates\\loader_out\\default\\ets',
  '--pkg-context-path',
  'D:\\SLE-ID\\slekey\\entry\\build\\default\\intermediates\\loader\\default\\pkgContextInfo.json'
]
[2026-07-27T01:11:19.919] [DEBUG] debug-file - default@PackageHap work[2] is submitted.
[2026-07-27T01:11:19.919] [DEBUG] debug-file - default@PackageHap work[2] is pushed to ready queue.
[2026-07-27T01:11:19.920] [DEBUG] debug-file - A work dispatched to worker[23] failed because unable to get work from ready queue.
[2026-07-27T01:11:19.920] [DEBUG] debug-file - default@PackageHap work[2] has been dispatched to worker[22].
[2026-07-27T01:11:19.920] [DEBUG] debug-file - default@PackageHap work[2] is dispatched.
[2026-07-27T01:11:19.923] [DEBUG] debug-file - entry : default@PackageHap cost memory 0.44483184814453125
[2026-07-27T01:11:20.045] [DEBUG] debug-file - current process  memoryUsage: {
  rss: 789454848,
  heapTotal: 80031744,
  heapUsed: 54030376,
  external: 4176555,
  arrayBuffers: 22783
} os memoryUsage :14.297237396240234
[2026-07-27T01:11:20.472] [DEBUG] debug-file - worker[22] has one work done.
[2026-07-27T01:11:20.472] [DEBUG] debug-file - default@PackageHap work[2] done.
[2026-07-27T01:11:20.472] [DEBUG] debug-file - A work dispatched to worker[22] failed because unable to get work from ready queue.
[2026-07-27T01:11:20.473] [INFO] debug-file - Finished :entry:default@PackageHap... after 439 ms 
[2026-07-27T01:11:20.475] [DEBUG] debug-file - Executing task :entry:default@PackingCheck
[2026-07-27T01:11:20.479] [DEBUG] debug-file - entry : default@PackingCheck cost memory 0.5216903686523438
[2026-07-27T01:11:20.479] [DEBUG] debug-file - runTaskFromQueue task cost before running: 7 s 206 ms 
[2026-07-27T01:11:20.479] [INFO] debug-file - Finished :entry:default@PackingCheck... after 5 ms 
[2026-07-27T01:11:20.480] [DEBUG] debug-file - Executing task :entry:default@SignHap
[2026-07-27T01:11:20.480] [WARN] debug-file - Will skip sign 'hos_hap'. No signingConfigs profile is configured in current project.
             If needed, configure the signingConfigs in D:\SLE-ID\slekey\build-profile.json5.
[2026-07-27T01:11:20.481] [DEBUG] debug-file - entry:default@SignHap is not up-to-date, since the input file 'D:\SLE-ID\slekey\entry\build\default\outputs\default\entry-default-unsigned.hap' has been changed.
[2026-07-27T01:11:20.481] [DEBUG] debug-file - Incremental task entry:default@SignHap pre-execution cost: 1 ms .
[2026-07-27T01:11:20.481] [DEBUG] debug-file - entry : default@SignHap cost memory 0.08231353759765625
[2026-07-27T01:11:20.481] [DEBUG] debug-file - runTaskFromQueue task cost before running: 7 s 209 ms 
[2026-07-27T01:11:20.482] [INFO] debug-file - Finished :entry:default@SignHap... after 2 ms 
[2026-07-27T01:11:20.483] [DEBUG] debug-file - Executing task :entry:default@CollectDebugSymbol
[2026-07-27T01:11:20.483] [DEBUG] debug-file - entry : default@CollectDebugSymbol cost memory 0.07498931884765625
[2026-07-27T01:11:20.484] [DEBUG] debug-file - runTaskFromQueue task cost before running: 7 s 211 ms 
[2026-07-27T01:11:20.484] [INFO] debug-file - Finished :entry:default@CollectDebugSymbol... after 1 ms 
[2026-07-27T01:11:20.484] [DEBUG] debug-file - Executing task :entry:assembleHap
[2026-07-27T01:11:20.484] [DEBUG] debug-file - entry : assembleHap cost memory 0.014678955078125
[2026-07-27T01:11:20.484] [DEBUG] debug-file - runTaskFromQueue task cost before running: 7 s 211 ms 
[2026-07-27T01:11:20.484] [INFO] debug-file - Finished :entry:assembleHap... after 1 ms 
[2026-07-27T01:11:20.485] [INFO] debug-file - BUILD SUCCESSFUL in 7 s 212 ms 
[2026-07-27T01:11:20.486] [DEBUG] debug-file - Update task entry:default@PreBuild input file:D:\SLE-ID\slekey\AppScope\app.json5 cache by regenerate.
[2026-07-27T01:11:20.486] [DEBUG] debug-file - Update task entry:default@PreBuild input file:D:\SLE-ID\slekey\entry\src\main\module.json5 cache by regenerate.
[2026-07-27T01:11:20.486] [DEBUG] debug-file - Update task entry:default@PreBuild input file:D:\SLE-ID\slekey\build-profile.json5 cache by regenerate.
[2026-07-27T01:11:20.486] [DEBUG] debug-file - Update task entry:default@PreBuild input file:D:\SLE-ID\slekey\entry\build-profile.json5 cache by regenerate.
[2026-07-27T01:11:20.486] [DEBUG] debug-file - Update task entry:default@PreBuild input file:D:\SLE-ID\slekey\entry\src\main\resources\base\profile\main_pages.json cache by regenerate.
[2026-07-27T01:11:20.486] [DEBUG] debug-file - Update task entry:default@PreBuild input file:D:\SLE-ID\slekey\hvigor\hvigor-config.json5 cache by regenerate.
[2026-07-27T01:11:20.486] [DEBUG] debug-file - Update task entry:default@PreBuild input file:D:\SLE-ID\slekey\entry\oh-package.json5 cache by regenerate.
[2026-07-27T01:11:20.486] [DEBUG] debug-file - Update task entry:default@PreBuild input file:D:\SLE-ID\slekey\oh-package.json5 cache by regenerate.
[2026-07-27T01:11:20.487] [DEBUG] debug-file - Incremental task entry:default@PreBuild post-execution cost:2 ms .
[2026-07-27T01:11:20.487] [DEBUG] debug-file - Update task entry:default@CreateModuleInfo output file:D:\SLE-ID\slekey\entry\build\default\generated\profile\default\ModuleInfo.ts cache.
[2026-07-27T01:11:20.487] [DEBUG] debug-file - Incremental task entry:default@CreateModuleInfo post-execution cost:1 ms .
[2026-07-27T01:11:20.487] [DEBUG] debug-file - There is no need to refresh cache, since the incremental task entry:default@GenerateMetadata is up-to-date.
[2026-07-27T01:11:20.487] [DEBUG] debug-file - There is no need to refresh cache, since the incremental task entry:default@MergeProfile is up-to-date.
[2026-07-27T01:11:20.487] [DEBUG] debug-file - There is no need to refresh cache, since the incremental task entry:default@CreateBuildProfile is up-to-date.
[2026-07-27T01:11:20.487] [DEBUG] debug-file - There is no need to refresh cache, since the incremental task entry:default@GeneratePkgContextInfo is up-to-date.
[2026-07-27T01:11:20.487] [DEBUG] debug-file - Update task entry:default@GeneratePkgSdkInfo output file:D:\SLE-ID\slekey\entry\build\default\intermediates\loader\default\pkgSdkInfo.json cache.
[2026-07-27T01:11:20.487] [DEBUG] debug-file - Incremental task entry:default@GeneratePkgSdkInfo post-execution cost:1 ms .
[2026-07-27T01:11:20.487] [DEBUG] debug-file - Update task entry:default@ProcessIntegratedHsp output file:D:\SLE-ID\slekey\build\cache\default\integrated_hsp\integratedHspCache.json cache.
[2026-07-27T01:11:20.488] [DEBUG] debug-file - Incremental task entry:default@ProcessIntegratedHsp post-execution cost:1 ms .
[2026-07-27T01:11:20.488] [DEBUG] debug-file - There is no need to refresh cache, since the incremental task entry:default@MakePackInfo is up-to-date.
[2026-07-27T01:11:20.488] [DEBUG] debug-file - Update task entry:default@SyscapTransform input file:C:\Program Files\Huawei\DevEco Studio\sdk\default\openharmony\toolchains\syscap_tool.exe cache by regenerate.
[2026-07-27T01:11:20.488] [DEBUG] debug-file - Update task entry:default@SyscapTransform input file:C:\Program Files\Huawei\DevEco Studio\sdk\default\openharmony\ets\api\device-define cache by regenerate.
[2026-07-27T01:11:20.488] [DEBUG] debug-file - Update task entry:default@SyscapTransform output file:D:\SLE-ID\slekey\entry\build\default\intermediates\syscap\default\rpcid.sc cache.
[2026-07-27T01:11:20.488] [DEBUG] debug-file - Incremental task entry:default@SyscapTransform post-execution cost:1 ms .
[2026-07-27T01:11:20.488] [DEBUG] debug-file - There is no need to refresh cache, since the incremental task entry:default@ProcessProfile is up-to-date.
[2026-07-27T01:11:20.488] [DEBUG] debug-file - There is no need to refresh cache, since the incremental task entry:default@ProcessRouterMap is up-to-date.
[2026-07-27T01:11:20.488] [DEBUG] debug-file - There is no need to refresh cache, since the incremental task entry:default@ProcessShareConfig is up-to-date.
[2026-07-27T01:11:20.489] [DEBUG] debug-file - Update task entry:default@ProcessStartupConfig input file:D:\SLE-ID\slekey\entry\build\default\intermediates\loader\default\pkgContextInfo.json cache by regenerate.
[2026-07-27T01:11:20.489] [DEBUG] debug-file - Update task entry:default@ProcessStartupConfig output file:D:\SLE-ID\slekey\entry\build\default\intermediates\startup\default\startup_config.json cache.
[2026-07-27T01:11:20.489] [DEBUG] debug-file - Incremental task entry:default@ProcessStartupConfig post-execution cost:1 ms .
[2026-07-27T01:11:20.489] [DEBUG] debug-file - There is no need to refresh cache, since the incremental task entry:default@ProcessResource is up-to-date.
[2026-07-27T01:11:20.489] [DEBUG] debug-file - There is no need to refresh cache, since the incremental task entry:default@GenerateLoaderJson is up-to-date.
[2026-07-27T01:11:20.489] [DEBUG] debug-file - There is no need to refresh cache, since the incremental task entry:default@ProcessLibs is up-to-date.
[2026-07-27T01:11:20.489] [DEBUG] debug-file - There is no need to refresh cache, since the incremental task entry:default@CompileResource is up-to-date.
[2026-07-27T01:11:20.489] [DEBUG] debug-file - There is no need to refresh cache, since the incremental task entry:default@DoNativeStrip is up-to-date.
[2026-07-27T01:11:20.490] [DEBUG] debug-file - Update task entry:default@CompileArkTS input file:D:\SLE-ID\slekey\entry\build\default\intermediates\loader\default cache by regenerate.
[2026-07-27T01:11:20.490] [DEBUG] debug-file - Update task entry:default@CompileArkTS input file:D:\SLE-ID\slekey\oh_modules\@ohos\hypium\index.js cache by regenerate.
[2026-07-27T01:11:20.490] [DEBUG] debug-file - Update task entry:default@CompileArkTS input file:D:\SLE-ID\slekey\entry\build\default\intermediates\res\default\resources\rawfile cache by regenerate.
[2026-07-27T01:11:20.490] [DEBUG] debug-file - Update task entry:default@CompileArkTS input file:D:\SLE-ID\slekey\entry\build\default\intermediates\res\default\ResourceTable.txt cache by regenerate.
[2026-07-27T01:11:20.490] [DEBUG] debug-file - Update task entry:default@CompileArkTS input file:D:\SLE-ID\slekey\entry\build\default\intermediates\res\default\ark_module.json cache by regenerate.
[2026-07-27T01:11:20.490] [DEBUG] debug-file - Update task entry:default@CompileArkTS input file:D:\SLE-ID\slekey\entry\build\default\intermediates\res\default\resources\base\profile cache by regenerate.
[2026-07-27T01:11:20.490] [DEBUG] debug-file - Update task entry:default@CompileArkTS input file:D:\SLE-ID\slekey\entry\src\main\ets cache from map.
[2026-07-27T01:11:20.490] [DEBUG] debug-file - Update task entry:default@CompileArkTS input file:D:\SLE-ID\slekey\entry\build\default\intermediates\loader\default\pkgContextInfo.json cache by regenerate.
[2026-07-27T01:11:20.490] [DEBUG] debug-file - Update task entry:default@CompileArkTS input file:D:\SLE-ID\slekey\entry\build\default\generated\profile\default\BuildProfile.ets cache by regenerate.
[2026-07-27T01:11:20.490] [DEBUG] debug-file - Update task entry:default@CompileArkTS output file:D:\SLE-ID\slekey\entry\build\default\intermediates\loader_out\default\ets cache.
[2026-07-27T01:11:20.491] [DEBUG] debug-file - Incremental task entry:default@CompileArkTS post-execution cost:2 ms .
[2026-07-27T01:11:20.491] [DEBUG] debug-file - Update task entry:default@BuildJS input file:D:\SLE-ID\slekey\entry\build\default\intermediates\loader\default cache by regenerate.
[2026-07-27T01:11:20.491] [DEBUG] debug-file - Update task entry:default@BuildJS input file:D:\SLE-ID\slekey\oh_modules\@ohos\hypium\index.js cache by regenerate.
[2026-07-27T01:11:20.491] [DEBUG] debug-file - Update task entry:default@BuildJS input file:D:\SLE-ID\slekey\entry\build\default\intermediates\res\default\resources\rawfile cache by regenerate.
[2026-07-27T01:11:20.492] [DEBUG] debug-file - Update task entry:default@BuildJS input file:D:\SLE-ID\slekey\entry\build\default\intermediates\res\default\ResourceTable.txt cache by regenerate.
[2026-07-27T01:11:20.492] [DEBUG] debug-file - Update task entry:default@BuildJS input file:D:\SLE-ID\slekey\entry\build\default\intermediates\res\default\ark_module.json cache by regenerate.
[2026-07-27T01:11:20.492] [DEBUG] debug-file - Update task entry:default@BuildJS input file:D:\SLE-ID\slekey\entry\build\default\intermediates\res\default\resources\base\profile cache by regenerate.
[2026-07-27T01:11:20.492] [DEBUG] debug-file - Update task entry:default@BuildJS input file:D:\SLE-ID\slekey\entry\build\default\intermediates\loader\default\pkgContextInfo.json cache by regenerate.
[2026-07-27T01:11:20.492] [DEBUG] debug-file - Update task entry:default@BuildJS output file:D:\SLE-ID\slekey\entry\build\default\intermediates\loader_out\default\js cache.
[2026-07-27T01:11:20.492] [DEBUG] debug-file - Incremental task entry:default@BuildJS post-execution cost:2 ms .
[2026-07-27T01:11:20.492] [DEBUG] debug-file - There is no need to refresh cache, since the incremental task entry:default@CacheNativeLibs is up-to-date.
[2026-07-27T01:11:20.492] [DEBUG] debug-file - There is no need to refresh cache, since the incremental task entry:default@GeneratePkgModuleJson is up-to-date.
[2026-07-27T01:11:20.492] [DEBUG] debug-file - Incremental task entry:default@ProcessCompiledResources post-execution cost:1 ms .
[2026-07-27T01:11:20.492] [DEBUG] debug-file - Update task entry:default@PackageHap input file:D:\SLE-ID\slekey\entry\build\default\intermediates\stripped_native_libs\default cache by regenerate.
[2026-07-27T01:11:20.492] [DEBUG] debug-file - Update task entry:default@PackageHap input file:D:\SLE-ID\slekey\entry\build\default\intermediates\res\default\module.json cache by regenerate.
[2026-07-27T01:11:20.492] [DEBUG] debug-file - Update task entry:default@PackageHap input file:D:\SLE-ID\slekey\entry\build\default\intermediates\res\default\resources cache by regenerate.
[2026-07-27T01:11:20.493] [DEBUG] debug-file - Update task entry:default@PackageHap input file:D:\SLE-ID\slekey\entry\build\default\intermediates\res\default\resources.index cache by regenerate.
[2026-07-27T01:11:20.493] [DEBUG] debug-file - Update task entry:default@PackageHap input file:D:\SLE-ID\slekey\entry\build\default\outputs\default\pack.info cache by regenerate.
[2026-07-27T01:11:20.493] [DEBUG] debug-file - Update task entry:default@PackageHap input file:D:\SLE-ID\slekey\entry\build\default\intermediates\loader_out\default\ets cache from map.
[2026-07-27T01:11:20.493] [DEBUG] debug-file - Update task entry:default@PackageHap input file:D:\SLE-ID\slekey\entry\build\default\intermediates\loader\default\pkgContextInfo.json cache by regenerate.
[2026-07-27T01:11:20.493] [DEBUG] debug-file - Update task entry:default@PackageHap input file:D:\SLE-ID\slekey\entry\build\default\intermediates\loader_out\default\ets\sourceMaps.map cache by regenerate.
[2026-07-27T01:11:20.493] [DEBUG] debug-file - Update task entry:default@PackageHap input file:D:\SLE-ID\slekey\entry\build\default\generated\profile\default\BuildProfile.ets cache by regenerate.
[2026-07-27T01:11:20.493] [DEBUG] debug-file - Update task entry:default@PackageHap output file:D:\SLE-ID\slekey\entry\build\default\outputs\default\entry-default-unsigned.hap cache.
[2026-07-27T01:11:20.493] [DEBUG] debug-file - Update task entry:default@PackageHap output file:D:\SLE-ID\slekey\entry\build\default\intermediates\source_map\default\sourceMaps.map cache.
[2026-07-27T01:11:20.493] [DEBUG] debug-file - Update task entry:default@PackageHap output file:D:\SLE-ID\slekey\entry\build\default\outputs\default\mapping\sourceMaps.map cache.
[2026-07-27T01:11:20.493] [DEBUG] debug-file - Incremental task entry:default@PackageHap post-execution cost:2 ms .
[2026-07-27T01:11:20.494] [DEBUG] debug-file - Update task entry:default@SignHap input file:D:\SLE-ID\slekey\entry\build\default\outputs\default\entry-default-unsigned.hap cache from map.
[2026-07-27T01:11:20.494] [DEBUG] debug-file - Update task entry:default@SignHap output file:D:\SLE-ID\slekey\entry\build\default\outputs\default\entry-default-signed.hap cache.
[2026-07-27T01:11:20.494] [DEBUG] debug-file - Incremental task entry:default@SignHap post-execution cost:1 ms .
[2026-07-27T01:11:20.494] [DEBUG] debug-file - Update task entry:default@CollectDebugSymbol input file:D:\SLE-ID\slekey\entry\build\default\intermediates\loader_out\default\ets\sourceMaps.map cache by regenerate.
[2026-07-27T01:11:20.494] [DEBUG] debug-file - Update task entry:default@CollectDebugSymbol input file:D:\SLE-ID\slekey\entry\build\default\intermediates\libs\default cache by regenerate.
[2026-07-27T01:11:20.494] [DEBUG] debug-file - Update task entry:default@CollectDebugSymbol output file:D:\SLE-ID\slekey\entry\build\default\outputs\default\symbol cache.
[2026-07-27T01:11:20.494] [DEBUG] debug-file - Incremental task entry:default@CollectDebugSymbol post-execution cost:1 ms .
[2026-07-27T01:11:20.507] [DEBUG] debug-file - Cleanup worker 0.
[2026-07-27T01:11:20.507] [DEBUG] debug-file - Worker 0 has been cleaned up.
[2026-07-27T01:11:20.507] [DEBUG] debug-file - Current idle worker size: 3.
[2026-07-27T01:11:20.507] [DEBUG] debug-file - Current resident worker size: 4.
[2026-07-27T01:11:20.507] [DEBUG] debug-file - Cleanup worker 1.
[2026-07-27T01:11:20.507] [DEBUG] debug-file - Worker 1 has been cleaned up.
[2026-07-27T01:11:20.507] [DEBUG] debug-file - Current idle worker size: 2.
[2026-07-27T01:11:20.507] [DEBUG] debug-file - Current resident worker size: 4.
[2026-07-27T01:11:20.507] [DEBUG] debug-file - Cleanup worker 22.
[2026-07-27T01:11:20.508] [DEBUG] debug-file - Worker 22 has been cleaned up.
[2026-07-27T01:11:20.508] [DEBUG] debug-file - Current idle worker size: 1.
[2026-07-27T01:11:20.508] [DEBUG] debug-file - Current resident worker size: 4.
[2026-07-27T01:11:20.508] [DEBUG] debug-file - hvigor build process will be closed.
[2026-07-27T01:11:20.510] [DEBUG] debug-file - session manager: send message to worker process.
[2026-07-27T01:11:20.511] [DEBUG] debug-file - session manager: send message to worker process.
[2026-07-27T01:11:20.511] [DEBUG] debug-file - worker[0] exits with exit code 1.
[2026-07-27T01:11:20.511] [DEBUG] debug-file - worker[1] exits with exit code 1.
[2026-07-27T01:11:20.512] [DEBUG] debug-file - watch worker: worker id should be larger than 0. Nothing will be sent to any worker thread.
[2026-07-27T01:11:20.512] [DEBUG] debug-file - watch worker: worker id should be larger than 0. Nothing will be sent to any worker thread.
[2026-07-27T01:11:20.516] [DEBUG] debug-file - worker[22] exits with exit code 1.
[2026-07-27T01:13:03.211] [DEBUG] debug-file - env: nodejsVersion=v18.20.1
[2026-07-27T01:13:03.310] [DEBUG] debug-file - env: daemon=true
[2026-07-27T01:13:03.212] [DEBUG] debug-file - env: hvigor-config.json5 content = {
  modelVersion: '5.0.0',
  dependencies: {},
  execution: {},
  logging: {},
  debugging: {},
  nodeOptions: {}
}
[2026-07-27T01:13:03.910] [DEBUG] debug-file - hvigor java daemon: Starting java daemon. jvmXmxValue=512m, jarPath=C:\Program Files\Huawei\DevEco Studio\tools\hvigor\hvigor\lib\hvigor-java-daemon.jar
[2026-07-27T01:13:03.910] [DEBUG] debug-file - hvigor java daemon: Read cache file, 
    port=45050, pid=15400, sessionId exists=true
[2026-07-27T01:13:03.930] [DEBUG] debug-file - hvigor java daemon: tryConnect success
[2026-07-27T01:13:03.966] [DEBUG] debug-file - session manager: set active socket. socketId=zNgLFlwV17J7Nk2hAAAB
[2026-07-27T01:13:04.530] [DEBUG] debug-file - watch worker: worker id should be larger than 0. Nothing will be sent to any worker thread.
[2026-07-27T01:13:04.533] [DEBUG] debug-file - Since there is no instance or instance is terminated, create a new worker pool.
[2026-07-27T01:13:04.533] [DEBUG] debug-file - Worker pool is initialized with config:  {
  minPoolNum: 2,
  maxPoolNum: undefined,
  maxCoreSize: undefined,
  cacheCapacity: undefined,
  cacheTtl: undefined
}
[2026-07-27T01:13:04.534] [DEBUG] debug-file - Create  resident worker with id: 0.
[2026-07-27T01:13:04.536] [DEBUG] debug-file - Create  resident worker with id: 1.
[2026-07-27T01:13:04.538] [DEBUG] debug-file - Workers' log level updated to INFO
[2026-07-27T01:13:04.546] [DEBUG] debug-file - Hvigor init with startParameters:{
  hvigorfileTypeCheck: false,
  parallelExecution: true,
  incrementalExecution: true,
  printStackTrace: false,
  daemon: true,
  analyze: 0,
  logLevel: Level { level: 20000, levelStr: 'INFO', colour: 'green' },
  optimizationStrategy: 'memory',
  hotCompile: undefined,
  hotReloadBuild: undefined,
  customizedParam: undefined
}
[2026-07-27T01:13:04.552] [DEBUG] debug-file - Cache service initialization finished in 6 ms 
[2026-07-27T01:13:04.554] [DEBUG] debug-file - hvigorfile, resolving D:\SLE-ID\slekey\hvigorfile.ts
[2026-07-27T01:13:05.735] [DEBUG] debug-file - hvigorfile, require result:  { default: { plugins: [] } }
[2026-07-27T01:13:05.735] [DEBUG] debug-file - hvigorfile, binding system plugins null
[2026-07-27T01:13:05.735] [DEBUG] debug-file - Starting plugin build process
[2026-07-27T01:13:05.735] [DEBUG] debug-file - App plugin prepare start...
[2026-07-27T01:13:05.735] [DEBUG] debug-file - App plugin prepare end...
[2026-07-27T01:13:05.735] [DEBUG] debug-file - App plugin creating...
[2026-07-27T01:13:05.864] [DEBUG] debug-file - App plugin register hook start...
[2026-07-27T01:13:05.864] [DEBUG] debug-file - App plugin register hook end...
[2026-07-27T01:13:05.864] [DEBUG] debug-file - Plugin build process completed
[2026-07-27T01:13:05.865] [DEBUG] debug-file - Start initialize project's product build option map with build mode debug.
[2026-07-27T01:13:05.865] [DEBUG] debug-file - Picking option from product 'default' with build mode 'debug'.
[2026-07-27T01:13:05.866] [DEBUG] debug-file - Product 'default' build option initialized
[2026-07-27T01:13:05.866] [DEBUG] debug-file - End initialize project's product build option map with build mode 'debug'.
[2026-07-27T01:13:05.867] [DEBUG] debug-file - Obtain build option for product 'default'in this build.
[2026-07-27T01:13:05.868] [DEBUG] debug-file - No signingConfig found, initRemoteHspCache failed.
[2026-07-27T01:13:05.870] [DEBUG] debug-file - Local scan or download HarmonyOS sdk components toolchains,ets,js,native,previewer
[2026-07-27T01:13:05.872] [DEBUG] debug-file - Local scan or download hmscore sdk components toolchains,ets,native
[2026-07-27T01:13:05.873] [DEBUG] debug-file - Start recording SDK configuration permission data.
[2026-07-27T01:13:05.899] [DEBUG] debug-file - Sdk init in 30 ms 
[2026-07-27T01:13:05.904] [DEBUG] debug-file - Project task initialization takes 5 ms 
[2026-07-27T01:13:05.904] [DEBUG] debug-file - hvigorfile, begin to bind custom plugins...
[2026-07-27T01:13:05.904] [DEBUG] debug-file - hvigorfile, no custom plugins were found in D:\SLE-ID\slekey\hvigorfile.ts
[2026-07-27T01:13:05.904] [DEBUG] debug-file - hvigorfile, resolve finished D:\SLE-ID\slekey\hvigorfile.ts
[2026-07-27T01:13:05.905] [DEBUG] debug-file - hvigorfile, resolving D:\SLE-ID\slekey\entry\hvigorfile.ts
[2026-07-27T01:13:05.908] [DEBUG] debug-file - hvigorfile, require result:  { default: { plugins: [] } }
[2026-07-27T01:13:05.909] [DEBUG] debug-file - hvigorfile, binding system plugins null
[2026-07-27T01:13:05.909] [DEBUG] debug-file - Starting plugin build process
[2026-07-27T01:13:05.909] [DEBUG] debug-file - Hap plugin creating...
[2026-07-27T01:13:05.909] [DEBUG] debug-file - failed to load cangjie to dynamically generate schemas: Error: Cannot find module '@ohos/cangjie-build-support/index'
Require stack:
- C:\Program Files\Huawei\DevEco Studio\tools\hvigor\hvigor-ohos-plugin\src\plugin\hooks\cangjie-register.js
- C:\Program Files\Huawei\DevEco Studio\tools\hvigor\hvigor-ohos-plugin\src\plugin\strategy\stage-init-strategy.js
- C:\Program Files\Huawei\DevEco Studio\tools\hvigor\hvigor-ohos-plugin\src\plugin\builder\abstract-plugin-builder.js
- C:\Program Files\Huawei\DevEco Studio\tools\hvigor\hvigor-ohos-plugin\src\plugin\builder\app-plugin-builder.js
- C:\Program Files\Huawei\DevEco Studio\tools\hvigor\hvigor-ohos-plugin\src\plugin\factory\plugin-factory.js
- C:\Program Files\Huawei\DevEco Studio\tools\hvigor\hvigor-ohos-plugin\index.js
- D:\SLE-ID\slekey\hvigorfile.ts
- C:\Program Files\Huawei\DevEco Studio\tools\hvigor\hvigor\src\base\internal\lifecycle\configuration.js
- C:\Program Files\Huawei\DevEco Studio\tools\hvigor\hvigor\src\base\boot\index.js
- C:\Program Files\Huawei\DevEco Studio\tools\hvigor\hvigor\src\base\daemon\cluster\worker-process-lifecycle.js
- C:\Program Files\Huawei\DevEco Studio\tools\hvigor\hvigor\src\base\daemon\process\daemon-process-boot-script.js
[2026-07-27T01:13:05.920] [DEBUG] debug-file - Start initialize module-target build option map, moduleName=entry, buildMode=debug
[2026-07-27T01:13:05.920] [DEBUG] debug-file - Target 'default' config initialized
[2026-07-27T01:13:05.921] [DEBUG] debug-file - Module 'entry' target 'default' build option initialized
[2026-07-27T01:13:05.921] [DEBUG] debug-file - End initialize module-target build option map, moduleName=entry
[2026-07-27T01:13:05.921] [DEBUG] debug-file - Start initialize module-target build option map, moduleName=entry, buildMode=release
[2026-07-27T01:13:05.921] [DEBUG] debug-file - Target 'default' config initialized
[2026-07-27T01:13:05.921] [DEBUG] debug-file - Module 'entry' target 'default' build option initialized
[2026-07-27T01:13:05.921] [DEBUG] debug-file - End initialize module-target build option map, moduleName=entry
[2026-07-27T01:13:05.922] [DEBUG] debug-file - Start initialize module-target build option map, moduleName=entry, buildMode=debug
[2026-07-27T01:13:05.922] [DEBUG] debug-file - Target 'default' config initialized
[2026-07-27T01:13:05.922] [DEBUG] debug-file - Module 'entry' target 'default' build option initialized
[2026-07-27T01:13:05.922] [DEBUG] debug-file - End initialize module-target build option map, moduleName=entry
[2026-07-27T01:13:05.922] [DEBUG] debug-file - Obtain build option for module 'entry' target 'default'in this build.
[2026-07-27T01:13:05.926] [DEBUG] debug-file - Module entry task initialization takes 4 ms 
[2026-07-27T01:13:05.926] [DEBUG] debug-file - Hap plugin register hook start...
[2026-07-27T01:13:05.926] [DEBUG] debug-file - Hap plugin register hook end...
[2026-07-27T01:13:05.926] [DEBUG] debug-file - Plugin build process completed
[2026-07-27T01:13:05.926] [DEBUG] debug-file - hvigorfile, begin to bind custom plugins...
[2026-07-27T01:13:05.926] [DEBUG] debug-file - hvigorfile, no custom plugins were found in D:\SLE-ID\slekey\entry\hvigorfile.ts
[2026-07-27T01:13:05.926] [DEBUG] debug-file - hvigorfile, resolve finished D:\SLE-ID\slekey\entry\hvigorfile.ts
[2026-07-27T01:13:05.974] [DEBUG] debug-file - hvigorfile, resolve hvigorfile dependencies in 48 ms 
[2026-07-27T01:13:05.975] [DEBUG] debug-file - project has submodules:entry
[2026-07-27T01:13:05.976] [DEBUG] debug-file - start to load updatedOhPackageInfo to the disk
[2026-07-27T01:13:05.977] [DEBUG] debug-file - load to the disk finished
[2026-07-27T01:13:05.978] [DEBUG] debug-file - Start to initialize dependency information.
[2026-07-27T01:13:05.981] [DEBUG] debug-file - Module slekey Collected Dependency: D:\SLE-ID\slekey\oh_modules\@ohos\hypium
[2026-07-27T01:13:05.981] [DEBUG] debug-file - Module slekey's total dependency: 1
[2026-07-27T01:13:05.982] [DEBUG] debug-file - Start to initialize dependency information.
[2026-07-27T01:13:05.985] [DEBUG] debug-file - Module entry Collected Dependency: D:\SLE-ID\slekey\oh_modules\@ohos\hypium
[2026-07-27T01:13:05.985] [DEBUG] debug-file - Module entry's total dependency: 1
[2026-07-27T01:13:05.987] [DEBUG] debug-file - Configuration phase cost:1 s 435 ms 
[2026-07-27T01:13:05.989] [DEBUG] debug-file - Configuration task cost before running: 1 s 451 ms 
[2026-07-27T01:13:05.993] [DEBUG] debug-file - Executing task :entry:default@PreBuild
[2026-07-27T01:13:05.995] [DEBUG] debug-file - Task 'entry:default@PreBuild' cost while wrapping incremental declarations: 1 ms 
[2026-07-27T01:13:06.000] [DEBUG] debug-file - entry:default@PreBuild is not up-to-date, since the task snapshots are different.
[2026-07-27T01:13:06.000] [DEBUG] debug-file - Incremental task entry:default@PreBuild pre-execution cost: 4 ms .
[2026-07-27T01:13:06.087] [DEBUG] debug-file - current product is not Atomic service.
[2026-07-27T01:13:06.088] [DEBUG] debug-file - Use tool [win32: JAVA_HOME, CLASSPATH]
 [
  { JAVA_HOME: 'C:\\Program Files\\Huawei\\DevEco Studio\\jbr' },
  { CLASSPATH: undefined }
]
[2026-07-27T01:13:06.088] [DEBUG] debug-file - Use tool [win32: NODE_HOME]
 [
  {
    NODE_HOME: 'C:\\Program Files\\Huawei\\DevEco Studio\\tools\\node'
  }
]
[2026-07-27T01:13:06.088] [DEBUG] debug-file - entry : default@PreBuild cost memory 13.468215942382812
[2026-07-27T01:13:06.088] [DEBUG] debug-file - runTaskFromQueue task cost before running: 1 s 551 ms 
[2026-07-27T01:13:06.090] [INFO] debug-file - Finished :entry:default@PreBuild... after 96 ms 
[2026-07-27T01:13:06.091] [DEBUG] debug-file - Executing task :entry:default@CreateModuleInfo
[2026-07-27T01:13:06.091] [DEBUG] debug-file - Task 'entry:default@CreateModuleInfo' cost while wrapping incremental declarations: 1 ms 
[2026-07-27T01:13:06.091] [DEBUG] debug-file - entry : default@CreateModuleInfo cost memory 0.04248809814453125
[2026-07-27T01:13:06.091] [DEBUG] debug-file - runTaskFromQueue task cost before running: 1 s 554 ms 
[2026-07-27T01:13:06.091] [INFO] debug-file - Finished :entry:default@CreateModuleInfo... after 1 ms 
[2026-07-27T01:13:06.092] [DEBUG] debug-file - Executing task :entry:default@GenerateMetadata
[2026-07-27T01:13:06.093] [DEBUG] debug-file - Task 'entry:default@GenerateMetadata' cost while wrapping incremental declarations: 1 ms 
[2026-07-27T01:13:06.094] [DEBUG] debug-file - Incremental task entry:default@GenerateMetadata pre-execution cost: 1 ms .
[2026-07-27T01:13:06.094] [DEBUG] debug-file - entry : default@GenerateMetadata cost memory 0.0851898193359375
[2026-07-27T01:13:06.094] [INFO] debug-file - UP-TO-DATE :entry:default@GenerateMetadata...  
[2026-07-27T01:13:06.095] [DEBUG] debug-file - Executing task :entry:default@ConfigureCmake
[2026-07-27T01:13:06.095] [DEBUG] debug-file - entry : default@ConfigureCmake cost memory 0.014556884765625
[2026-07-27T01:13:06.095] [DEBUG] debug-file - runTaskFromQueue task cost before running: 1 s 557 ms 
[2026-07-27T01:13:06.095] [INFO] debug-file - Finished :entry:default@ConfigureCmake... after 1 ms 
[2026-07-27T01:13:06.096] [DEBUG] debug-file - Executing task :entry:default@MergeProfile
[2026-07-27T01:13:06.096] [DEBUG] debug-file - Task 'entry:default@MergeProfile' cost while wrapping incremental declarations: 1 ms 
[2026-07-27T01:13:06.098] [DEBUG] debug-file - Incremental task entry:default@MergeProfile pre-execution cost: 2 ms .
[2026-07-27T01:13:06.098] [DEBUG] debug-file - entry : default@MergeProfile cost memory 0.14327239990234375
[2026-07-27T01:13:06.098] [INFO] debug-file - UP-TO-DATE :entry:default@MergeProfile...  
[2026-07-27T01:13:06.099] [DEBUG] debug-file - Executing task :entry:default@CreateBuildProfile
[2026-07-27T01:13:06.099] [DEBUG] debug-file - Task 'entry:default@CreateBuildProfile' cost while wrapping incremental declarations: 1 ms 
[2026-07-27T01:13:06.100] [DEBUG] debug-file - Incremental task entry:default@CreateBuildProfile pre-execution cost: 1 ms .
[2026-07-27T01:13:06.100] [DEBUG] debug-file - entry : default@CreateBuildProfile cost memory 0.104278564453125
[2026-07-27T01:13:06.100] [INFO] debug-file - UP-TO-DATE :entry:default@CreateBuildProfile...  
[2026-07-27T01:13:06.101] [DEBUG] debug-file - Executing task :entry:default@PreCheckSyscap
[2026-07-27T01:13:06.101] [DEBUG] debug-file - entry : default@PreCheckSyscap cost memory 0.01479339599609375
[2026-07-27T01:13:06.101] [DEBUG] debug-file - runTaskFromQueue task cost before running: 1 s 563 ms 
[2026-07-27T01:13:06.101] [INFO] debug-file - Finished :entry:default@PreCheckSyscap... after 1 ms 
[2026-07-27T01:13:06.102] [DEBUG] debug-file - Executing task :entry:default@GeneratePkgContextInfo
[2026-07-27T01:13:06.108] [DEBUG] debug-file - Task 'entry:default@GeneratePkgContextInfo' cost while wrapping incremental declarations: 1 ms 
[2026-07-27T01:13:06.108] [DEBUG] debug-file - Incremental task entry:default@GeneratePkgContextInfo pre-execution cost: 1 ms .
[2026-07-27T01:13:06.108] [DEBUG] debug-file - entry : default@GeneratePkgContextInfo cost memory 0.8005447387695312
[2026-07-27T01:13:06.109] [INFO] debug-file - UP-TO-DATE :entry:default@GeneratePkgContextInfo...  
[2026-07-27T01:13:06.109] [DEBUG] debug-file - Executing task :entry:default@GeneratePkgSdkInfo
[2026-07-27T01:13:06.111] [DEBUG] debug-file - Dependency key: @ohos/hypium already exists, current dependency listed in devDependencies will be ignored.
[2026-07-27T01:13:06.111] [DEBUG] debug-file - Task 'entry:default@GeneratePkgSdkInfo' cost while wrapping incremental declarations: 1 ms 
[2026-07-27T01:13:06.111] [DEBUG] debug-file - entry : default@GeneratePkgSdkInfo cost memory 0.1310577392578125
[2026-07-27T01:13:06.111] [DEBUG] debug-file - runTaskFromQueue task cost before running: 1 s 573 ms 
[2026-07-27T01:13:06.111] [INFO] debug-file - Finished :entry:default@GeneratePkgSdkInfo... after 2 ms 
[2026-07-27T01:13:06.113] [DEBUG] debug-file - Executing task :entry:default@ProcessIntegratedHsp
[2026-07-27T01:13:06.115] [DEBUG] debug-file - entry:default@ProcessIntegratedHsp is not up-to-date, since the output file 'D:\SLE-ID\slekey\build\cache\default\integrated_hsp\integratedHspCache.json' does not exist.
[2026-07-27T01:13:06.116] [DEBUG] debug-file - Incremental task entry:default@ProcessIntegratedHsp pre-execution cost: 1 ms .
[2026-07-27T01:13:06.116] [DEBUG] debug-file - entry : default@ProcessIntegratedHsp cost memory -10.511405944824219
[2026-07-27T01:13:06.116] [DEBUG] debug-file - runTaskFromQueue task cost before running: 1 s 578 ms 
[2026-07-27T01:13:06.116] [INFO] debug-file - Finished :entry:default@ProcessIntegratedHsp... after 3 ms 
[2026-07-27T01:13:06.117] [DEBUG] debug-file - Executing task :entry:default@BuildNativeWithCmake
[2026-07-27T01:13:06.117] [DEBUG] debug-file - entry : default@BuildNativeWithCmake cost memory 0.01513671875
[2026-07-27T01:13:06.117] [DEBUG] debug-file - runTaskFromQueue task cost before running: 1 s 579 ms 
[2026-07-27T01:13:06.117] [INFO] debug-file - Finished :entry:default@BuildNativeWithCmake... after 1 ms 
[2026-07-27T01:13:06.118] [DEBUG] debug-file - Executing task :entry:default@MakePackInfo
[2026-07-27T01:13:06.119] [DEBUG] debug-file - Incremental task entry:default@MakePackInfo pre-execution cost: 1 ms .
[2026-07-27T01:13:06.119] [DEBUG] debug-file - entry : default@MakePackInfo cost memory 0.1036834716796875
[2026-07-27T01:13:06.119] [INFO] debug-file - UP-TO-DATE :entry:default@MakePackInfo...  
[2026-07-27T01:13:06.120] [DEBUG] debug-file - Executing task :entry:default@SyscapTransform
[2026-07-27T01:13:06.120] [DEBUG] debug-file - File: 'D:\SLE-ID\slekey\entry\src\main\syscap.json' from 'sysCapJsonPath' is not exists, just ignore.
[2026-07-27T01:13:06.121] [DEBUG] debug-file - Task 'entry:default@SyscapTransform' cost while wrapping incremental declarations: 1 ms 
[2026-07-27T01:13:06.130] [DEBUG] debug-file - entry:default@SyscapTransform is not up-to-date, since the output file 'D:\SLE-ID\slekey\entry\build\default\intermediates\syscap\default\rpcid.sc' does not exist.
[2026-07-27T01:13:06.130] [DEBUG] debug-file - Incremental task entry:default@SyscapTransform pre-execution cost: 10 ms .
[2026-07-27T01:13:06.130] [DEBUG] debug-file - entry : default@SyscapTransform cost memory 0.1561737060546875
[2026-07-27T01:13:06.130] [DEBUG] debug-file - runTaskFromQueue task cost before running: 1 s 593 ms 
[2026-07-27T01:13:06.131] [INFO] debug-file - Finished :entry:default@SyscapTransform... after 11 ms 
[2026-07-27T01:13:06.132] [DEBUG] debug-file - Executing task :entry:default@ProcessProfile
[2026-07-27T01:13:06.132] [DEBUG] debug-file - Task 'entry:default@ProcessProfile' cost while wrapping incremental declarations: 1 ms 
[2026-07-27T01:13:06.133] [DEBUG] debug-file - Incremental task entry:default@ProcessProfile pre-execution cost: 1 ms .
[2026-07-27T01:13:06.133] [DEBUG] debug-file - entry : default@ProcessProfile cost memory 0.13350677490234375
[2026-07-27T01:13:06.133] [INFO] debug-file - UP-TO-DATE :entry:default@ProcessProfile...  
[2026-07-27T01:13:06.134] [DEBUG] debug-file - Executing task :entry:default@ProcessRouterMap
[2026-07-27T01:13:06.135] [DEBUG] debug-file - Incremental task entry:default@ProcessRouterMap pre-execution cost: 1 ms .
[2026-07-27T01:13:06.135] [DEBUG] debug-file - entry : default@ProcessRouterMap cost memory 0.1640472412109375
[2026-07-27T01:13:06.136] [INFO] debug-file - UP-TO-DATE :entry:default@ProcessRouterMap...  
[2026-07-27T01:13:06.136] [DEBUG] debug-file - Executing task :entry:default@ProcessShareConfig
[2026-07-27T01:13:06.137] [DEBUG] debug-file - Incremental task entry:default@ProcessShareConfig pre-execution cost: 1 ms .
[2026-07-27T01:13:06.138] [DEBUG] debug-file - entry : default@ProcessShareConfig cost memory 0.1393585205078125
[2026-07-27T01:13:06.138] [INFO] debug-file - UP-TO-DATE :entry:default@ProcessShareConfig...  
[2026-07-27T01:13:06.139] [DEBUG] debug-file - Executing task :entry:default@ProcessStartupConfig
[2026-07-27T01:13:06.139] [DEBUG] debug-file - Task 'entry:default@ProcessStartupConfig' cost while wrapping incremental declarations: 1 ms 
[2026-07-27T01:13:06.139] [DEBUG] debug-file - entry:default@ProcessStartupConfig is not up-to-date, since the output file 'D:\SLE-ID\slekey\entry\build\default\intermediates\startup\default\startup_config.json' does not exist.
[2026-07-27T01:13:06.139] [DEBUG] debug-file - Incremental task entry:default@ProcessStartupConfig pre-execution cost: 1 ms .
[2026-07-27T01:13:06.140] [DEBUG] debug-file - entry : default@ProcessStartupConfig cost memory 0.1361846923828125
[2026-07-27T01:13:06.140] [DEBUG] debug-file - runTaskFromQueue task cost before running: 1 s 602 ms 
[2026-07-27T01:13:06.141] [INFO] debug-file - Finished :entry:default@ProcessStartupConfig... after 2 ms 
[2026-07-27T01:13:06.141] [DEBUG] debug-file - Executing task :entry:default@BuildNativeWithNinja
[2026-07-27T01:13:06.141] [DEBUG] debug-file - entry : default@BuildNativeWithNinja cost memory 0.02001953125
[2026-07-27T01:13:06.142] [DEBUG] debug-file - runTaskFromQueue task cost before running: 1 s 604 ms 
[2026-07-27T01:13:06.142] [INFO] debug-file - Finished :entry:default@BuildNativeWithNinja... after 1 ms 
[2026-07-27T01:13:06.143] [DEBUG] debug-file - restool module names: entry; moduleName=entry, taskName=default@ProcessResource
[2026-07-27T01:13:06.144] [DEBUG] debug-file - Executing task :entry:default@ProcessResource
[2026-07-27T01:13:06.144] [DEBUG] debug-file - Task 'entry:default@ProcessResource' cost while wrapping incremental declarations: 1 ms 
[2026-07-27T01:13:06.145] [DEBUG] debug-file - Incremental task entry:default@ProcessResource pre-execution cost: 1 ms .
[2026-07-27T01:13:06.145] [DEBUG] debug-file - entry : default@ProcessResource cost memory 0.1303558349609375
[2026-07-27T01:13:06.146] [INFO] debug-file - UP-TO-DATE :entry:default@ProcessResource...  
[2026-07-27T01:13:06.148] [DEBUG] debug-file - Executing task :entry:default@GenerateLoaderJson
[2026-07-27T01:13:06.148] [DEBUG] debug-file - Task 'entry:default@GenerateLoaderJson' cost while wrapping incremental declarations: 1 ms 
[2026-07-27T01:13:06.153] [DEBUG] debug-file - Incremental task entry:default@GenerateLoaderJson pre-execution cost: 3 ms .
[2026-07-27T01:13:06.153] [DEBUG] debug-file - entry : default@GenerateLoaderJson cost memory 0.74444580078125
[2026-07-27T01:13:06.155] [INFO] debug-file - UP-TO-DATE :entry:default@GenerateLoaderJson...  
[2026-07-27T01:13:06.156] [DEBUG] debug-file - Executing task :entry:default@ProcessLibs
[2026-07-27T01:13:06.158] [DEBUG] debug-file - Incremental task entry:default@ProcessLibs pre-execution cost: 1 ms .
[2026-07-27T01:13:06.158] [DEBUG] debug-file - entry : default@ProcessLibs cost memory 0.3903656005859375
[2026-07-27T01:13:06.158] [INFO] debug-file - UP-TO-DATE :entry:default@ProcessLibs...  
[2026-07-27T01:13:06.159] [DEBUG] debug-file - restool module names: entry; moduleName=entry, taskName=default@CompileResource
[2026-07-27T01:13:06.159] [DEBUG] debug-file - Executing task :entry:default@CompileResource
[2026-07-27T01:13:06.165] [DEBUG] debug-file - Incremental task entry:default@CompileResource pre-execution cost: 4 ms .
[2026-07-27T01:13:06.165] [DEBUG] debug-file - entry : default@CompileResource cost memory 0.5987014770507812
[2026-07-27T01:13:06.165] [INFO] debug-file - UP-TO-DATE :entry:default@CompileResource...  
[2026-07-27T01:13:06.166] [DEBUG] debug-file - Executing task :entry:default@DoNativeStrip
[2026-07-27T01:13:06.166] [DEBUG] debug-file - File: 'D:\SLE-ID\slekey\entry\build\default\intermediates\binxo\default' from 'doBinxoNativeLibs' is not exists, just ignore.
[2026-07-27T01:13:06.166] [DEBUG] debug-file - Task 'entry:default@DoNativeStrip' cost while wrapping incremental declarations: 1 ms 
[2026-07-27T01:13:06.167] [DEBUG] debug-file - Incremental task entry:default@DoNativeStrip pre-execution cost: 1 ms .
[2026-07-27T01:13:06.167] [DEBUG] debug-file - entry : default@DoNativeStrip cost memory 0.09267425537109375
[2026-07-27T01:13:06.167] [INFO] debug-file - UP-TO-DATE :entry:default@DoNativeStrip...  
[2026-07-27T01:13:06.168] [DEBUG] debug-file - Executing task :entry:default@CompileArkTS
[2026-07-27T01:13:06.168] [DEBUG] debug-file - obfuscationOptions: undefined
[2026-07-27T01:13:06.170] [DEBUG] debug-file - Task 'entry:default@CompileArkTS' cost while wrapping incremental declarations: 1 ms 
[2026-07-27T01:13:06.176] [DEBUG] debug-file - Incremental task entry:default@CompileArkTS pre-execution cost: 5 ms .
[2026-07-27T01:13:06.176] [DEBUG] debug-file - entry : default@CompileArkTS cost memory 0.9278488159179688
[2026-07-27T01:13:06.177] [INFO] debug-file - UP-TO-DATE :entry:default@CompileArkTS...  
[2026-07-27T01:13:06.178] [DEBUG] debug-file - Executing task :entry:default@BuildJS
[2026-07-27T01:13:06.178] [DEBUG] debug-file - Task 'entry:default@BuildJS' cost while wrapping incremental declarations: 1 ms 
[2026-07-27T01:13:06.180] [DEBUG] debug-file - entry : default@BuildJS cost memory 0.15639495849609375
[2026-07-27T01:13:06.180] [DEBUG] debug-file - runTaskFromQueue task cost before running: 1 s 642 ms 
[2026-07-27T01:13:06.180] [INFO] debug-file - Finished :entry:default@BuildJS... after 2 ms 
[2026-07-27T01:13:06.181] [DEBUG] debug-file - Executing task :entry:default@CacheNativeLibs
[2026-07-27T01:13:06.181] [DEBUG] debug-file - File: 'D:\SLE-ID\slekey\entry\build\default\intermediates\binxo\default' from 'cacheBinxoNativeLibs' is not exists, just ignore.
[2026-07-27T01:13:06.181] [DEBUG] debug-file - Task 'entry:default@CacheNativeLibs' cost while wrapping incremental declarations: 1 ms 
[2026-07-27T01:13:06.182] [DEBUG] debug-file - Incremental task entry:default@CacheNativeLibs pre-execution cost: 1 ms .
[2026-07-27T01:13:06.182] [DEBUG] debug-file - entry : default@CacheNativeLibs cost memory 0.12030792236328125
[2026-07-27T01:13:06.182] [INFO] debug-file - UP-TO-DATE :entry:default@CacheNativeLibs...  
[2026-07-27T01:13:06.183] [DEBUG] debug-file - Executing task :entry:default@GeneratePkgModuleJson
[2026-07-27T01:13:06.183] [DEBUG] debug-file - File: 'D:\SLE-ID\slekey\entry\build\default\intermediates\preload\default\preload.json' from 'preloadSoJsonPath' is not exists, just ignore.
[2026-07-27T01:13:06.183] [DEBUG] debug-file - Error occurs while handling @Input 'shouldDeduplicateHar': The "data" argument must be of type string or an instance of Buffer, TypedArray, or DataView. Received undefined
[2026-07-27T01:13:06.183] [DEBUG] debug-file - Task 'entry:default@GeneratePkgModuleJson' cost while wrapping incremental declarations: 1 ms 
[2026-07-27T01:13:06.184] [DEBUG] debug-file - Incremental task entry:default@GeneratePkgModuleJson pre-execution cost: 1 ms .
[2026-07-27T01:13:06.184] [DEBUG] debug-file - entry : default@GeneratePkgModuleJson cost memory 0.10385894775390625
[2026-07-27T01:13:06.184] [INFO] debug-file - UP-TO-DATE :entry:default@GeneratePkgModuleJson...  
[2026-07-27T01:13:06.184] [DEBUG] debug-file - Executing task :entry:default@ProcessCompiledResources
[2026-07-27T01:13:06.184] [DEBUG] debug-file - File: 'D:\SLE-ID\slekey\entry\build\default\intermediates\preload\default\preload.json' from 'preloadSoJsonPath' is not exists, just ignore.
[2026-07-27T01:13:06.184] [DEBUG] debug-file - Task 'entry:default@ProcessCompiledResources' cost while wrapping incremental declarations: 1 ms 
[2026-07-27T01:13:06.185] [DEBUG] debug-file - entry : default@ProcessCompiledResources cost memory 0.05844879150390625
[2026-07-27T01:13:06.185] [DEBUG] debug-file - runTaskFromQueue task cost before running: 1 s 647 ms 
[2026-07-27T01:13:06.185] [INFO] debug-file - Finished :entry:default@ProcessCompiledResources... after 1 ms 
[2026-07-27T01:13:06.186] [DEBUG] debug-file - Executing task :entry:default@PackageHap
[2026-07-27T01:13:06.190] [DEBUG] debug-file - Incremental task entry:default@PackageHap pre-execution cost: 4 ms .
[2026-07-27T01:13:06.190] [DEBUG] debug-file - entry : default@PackageHap cost memory 0.4404296875
[2026-07-27T01:13:06.191] [INFO] debug-file - UP-TO-DATE :entry:default@PackageHap...  
[2026-07-27T01:13:06.192] [DEBUG] debug-file - Executing task :entry:default@PackingCheck
[2026-07-27T01:13:06.196] [DEBUG] debug-file - entry : default@PackingCheck cost memory 0.436248779296875
[2026-07-27T01:13:06.196] [DEBUG] debug-file - runTaskFromQueue task cost before running: 1 s 658 ms 
[2026-07-27T01:13:06.196] [INFO] debug-file - Finished :entry:default@PackingCheck... after 5 ms 
[2026-07-27T01:13:06.197] [DEBUG] debug-file - Executing task :entry:default@SignHap
[2026-07-27T01:13:06.197] [WARN] debug-file - Will skip sign 'hos_hap'. No signingConfigs profile is configured in current project.
             If needed, configure the signingConfigs in D:\SLE-ID\slekey\build-profile.json5.
[2026-07-27T01:13:06.198] [DEBUG] debug-file - entry:default@SignHap is not up-to-date, since the output file 'D:\SLE-ID\slekey\entry\build\default\outputs\default\entry-default-signed.hap' does not exist.
[2026-07-27T01:13:06.198] [DEBUG] debug-file - Incremental task entry:default@SignHap pre-execution cost: 1 ms .
[2026-07-27T01:13:06.198] [DEBUG] debug-file - entry : default@SignHap cost memory 0.0908050537109375
[2026-07-27T01:13:06.198] [DEBUG] debug-file - runTaskFromQueue task cost before running: 1 s 661 ms 
[2026-07-27T01:13:06.199] [INFO] debug-file - Finished :entry:default@SignHap... after 2 ms 
[2026-07-27T01:13:06.199] [DEBUG] debug-file - Executing task :entry:default@CollectDebugSymbol
[2026-07-27T01:13:06.200] [DEBUG] debug-file - entry : default@CollectDebugSymbol cost memory 0.090606689453125
[2026-07-27T01:13:06.200] [DEBUG] debug-file - runTaskFromQueue task cost before running: 1 s 662 ms 
[2026-07-27T01:13:06.200] [INFO] debug-file - Finished :entry:default@CollectDebugSymbol... after 1 ms 
[2026-07-27T01:13:06.200] [DEBUG] debug-file - Executing task :entry:assembleHap
[2026-07-27T01:13:06.200] [DEBUG] debug-file - entry : assembleHap cost memory 0.0128326416015625
[2026-07-27T01:13:06.201] [DEBUG] debug-file - runTaskFromQueue task cost before running: 1 s 663 ms 
[2026-07-27T01:13:06.201] [INFO] debug-file - Finished :entry:assembleHap... after 1 ms 
[2026-07-27T01:13:06.210] [INFO] debug-file - BUILD SUCCESSFUL in 1 s 672 ms 
[2026-07-27T01:13:06.211] [DEBUG] debug-file - Update task entry:default@PreBuild input file:D:\SLE-ID\slekey\AppScope\app.json5 cache by regenerate.
[2026-07-27T01:13:06.211] [DEBUG] debug-file - Update task entry:default@PreBuild input file:D:\SLE-ID\slekey\entry\src\main\module.json5 cache by regenerate.
[2026-07-27T01:13:06.211] [DEBUG] debug-file - Update task entry:default@PreBuild input file:D:\SLE-ID\slekey\build-profile.json5 cache by regenerate.
[2026-07-27T01:13:06.211] [DEBUG] debug-file - Update task entry:default@PreBuild input file:D:\SLE-ID\slekey\entry\build-profile.json5 cache by regenerate.
[2026-07-27T01:13:06.211] [DEBUG] debug-file - Update task entry:default@PreBuild input file:D:\SLE-ID\slekey\entry\src\main\resources\base\profile\main_pages.json cache by regenerate.
[2026-07-27T01:13:06.211] [DEBUG] debug-file - Update task entry:default@PreBuild input file:D:\SLE-ID\slekey\hvigor\hvigor-config.json5 cache by regenerate.
[2026-07-27T01:13:06.211] [DEBUG] debug-file - Update task entry:default@PreBuild input file:D:\SLE-ID\slekey\entry\oh-package.json5 cache by regenerate.
[2026-07-27T01:13:06.212] [DEBUG] debug-file - Update task entry:default@PreBuild input file:D:\SLE-ID\slekey\oh-package.json5 cache by regenerate.
[2026-07-27T01:13:06.212] [DEBUG] debug-file - Incremental task entry:default@PreBuild post-execution cost:2 ms .
[2026-07-27T01:13:06.212] [DEBUG] debug-file - Update task entry:default@CreateModuleInfo output file:D:\SLE-ID\slekey\entry\build\default\generated\profile\default\ModuleInfo.ts cache.
[2026-07-27T01:13:06.212] [DEBUG] debug-file - Incremental task entry:default@CreateModuleInfo post-execution cost:1 ms .
[2026-07-27T01:13:06.212] [DEBUG] debug-file - There is no need to refresh cache, since the incremental task entry:default@GenerateMetadata is up-to-date.
[2026-07-27T01:13:06.212] [DEBUG] debug-file - There is no need to refresh cache, since the incremental task entry:default@MergeProfile is up-to-date.
[2026-07-27T01:13:06.212] [DEBUG] debug-file - There is no need to refresh cache, since the incremental task entry:default@CreateBuildProfile is up-to-date.
[2026-07-27T01:13:06.212] [DEBUG] debug-file - There is no need to refresh cache, since the incremental task entry:default@GeneratePkgContextInfo is up-to-date.
[2026-07-27T01:13:06.212] [DEBUG] debug-file - Update task entry:default@GeneratePkgSdkInfo output file:D:\SLE-ID\slekey\entry\build\default\intermediates\loader\default\pkgSdkInfo.json cache.
[2026-07-27T01:13:06.212] [DEBUG] debug-file - Incremental task entry:default@GeneratePkgSdkInfo post-execution cost:1 ms .
[2026-07-27T01:13:06.212] [DEBUG] debug-file - Update task entry:default@ProcessIntegratedHsp output file:D:\SLE-ID\slekey\build\cache\default\integrated_hsp\integratedHspCache.json cache.
[2026-07-27T01:13:06.213] [DEBUG] debug-file - Incremental task entry:default@ProcessIntegratedHsp post-execution cost:1 ms .
[2026-07-27T01:13:06.213] [DEBUG] debug-file - There is no need to refresh cache, since the incremental task entry:default@MakePackInfo is up-to-date.
[2026-07-27T01:13:06.213] [DEBUG] debug-file - Update task entry:default@SyscapTransform input file:C:\Program Files\Huawei\DevEco Studio\sdk\default\openharmony\toolchains\syscap_tool.exe cache by regenerate.
[2026-07-27T01:13:06.213] [DEBUG] debug-file - Update task entry:default@SyscapTransform input file:C:\Program Files\Huawei\DevEco Studio\sdk\default\openharmony\ets\api\device-define cache by regenerate.
[2026-07-27T01:13:06.213] [DEBUG] debug-file - Update task entry:default@SyscapTransform output file:D:\SLE-ID\slekey\entry\build\default\intermediates\syscap\default\rpcid.sc cache.
[2026-07-27T01:13:06.213] [DEBUG] debug-file - Incremental task entry:default@SyscapTransform post-execution cost:1 ms .
[2026-07-27T01:13:06.213] [DEBUG] debug-file - There is no need to refresh cache, since the incremental task entry:default@ProcessProfile is up-to-date.
[2026-07-27T01:13:06.213] [DEBUG] debug-file - There is no need to refresh cache, since the incremental task entry:default@ProcessRouterMap is up-to-date.
[2026-07-27T01:13:06.213] [DEBUG] debug-file - There is no need to refresh cache, since the incremental task entry:default@ProcessShareConfig is up-to-date.
[2026-07-27T01:13:06.214] [DEBUG] debug-file - Update task entry:default@ProcessStartupConfig input file:D:\SLE-ID\slekey\entry\build\default\intermediates\loader\default\pkgContextInfo.json cache by regenerate.
[2026-07-27T01:13:06.214] [DEBUG] debug-file - Update task entry:default@ProcessStartupConfig output file:D:\SLE-ID\slekey\entry\build\default\intermediates\startup\default\startup_config.json cache.
[2026-07-27T01:13:06.214] [DEBUG] debug-file - Incremental task entry:default@ProcessStartupConfig post-execution cost:1 ms .
[2026-07-27T01:13:06.214] [DEBUG] debug-file - There is no need to refresh cache, since the incremental task entry:default@ProcessResource is up-to-date.
[2026-07-27T01:13:06.214] [DEBUG] debug-file - There is no need to refresh cache, since the incremental task entry:default@GenerateLoaderJson is up-to-date.
[2026-07-27T01:13:06.214] [DEBUG] debug-file - There is no need to refresh cache, since the incremental task entry:default@ProcessLibs is up-to-date.
[2026-07-27T01:13:06.214] [DEBUG] debug-file - There is no need to refresh cache, since the incremental task entry:default@CompileResource is up-to-date.
[2026-07-27T01:13:06.214] [DEBUG] debug-file - There is no need to refresh cache, since the incremental task entry:default@DoNativeStrip is up-to-date.
[2026-07-27T01:13:06.214] [DEBUG] debug-file - There is no need to refresh cache, since the incremental task entry:default@CompileArkTS is up-to-date.
[2026-07-27T01:13:06.215] [DEBUG] debug-file - Update task entry:default@BuildJS input file:D:\SLE-ID\slekey\entry\build\default\intermediates\loader\default cache by regenerate.
[2026-07-27T01:13:06.215] [DEBUG] debug-file - Update task entry:default@BuildJS input file:D:\SLE-ID\slekey\oh_modules\@ohos\hypium\index.js cache by regenerate.
[2026-07-27T01:13:06.215] [DEBUG] debug-file - Update task entry:default@BuildJS input file:D:\SLE-ID\slekey\entry\build\default\intermediates\res\default\resources\rawfile cache by regenerate.
[2026-07-27T01:13:06.215] [DEBUG] debug-file - Update task entry:default@BuildJS input file:D:\SLE-ID\slekey\entry\build\default\intermediates\res\default\ResourceTable.txt cache by regenerate.
[2026-07-27T01:13:06.215] [DEBUG] debug-file - Update task entry:default@BuildJS input file:D:\SLE-ID\slekey\entry\build\default\intermediates\res\default\ark_module.json cache by regenerate.
[2026-07-27T01:13:06.215] [DEBUG] debug-file - Update task entry:default@BuildJS input file:D:\SLE-ID\slekey\entry\build\default\intermediates\res\default\resources\base\profile cache by regenerate.
[2026-07-27T01:13:06.216] [DEBUG] debug-file - Update task entry:default@BuildJS input file:D:\SLE-ID\slekey\entry\build\default\intermediates\loader\default\pkgContextInfo.json cache by regenerate.
[2026-07-27T01:13:06.216] [DEBUG] debug-file - Update task entry:default@BuildJS output file:D:\SLE-ID\slekey\entry\build\default\intermediates\loader_out\default\js cache.
[2026-07-27T01:13:06.216] [DEBUG] debug-file - Incremental task entry:default@BuildJS post-execution cost:2 ms .
[2026-07-27T01:13:06.216] [DEBUG] debug-file - There is no need to refresh cache, since the incremental task entry:default@CacheNativeLibs is up-to-date.
[2026-07-27T01:13:06.216] [DEBUG] debug-file - There is no need to refresh cache, since the incremental task entry:default@GeneratePkgModuleJson is up-to-date.
[2026-07-27T01:13:06.216] [DEBUG] debug-file - Incremental task entry:default@ProcessCompiledResources post-execution cost:1 ms .
[2026-07-27T01:13:06.216] [DEBUG] debug-file - There is no need to refresh cache, since the incremental task entry:default@PackageHap is up-to-date.
[2026-07-27T01:13:06.216] [DEBUG] debug-file - Update task entry:default@SignHap input file:D:\SLE-ID\slekey\entry\build\default\outputs\default\entry-default-unsigned.hap cache by regenerate.
[2026-07-27T01:13:06.216] [DEBUG] debug-file - Update task entry:default@SignHap output file:D:\SLE-ID\slekey\entry\build\default\outputs\default\entry-default-signed.hap cache.
[2026-07-27T01:13:06.216] [DEBUG] debug-file - Incremental task entry:default@SignHap post-execution cost:1 ms .
[2026-07-27T01:13:06.217] [DEBUG] debug-file - Update task entry:default@CollectDebugSymbol input file:D:\SLE-ID\slekey\entry\build\default\intermediates\loader_out\default\ets\sourceMaps.map cache by regenerate.
[2026-07-27T01:13:06.217] [DEBUG] debug-file - Update task entry:default@CollectDebugSymbol input file:D:\SLE-ID\slekey\entry\build\default\intermediates\libs\default cache by regenerate.
[2026-07-27T01:13:06.217] [DEBUG] debug-file - Update task entry:default@CollectDebugSymbol output file:D:\SLE-ID\slekey\entry\build\default\outputs\default\symbol cache.
[2026-07-27T01:13:06.217] [DEBUG] debug-file - Incremental task entry:default@CollectDebugSymbol post-execution cost:1 ms .
[2026-07-27T01:13:06.242] [DEBUG] debug-file - session manager: send message to worker process.
[2026-07-27T01:13:06.243] [DEBUG] debug-file - session manager: send message to worker process.
[2026-07-27T01:13:06.315] [DEBUG] debug-file - Cleanup worker 0.
[2026-07-27T01:13:06.315] [DEBUG] debug-file - Worker 0 has been cleaned up.
[2026-07-27T01:13:06.315] [DEBUG] debug-file - Current idle worker size: 1.
[2026-07-27T01:13:06.315] [DEBUG] debug-file - Current resident worker size: 2.
[2026-07-27T01:13:06.315] [DEBUG] debug-file - Cleanup worker 1.
[2026-07-27T01:13:06.315] [DEBUG] debug-file - Worker 1 has been cleaned up.
[2026-07-27T01:13:06.315] [DEBUG] debug-file - Current idle worker size: 0.
[2026-07-27T01:13:06.315] [DEBUG] debug-file - Current resident worker size: 2.
[2026-07-27T01:13:06.316] [DEBUG] debug-file - hvigor build process will be closed.
[2026-07-27T01:13:06.323] [DEBUG] debug-file - worker[0] exits with exit code 1.
[2026-07-27T01:13:06.323] [DEBUG] debug-file - worker[1] exits with exit code 1.
[2026-07-27T01:13:06.326] [DEBUG] debug-file - watch worker: worker id should be larger than 0. Nothing will be sent to any worker thread.
[2026-07-27T01:13:06.326] [DEBUG] debug-file - watch worker: worker id should be larger than 0. Nothing will be sent to any worker thread.
[2026-07-27T01:13:27.378] [DEBUG] debug-file - session manager: set active socket. socketId=NR1-TFIlu8WIoyvuAAAD
[2026-07-27T01:13:27.384] [DEBUG] debug-file - watch worker: worker id should be larger than 0. Nothing will be sent to any worker thread.
[2026-07-27T01:13:27.387] [DEBUG] debug-file - Workers' log level updated to INFO
[2026-07-27T01:13:27.390] [DEBUG] debug-file - Hvigor init with startParameters:{
  hvigorfileTypeCheck: false,
  parallelExecution: true,
  incrementalExecution: true,
  printStackTrace: false,
  daemon: true,
  analyze: 0,
  logLevel: Level { level: 20000, levelStr: 'INFO', colour: 'green' },
  optimizationStrategy: 'memory',
  hotCompile: undefined,
  hotReloadBuild: undefined,
  customizedParam: undefined
}
[2026-07-27T01:13:27.393] [DEBUG] debug-file - Cache service initialization finished in 3 ms 
[2026-07-27T01:13:27.393] [DEBUG] debug-file - hvigorfile, resolving D:\SLE-ID\slekey\hvigorfile.ts
[2026-07-27T01:13:27.399] [DEBUG] debug-file - hvigorfile, require result:  { default: { plugins: [] } }
[2026-07-27T01:13:27.399] [DEBUG] debug-file - hvigorfile, binding system plugins null
[2026-07-27T01:13:27.400] [DEBUG] debug-file - Starting plugin build process
[2026-07-27T01:13:27.400] [DEBUG] debug-file - App plugin prepare start...
[2026-07-27T01:13:27.400] [DEBUG] debug-file - App plugin prepare end...
[2026-07-27T01:13:27.400] [DEBUG] debug-file - App plugin creating...
[2026-07-27T01:13:27.404] [DEBUG] debug-file - App plugin register hook start...
[2026-07-27T01:13:27.404] [DEBUG] debug-file - App plugin register hook end...
[2026-07-27T01:13:27.404] [DEBUG] debug-file - Plugin build process completed
[2026-07-27T01:13:27.404] [DEBUG] debug-file - Start initialize project's product build option map with build mode debug.
[2026-07-27T01:13:27.404] [DEBUG] debug-file - Picking option from product 'default' with build mode 'debug'.
[2026-07-27T01:13:27.405] [DEBUG] debug-file - Product 'default' build option initialized
[2026-07-27T01:13:27.405] [DEBUG] debug-file - End initialize project's product build option map with build mode 'debug'.
[2026-07-27T01:13:27.405] [DEBUG] debug-file - Obtain build option for product 'default'in this build.
[2026-07-27T01:13:27.406] [DEBUG] debug-file - D:\SLE-ID\slekey\build\cache\default\remote_hsp\remoteHspCache.json not exists.
[2026-07-27T01:13:27.408] [DEBUG] debug-file - Start recording SDK configuration permission data.
[2026-07-27T01:13:27.434] [DEBUG] debug-file - Sdk init in 28 ms 
[2026-07-27T01:13:27.437] [DEBUG] debug-file - Project task initialization takes 3 ms 
[2026-07-27T01:13:27.437] [DEBUG] debug-file - hvigorfile, begin to bind custom plugins...
[2026-07-27T01:13:27.437] [DEBUG] debug-file - hvigorfile, no custom plugins were found in D:\SLE-ID\slekey\hvigorfile.ts
[2026-07-27T01:13:27.437] [DEBUG] debug-file - hvigorfile, resolve finished D:\SLE-ID\slekey\hvigorfile.ts
[2026-07-27T01:13:27.437] [DEBUG] debug-file - hvigorfile, resolving D:\SLE-ID\slekey\entry\hvigorfile.ts
[2026-07-27T01:13:27.441] [DEBUG] debug-file - hvigorfile, require result:  { default: { plugins: [] } }
[2026-07-27T01:13:27.441] [DEBUG] debug-file - hvigorfile, binding system plugins null
[2026-07-27T01:13:27.441] [DEBUG] debug-file - Starting plugin build process
[2026-07-27T01:13:27.441] [DEBUG] debug-file - Hap plugin creating...
[2026-07-27T01:13:27.442] [DEBUG] debug-file - failed to load cangjie to dynamically generate schemas: Error: Cannot find module '@ohos/cangjie-build-support/index'
Require stack:
- C:\Program Files\Huawei\DevEco Studio\tools\hvigor\hvigor-ohos-plugin\src\plugin\hooks\cangjie-register.js
- C:\Program Files\Huawei\DevEco Studio\tools\hvigor\hvigor-ohos-plugin\src\plugin\strategy\stage-init-strategy.js
- C:\Program Files\Huawei\DevEco Studio\tools\hvigor\hvigor-ohos-plugin\src\plugin\builder\abstract-plugin-builder.js
- C:\Program Files\Huawei\DevEco Studio\tools\hvigor\hvigor-ohos-plugin\src\plugin\builder\app-plugin-builder.js
- C:\Program Files\Huawei\DevEco Studio\tools\hvigor\hvigor-ohos-plugin\src\plugin\factory\plugin-factory.js
- C:\Program Files\Huawei\DevEco Studio\tools\hvigor\hvigor-ohos-plugin\index.js
- D:\SLE-ID\slekey\hvigorfile.ts
- C:\Program Files\Huawei\DevEco Studio\tools\hvigor\hvigor\src\base\internal\lifecycle\configuration.js
- C:\Program Files\Huawei\DevEco Studio\tools\hvigor\hvigor\src\base\boot\index.js
- C:\Program Files\Huawei\DevEco Studio\tools\hvigor\hvigor\src\base\daemon\cluster\worker-process-lifecycle.js
- C:\Program Files\Huawei\DevEco Studio\tools\hvigor\hvigor\src\base\daemon\process\daemon-process-boot-script.js
[2026-07-27T01:13:27.448] [DEBUG] debug-file - Start initialize module-target build option map, moduleName=entry, buildMode=debug
[2026-07-27T01:13:27.449] [DEBUG] debug-file - Target 'default' config initialized
[2026-07-27T01:13:27.449] [DEBUG] debug-file - Module 'entry' target 'default' build option initialized
[2026-07-27T01:13:27.449] [DEBUG] debug-file - End initialize module-target build option map, moduleName=entry
[2026-07-27T01:13:27.449] [DEBUG] debug-file - Start initialize module-target build option map, moduleName=entry, buildMode=release
[2026-07-27T01:13:27.449] [DEBUG] debug-file - Target 'default' config initialized
[2026-07-27T01:13:27.449] [DEBUG] debug-file - Module 'entry' target 'default' build option initialized
[2026-07-27T01:13:27.449] [DEBUG] debug-file - End initialize module-target build option map, moduleName=entry
[2026-07-27T01:13:27.449] [DEBUG] debug-file - Start initialize module-target build option map, moduleName=entry, buildMode=debug
[2026-07-27T01:13:27.449] [DEBUG] debug-file - Target 'default' config initialized
[2026-07-27T01:13:27.450] [DEBUG] debug-file - Module 'entry' target 'default' build option initialized
[2026-07-27T01:13:27.450] [DEBUG] debug-file - End initialize module-target build option map, moduleName=entry
[2026-07-27T01:13:27.450] [DEBUG] debug-file - Obtain build option for module 'entry' target 'default'in this build.
[2026-07-27T01:13:27.452] [DEBUG] debug-file - Module entry task initialization takes 2 ms 
[2026-07-27T01:13:27.452] [DEBUG] debug-file - Hap plugin register hook start...
[2026-07-27T01:13:27.452] [DEBUG] debug-file - Hap plugin register hook end...
[2026-07-27T01:13:27.452] [DEBUG] debug-file - Plugin build process completed
[2026-07-27T01:13:27.452] [DEBUG] debug-file - hvigorfile, begin to bind custom plugins...
[2026-07-27T01:13:27.452] [DEBUG] debug-file - hvigorfile, no custom plugins were found in D:\SLE-ID\slekey\entry\hvigorfile.ts
[2026-07-27T01:13:27.452] [DEBUG] debug-file - hvigorfile, resolve finished D:\SLE-ID\slekey\entry\hvigorfile.ts
[2026-07-27T01:13:27.506] [DEBUG] debug-file - hvigorfile, resolve hvigorfile dependencies in 54 ms 
[2026-07-27T01:13:27.507] [DEBUG] debug-file - project has submodules:entry
[2026-07-27T01:13:27.508] [DEBUG] debug-file - start to load updatedOhPackageInfo to the disk
[2026-07-27T01:13:27.509] [DEBUG] debug-file - load to the disk finished
[2026-07-27T01:13:27.510] [DEBUG] debug-file - Start to initialize dependency information.
[2026-07-27T01:13:27.513] [DEBUG] debug-file - Module slekey Collected Dependency: D:\SLE-ID\slekey\oh_modules\.ohpm\@ohos+hypium@1.0.19\oh_modules\@ohos\hypium
[2026-07-27T01:13:27.513] [DEBUG] debug-file - Module slekey's total dependency: 1
[2026-07-27T01:13:27.513] [DEBUG] debug-file - Start to initialize dependency information.
[2026-07-27T01:13:27.514] [DEBUG] debug-file - Module entry Collected Dependency: D:\SLE-ID\slekey\oh_modules\.ohpm\@ohos+hypium@1.0.19\oh_modules\@ohos\hypium
[2026-07-27T01:13:27.514] [DEBUG] debug-file - Module entry's total dependency: 1
[2026-07-27T01:13:27.516] [DEBUG] debug-file - Configuration phase cost:123 ms 
[2026-07-27T01:13:27.517] [DEBUG] debug-file - Configuration task cost before running: 130 ms 
[2026-07-27T01:13:27.517] [DEBUG] debug-file - Executing task :entry:init
[2026-07-27T01:13:27.517] [DEBUG] debug-file - entry : init cost memory 0.014892578125
[2026-07-27T01:13:27.517] [DEBUG] debug-file - runTaskFromQueue task cost before running: 131 ms 
[2026-07-27T01:13:27.518] [INFO] debug-file - Finished :entry:init... after 1 ms 
[2026-07-27T01:13:27.518] [DEBUG] debug-file - Executing task ::init
[2026-07-27T01:13:27.518] [DEBUG] debug-file - slekey : init cost memory 0.0141448974609375
[2026-07-27T01:13:27.518] [DEBUG] debug-file - runTaskFromQueue task cost before running: 131 ms 
[2026-07-27T01:13:27.518] [INFO] debug-file - Finished ::init... after 1 ms 
[2026-07-27T01:13:27.529] [DEBUG] debug-file - Obtain build option for module 'entry' target 'default'in this build.
[2026-07-27T01:13:27.531] [DEBUG] debug-file - There's no busy workers and idle workers need cleanup.
[2026-07-27T01:13:27.531] [DEBUG] debug-file - hvigor build process will be closed.
[2026-07-27T01:13:27.539] [DEBUG] debug-file - session manager: send message to worker process.
[2026-07-27T01:13:27.540] [DEBUG] debug-file - session manager: send message to worker process.
[2026-07-27T01:13:27.588] [DEBUG] debug-file - watch worker: worker id should be larger than 0. Nothing will be sent to any worker thread.
[2026-07-27T01:13:27.588] [DEBUG] debug-file - watch worker: worker id should be larger than 0. Nothing will be sent to any worker thread.
[2026-07-27T01:13:29.328] [DEBUG] debug-file - session manager: set active socket. socketId=Dio4LdzJn8BvhnAEAAAF
[2026-07-27T01:13:29.333] [DEBUG] debug-file - watch worker: worker id should be larger than 0. Nothing will be sent to any worker thread.
[2026-07-27T01:13:29.335] [DEBUG] debug-file - Workers' log level updated to INFO
[2026-07-27T01:13:29.337] [DEBUG] debug-file - Hvigor init with startParameters:{
  hvigorfileTypeCheck: false,
  parallelExecution: true,
  incrementalExecution: true,
  printStackTrace: false,
  daemon: true,
  analyze: 0,
  logLevel: Level { level: 20000, levelStr: 'INFO', colour: 'green' },
  optimizationStrategy: 'memory',
  hotCompile: undefined,
  hotReloadBuild: undefined,
  customizedParam: undefined
}
[2026-07-27T01:13:29.340] [DEBUG] debug-file - Cache service initialization finished in 3 ms 
[2026-07-27T01:13:29.340] [DEBUG] debug-file - hvigorfile, resolving D:\SLE-ID\slekey\hvigorfile.ts
[2026-07-27T01:13:29.346] [DEBUG] debug-file - hvigorfile, require result:  { default: { plugins: [] } }
[2026-07-27T01:13:29.346] [DEBUG] debug-file - hvigorfile, binding system plugins null
[2026-07-27T01:13:29.346] [DEBUG] debug-file - Starting plugin build process
[2026-07-27T01:13:29.346] [DEBUG] debug-file - App plugin prepare start...
[2026-07-27T01:13:29.346] [DEBUG] debug-file - App plugin prepare end...
[2026-07-27T01:13:29.346] [DEBUG] debug-file - App plugin creating...
[2026-07-27T01:13:29.349] [DEBUG] debug-file - App plugin register hook start...
[2026-07-27T01:13:29.349] [DEBUG] debug-file - App plugin register hook end...
[2026-07-27T01:13:29.349] [DEBUG] debug-file - Plugin build process completed
[2026-07-27T01:13:29.350] [DEBUG] debug-file - Start initialize project's product build option map with build mode debug.
[2026-07-27T01:13:29.350] [DEBUG] debug-file - Picking option from product 'default' with build mode 'debug'.
[2026-07-27T01:13:29.350] [DEBUG] debug-file - Product 'default' build option initialized
[2026-07-27T01:13:29.350] [DEBUG] debug-file - End initialize project's product build option map with build mode 'debug'.
[2026-07-27T01:13:29.350] [DEBUG] debug-file - Obtain build option for product 'default'in this build.
[2026-07-27T01:13:29.351] [DEBUG] debug-file - D:\SLE-ID\slekey\build\cache\default\remote_hsp\remoteHspCache.json not exists.
[2026-07-27T01:13:29.352] [DEBUG] debug-file - Start recording SDK configuration permission data.
[2026-07-27T01:13:29.368] [DEBUG] debug-file - Sdk init in 17 ms 
[2026-07-27T01:13:29.372] [DEBUG] debug-file - Project task initialization takes 3 ms 
[2026-07-27T01:13:29.372] [DEBUG] debug-file - hvigorfile, begin to bind custom plugins...
[2026-07-27T01:13:29.372] [DEBUG] debug-file - hvigorfile, no custom plugins were found in D:\SLE-ID\slekey\hvigorfile.ts
[2026-07-27T01:13:29.372] [DEBUG] debug-file - hvigorfile, resolve finished D:\SLE-ID\slekey\hvigorfile.ts
[2026-07-27T01:13:29.372] [DEBUG] debug-file - hvigorfile, resolving D:\SLE-ID\slekey\entry\hvigorfile.ts
[2026-07-27T01:13:29.375] [DEBUG] debug-file - hvigorfile, require result:  { default: { plugins: [] } }
[2026-07-27T01:13:29.375] [DEBUG] debug-file - hvigorfile, binding system plugins null
[2026-07-27T01:13:29.375] [DEBUG] debug-file - Starting plugin build process
[2026-07-27T01:13:29.375] [DEBUG] debug-file - Hap plugin creating...
[2026-07-27T01:13:29.376] [DEBUG] debug-file - failed to load cangjie to dynamically generate schemas: Error: Cannot find module '@ohos/cangjie-build-support/index'
Require stack:
- C:\Program Files\Huawei\DevEco Studio\tools\hvigor\hvigor-ohos-plugin\src\plugin\hooks\cangjie-register.js
- C:\Program Files\Huawei\DevEco Studio\tools\hvigor\hvigor-ohos-plugin\src\plugin\strategy\stage-init-strategy.js
- C:\Program Files\Huawei\DevEco Studio\tools\hvigor\hvigor-ohos-plugin\src\plugin\builder\abstract-plugin-builder.js
- C:\Program Files\Huawei\DevEco Studio\tools\hvigor\hvigor-ohos-plugin\src\plugin\builder\app-plugin-builder.js
- C:\Program Files\Huawei\DevEco Studio\tools\hvigor\hvigor-ohos-plugin\src\plugin\factory\plugin-factory.js
- C:\Program Files\Huawei\DevEco Studio\tools\hvigor\hvigor-ohos-plugin\index.js
- D:\SLE-ID\slekey\hvigorfile.ts
- C:\Program Files\Huawei\DevEco Studio\tools\hvigor\hvigor\src\base\internal\lifecycle\configuration.js
- C:\Program Files\Huawei\DevEco Studio\tools\hvigor\hvigor\src\base\boot\index.js
- C:\Program Files\Huawei\DevEco Studio\tools\hvigor\hvigor\src\base\daemon\cluster\worker-process-lifecycle.js
- C:\Program Files\Huawei\DevEco Studio\tools\hvigor\hvigor\src\base\daemon\process\daemon-process-boot-script.js
[2026-07-27T01:13:29.377] [DEBUG] debug-file - Start initialize module-target build option map, moduleName=entry, buildMode=debug
[2026-07-27T01:13:29.377] [DEBUG] debug-file - Target 'default' config initialized
[2026-07-27T01:13:29.378] [DEBUG] debug-file - Module 'entry' target 'default' build option initialized
[2026-07-27T01:13:29.378] [DEBUG] debug-file - End initialize module-target build option map, moduleName=entry
[2026-07-27T01:13:29.378] [DEBUG] debug-file - Start initialize module-target build option map, moduleName=entry, buildMode=release
[2026-07-27T01:13:29.378] [DEBUG] debug-file - Target 'default' config initialized
[2026-07-27T01:13:29.378] [DEBUG] debug-file - Module 'entry' target 'default' build option initialized
[2026-07-27T01:13:29.378] [DEBUG] debug-file - End initialize module-target build option map, moduleName=entry
[2026-07-27T01:13:29.378] [DEBUG] debug-file - Start initialize module-target build option map, moduleName=entry, buildMode=debug
[2026-07-27T01:13:29.378] [DEBUG] debug-file - Target 'default' config initialized
[2026-07-27T01:13:29.378] [DEBUG] debug-file - Module 'entry' target 'default' build option initialized
[2026-07-27T01:13:29.378] [DEBUG] debug-file - End initialize module-target build option map, moduleName=entry
[2026-07-27T01:13:29.378] [DEBUG] debug-file - Obtain build option for module 'entry' target 'default'in this build.
[2026-07-27T01:13:29.379] [DEBUG] debug-file - Module entry task initialization takes 1 ms 
[2026-07-27T01:13:29.379] [DEBUG] debug-file - Hap plugin register hook start...
[2026-07-27T01:13:29.379] [DEBUG] debug-file - Hap plugin register hook end...
[2026-07-27T01:13:29.379] [DEBUG] debug-file - Plugin build process completed
[2026-07-27T01:13:29.379] [DEBUG] debug-file - hvigorfile, begin to bind custom plugins...
[2026-07-27T01:13:29.379] [DEBUG] debug-file - hvigorfile, no custom plugins were found in D:\SLE-ID\slekey\entry\hvigorfile.ts
[2026-07-27T01:13:29.379] [DEBUG] debug-file - hvigorfile, resolve finished D:\SLE-ID\slekey\entry\hvigorfile.ts
[2026-07-27T01:13:29.427] [DEBUG] debug-file - hvigorfile, resolve hvigorfile dependencies in 48 ms 
[2026-07-27T01:13:29.428] [DEBUG] debug-file - project has submodules:entry
[2026-07-27T01:13:29.428] [DEBUG] debug-file - start to load updatedOhPackageInfo to the disk
[2026-07-27T01:13:29.429] [DEBUG] debug-file - load to the disk finished
[2026-07-27T01:13:29.430] [DEBUG] debug-file - Start to initialize dependency information.
[2026-07-27T01:13:29.431] [DEBUG] debug-file - Module slekey Collected Dependency: D:\SLE-ID\slekey\oh_modules\.ohpm\@ohos+hypium@1.0.19\oh_modules\@ohos\hypium
[2026-07-27T01:13:29.432] [DEBUG] debug-file - Module slekey's total dependency: 1
[2026-07-27T01:13:29.432] [DEBUG] debug-file - Start to initialize dependency information.
[2026-07-27T01:13:29.433] [DEBUG] debug-file - Module entry Collected Dependency: D:\SLE-ID\slekey\oh_modules\.ohpm\@ohos+hypium@1.0.19\oh_modules\@ohos\hypium
[2026-07-27T01:13:29.433] [DEBUG] debug-file - Module entry's total dependency: 1
[2026-07-27T01:13:29.434] [DEBUG] debug-file - Configuration phase cost:95 ms 
[2026-07-27T01:13:29.435] [DEBUG] debug-file - Configuration task cost before running: 100 ms 
[2026-07-27T01:13:29.438] [DEBUG] debug-file - Executing task :entry:default@PreBuild
[2026-07-27T01:13:29.439] [DEBUG] debug-file - Task 'entry:default@PreBuild' cost while wrapping incremental declarations: 1 ms 
[2026-07-27T01:13:29.442] [DEBUG] debug-file - entry:default@PreBuild is not up-to-date, since the input file 'D:\SLE-ID\slekey\build-profile.json5' has been changed.
[2026-07-27T01:13:29.442] [DEBUG] debug-file - Incremental task entry:default@PreBuild pre-execution cost: 2 ms .
[2026-07-27T01:13:29.456] [DEBUG] debug-file - current product is not Atomic service.
[2026-07-27T01:13:29.456] [DEBUG] debug-file - Use tool [win32: JAVA_HOME, CLASSPATH]
 [
  { JAVA_HOME: 'C:\\Program Files\\Huawei\\DevEco Studio\\jbr' },
  { CLASSPATH: undefined }
]
[2026-07-27T01:13:29.456] [DEBUG] debug-file - Use tool [win32: NODE_HOME]
 [
  {
    NODE_HOME: 'C:\\Program Files\\Huawei\\DevEco Studio\\tools\\node'
  }
]
[2026-07-27T01:13:29.456] [DEBUG] debug-file - entry : default@PreBuild cost memory 1.051605224609375
[2026-07-27T01:13:29.457] [DEBUG] debug-file - runTaskFromQueue task cost before running: 122 ms 
[2026-07-27T01:13:29.458] [INFO] debug-file - Finished :entry:default@PreBuild... after 19 ms 
[2026-07-27T01:13:29.458] [DEBUG] debug-file - Executing task :entry:default@CreateModuleInfo
[2026-07-27T01:13:29.458] [DEBUG] debug-file - Task 'entry:default@CreateModuleInfo' cost while wrapping incremental declarations: 1 ms 
[2026-07-27T01:13:29.459] [DEBUG] debug-file - entry : default@CreateModuleInfo cost memory 0.04157257080078125
[2026-07-27T01:13:29.459] [DEBUG] debug-file - runTaskFromQueue task cost before running: 124 ms 
[2026-07-27T01:13:29.459] [INFO] debug-file - Finished :entry:default@CreateModuleInfo... after 1 ms 
[2026-07-27T01:13:29.460] [DEBUG] debug-file - Executing task :entry:default@GenerateMetadata
[2026-07-27T01:13:29.461] [DEBUG] debug-file - Task 'entry:default@GenerateMetadata' cost while wrapping incremental declarations: 1 ms 
[2026-07-27T01:13:29.461] [DEBUG] debug-file - entry:default@GenerateMetadata is not up-to-date, since the task snapshots are different.
[2026-07-27T01:13:29.461] [DEBUG] debug-file - Incremental task entry:default@GenerateMetadata pre-execution cost: 1 ms .
[2026-07-27T01:13:29.463] [DEBUG] debug-file - entry : default@GenerateMetadata cost memory 0.138916015625
[2026-07-27T01:13:29.463] [DEBUG] debug-file - runTaskFromQueue task cost before running: 128 ms 
[2026-07-27T01:13:29.463] [INFO] debug-file - Finished :entry:default@GenerateMetadata... after 3 ms 
[2026-07-27T01:13:29.464] [DEBUG] debug-file - Executing task :entry:default@ConfigureCmake
[2026-07-27T01:13:29.464] [DEBUG] debug-file - entry : default@ConfigureCmake cost memory 0.01519775390625
[2026-07-27T01:13:29.464] [DEBUG] debug-file - runTaskFromQueue task cost before running: 130 ms 
[2026-07-27T01:13:29.464] [INFO] debug-file - Finished :entry:default@ConfigureCmake... after 1 ms 
[2026-07-27T01:13:29.465] [DEBUG] debug-file - Executing task :entry:default@MergeProfile
[2026-07-27T01:13:29.465] [DEBUG] debug-file - Task 'entry:default@MergeProfile' cost while wrapping incremental declarations: 1 ms 
[2026-07-27T01:13:29.466] [DEBUG] debug-file - entry:default@MergeProfile is not up-to-date, since the input file 'D:\SLE-ID\slekey\build-profile.json5' has been changed.
[2026-07-27T01:13:29.466] [DEBUG] debug-file - Incremental task entry:default@MergeProfile pre-execution cost: 1 ms .
[2026-07-27T01:13:29.466] [DEBUG] debug-file - Change app api release type with 'Release'
[2026-07-27T01:13:29.467] [DEBUG] debug-file - Change app compile API version with '6.1.0.105'
[2026-07-27T01:13:29.467] [DEBUG] debug-file - Change app target API version with '60100023'
[2026-07-27T01:13:29.467] [DEBUG] debug-file - Change app minimum API version with '50000012'
[2026-07-27T01:13:29.467] [DEBUG] debug-file - Use cli appEnvironment
[2026-07-27T01:13:29.469] [DEBUG] debug-file - entry : default@MergeProfile cost memory 0.281097412109375
[2026-07-27T01:13:29.469] [DEBUG] debug-file - runTaskFromQueue task cost before running: 135 ms 
[2026-07-27T01:13:29.470] [INFO] debug-file - Finished :entry:default@MergeProfile... after 5 ms 
[2026-07-27T01:13:29.470] [DEBUG] debug-file - Executing task :entry:default@CreateBuildProfile
[2026-07-27T01:13:29.471] [DEBUG] debug-file - Task 'entry:default@CreateBuildProfile' cost while wrapping incremental declarations: 1 ms 
[2026-07-27T01:13:29.471] [DEBUG] debug-file - entry:default@CreateBuildProfile is not up-to-date, since the input file 'D:\SLE-ID\slekey\build-profile.json5' has been changed.
[2026-07-27T01:13:29.471] [DEBUG] debug-file - Incremental task entry:default@CreateBuildProfile pre-execution cost: 1 ms .
[2026-07-27T01:13:29.472] [DEBUG] debug-file - entry : default@CreateBuildProfile cost memory 0.10711669921875
[2026-07-27T01:13:29.472] [DEBUG] debug-file - runTaskFromQueue task cost before running: 138 ms 
[2026-07-27T01:13:29.472] [INFO] debug-file - Finished :entry:default@CreateBuildProfile... after 2 ms 
[2026-07-27T01:13:29.473] [DEBUG] debug-file - Executing task :entry:default@PreCheckSyscap
[2026-07-27T01:13:29.473] [DEBUG] debug-file - entry : default@PreCheckSyscap cost memory 0.01485443115234375
[2026-07-27T01:13:29.473] [DEBUG] debug-file - runTaskFromQueue task cost before running: 139 ms 
[2026-07-27T01:13:29.473] [INFO] debug-file - Finished :entry:default@PreCheckSyscap... after 1 ms 
[2026-07-27T01:13:29.474] [DEBUG] debug-file - Executing task :entry:default@GeneratePkgContextInfo
[2026-07-27T01:13:29.479] [DEBUG] debug-file - Task 'entry:default@GeneratePkgContextInfo' cost while wrapping incremental declarations: 1 ms 
[2026-07-27T01:13:29.480] [DEBUG] debug-file - Incremental task entry:default@GeneratePkgContextInfo pre-execution cost: 1 ms .
[2026-07-27T01:13:29.480] [DEBUG] debug-file - entry : default@GeneratePkgContextInfo cost memory 0.39925384521484375
[2026-07-27T01:13:29.480] [INFO] debug-file - UP-TO-DATE :entry:default@GeneratePkgContextInfo...  
[2026-07-27T01:13:29.481] [DEBUG] debug-file - Executing task :entry:default@GeneratePkgSdkInfo
[2026-07-27T01:13:29.482] [DEBUG] debug-file - Dependency key: @ohos/hypium already exists, current dependency listed in devDependencies will be ignored.
[2026-07-27T01:13:29.482] [DEBUG] debug-file - Task 'entry:default@GeneratePkgSdkInfo' cost while wrapping incremental declarations: 1 ms 
[2026-07-27T01:13:29.482] [DEBUG] debug-file - entry : default@GeneratePkgSdkInfo cost memory 0.1356353759765625
[2026-07-27T01:13:29.482] [DEBUG] debug-file - runTaskFromQueue task cost before running: 148 ms 
[2026-07-27T01:13:29.482] [INFO] debug-file - Finished :entry:default@GeneratePkgSdkInfo... after 2 ms 
[2026-07-27T01:13:29.484] [DEBUG] debug-file - Executing task :entry:default@ProcessIntegratedHsp
[2026-07-27T01:13:29.484] [DEBUG] debug-file - entry:default@ProcessIntegratedHsp is not up-to-date, since the output file 'D:\SLE-ID\slekey\build\cache\default\integrated_hsp\integratedHspCache.json' does not exist.
[2026-07-27T01:13:29.484] [DEBUG] debug-file - Incremental task entry:default@ProcessIntegratedHsp pre-execution cost: 1 ms .
[2026-07-27T01:13:29.484] [DEBUG] debug-file - entry : default@ProcessIntegratedHsp cost memory 0.0547027587890625
[2026-07-27T01:13:29.484] [DEBUG] debug-file - runTaskFromQueue task cost before running: 150 ms 
[2026-07-27T01:13:29.484] [INFO] debug-file - Finished :entry:default@ProcessIntegratedHsp... after 1 ms 
[2026-07-27T01:13:29.485] [DEBUG] debug-file - Executing task :entry:default@BuildNativeWithCmake
[2026-07-27T01:13:29.485] [DEBUG] debug-file - entry : default@BuildNativeWithCmake cost memory 0.01470947265625
[2026-07-27T01:13:29.485] [DEBUG] debug-file - runTaskFromQueue task cost before running: 151 ms 
[2026-07-27T01:13:29.485] [INFO] debug-file - Finished :entry:default@BuildNativeWithCmake... after 1 ms 
[2026-07-27T01:13:29.486] [DEBUG] debug-file - Executing task :entry:default@MakePackInfo
[2026-07-27T01:13:29.487] [DEBUG] debug-file - entry:default@MakePackInfo is not up-to-date, since the input file 'D:\SLE-ID\slekey\build-profile.json5' has been changed.
[2026-07-27T01:13:29.487] [DEBUG] debug-file - Incremental task entry:default@MakePackInfo pre-execution cost: 1 ms .
[2026-07-27T01:13:29.487] [DEBUG] debug-file - Module Pack Info:  {
  summary: {
    app: { bundleName: 'c***p', bundleType: 'app', version: [Object] },
    modules: [ [Object] ]
  },
  packages: [
    {
      deviceType: [Array],
      moduleType: 'entry',
      deliveryWithInstall: true,
      name: 'entry-default'
    }
  ]
}
[2026-07-27T01:13:29.488] [DEBUG] debug-file - entry : default@MakePackInfo cost memory 0.15573883056640625
[2026-07-27T01:13:29.488] [DEBUG] debug-file - runTaskFromQueue task cost before running: 153 ms 
[2026-07-27T01:13:29.488] [INFO] debug-file - Finished :entry:default@MakePackInfo... after 3 ms 
[2026-07-27T01:13:29.489] [DEBUG] debug-file - Executing task :entry:default@SyscapTransform
[2026-07-27T01:13:29.489] [DEBUG] debug-file - File: 'D:\SLE-ID\slekey\entry\src\main\syscap.json' from 'sysCapJsonPath' is not exists, just ignore.
[2026-07-27T01:13:29.490] [DEBUG] debug-file - Task 'entry:default@SyscapTransform' cost while wrapping incremental declarations: 1 ms 
[2026-07-27T01:13:29.490] [DEBUG] debug-file - entry:default@SyscapTransform is not up-to-date, since the output file 'D:\SLE-ID\slekey\entry\build\default\intermediates\syscap\default\rpcid.sc' does not exist.
[2026-07-27T01:13:29.491] [DEBUG] debug-file - Incremental task entry:default@SyscapTransform pre-execution cost: 1 ms .
[2026-07-27T01:13:29.491] [DEBUG] debug-file - entry : default@SyscapTransform cost memory 0.1506805419921875
[2026-07-27T01:13:29.491] [DEBUG] debug-file - runTaskFromQueue task cost before running: 156 ms 
[2026-07-27T01:13:29.491] [INFO] debug-file - Finished :entry:default@SyscapTransform... after 2 ms 
[2026-07-27T01:13:29.492] [DEBUG] debug-file - Executing task :entry:default@ProcessProfile
[2026-07-27T01:13:29.493] [DEBUG] debug-file - Task 'entry:default@ProcessProfile' cost while wrapping incremental declarations: 1 ms 
[2026-07-27T01:13:29.493] [DEBUG] debug-file - entry:default@ProcessProfile is not up-to-date, since the input file 'D:\SLE-ID\slekey\entry\build\default\intermediates\merge_profile\default\module.json' has been changed.
[2026-07-27T01:13:29.493] [DEBUG] debug-file - Incremental task entry:default@ProcessProfile pre-execution cost: 1 ms .
[2026-07-27T01:13:29.494] [DEBUG] debug-file - [
  'C:\\Program Files\\Huawei\\DevEco Studio\\tools\\node\\node.exe',
  'C:\\Program Files\\Huawei\\DevEco Studio\\sdk\\default\\openharmony\\ets\\build-tools\\ets-loader\\bin\\ark\\ts2abc.js',
  '--target-api-version',
  '12',
  '--target-api-sub-version',
  'beta1'
]
[2026-07-27T01:13:29.629] [DEBUG] debug-file - 12.0.2.0
[2026-07-27T01:13:29.630] [DEBUG] debug-file - No need to add fake ui ability because of not in preview process.
[2026-07-27T01:13:29.631] [DEBUG] debug-file - entry : default@ProcessProfile cost memory 2.0706558227539062
[2026-07-27T01:13:29.631] [DEBUG] debug-file - runTaskFromQueue task cost before running: 297 ms 
[2026-07-27T01:13:29.631] [INFO] debug-file - Finished :entry:default@ProcessProfile... after 139 ms 
[2026-07-27T01:13:29.632] [DEBUG] debug-file - Executing task :entry:default@ProcessRouterMap
[2026-07-27T01:13:29.634] [DEBUG] debug-file - Incremental task entry:default@ProcessRouterMap pre-execution cost: 1 ms .
[2026-07-27T01:13:29.634] [DEBUG] debug-file - entry : default@ProcessRouterMap cost memory 0.1688232421875
[2026-07-27T01:13:29.635] [INFO] debug-file - UP-TO-DATE :entry:default@ProcessRouterMap...  
[2026-07-27T01:13:29.635] [DEBUG] debug-file - Executing task :entry:default@ProcessShareConfig
[2026-07-27T01:13:29.637] [DEBUG] debug-file - Incremental task entry:default@ProcessShareConfig pre-execution cost: 1 ms .
[2026-07-27T01:13:29.637] [DEBUG] debug-file - entry : default@ProcessShareConfig cost memory 0.1353912353515625
[2026-07-27T01:13:29.637] [INFO] debug-file - UP-TO-DATE :entry:default@ProcessShareConfig...  
[2026-07-27T01:13:29.638] [DEBUG] debug-file - Executing task :entry:default@ProcessStartupConfig
[2026-07-27T01:13:29.638] [DEBUG] debug-file - Task 'entry:default@ProcessStartupConfig' cost while wrapping incremental declarations: 1 ms 
[2026-07-27T01:13:29.638] [DEBUG] debug-file - entry:default@ProcessStartupConfig is not up-to-date, since the output file 'D:\SLE-ID\slekey\entry\build\default\intermediates\startup\default\startup_config.json' does not exist.
[2026-07-27T01:13:29.638] [DEBUG] debug-file - Incremental task entry:default@ProcessStartupConfig pre-execution cost: 1 ms .
[2026-07-27T01:13:29.639] [DEBUG] debug-file - entry : default@ProcessStartupConfig cost memory 0.15117645263671875
[2026-07-27T01:13:29.639] [DEBUG] debug-file - runTaskFromQueue task cost before running: 305 ms 
[2026-07-27T01:13:29.639] [INFO] debug-file - Finished :entry:default@ProcessStartupConfig... after 2 ms 
[2026-07-27T01:13:29.640] [DEBUG] debug-file - Executing task :entry:default@BuildNativeWithNinja
[2026-07-27T01:13:29.640] [DEBUG] debug-file - entry : default@BuildNativeWithNinja cost memory 0.02913665771484375
[2026-07-27T01:13:29.640] [DEBUG] debug-file - runTaskFromQueue task cost before running: 306 ms 
[2026-07-27T01:13:29.641] [INFO] debug-file - Finished :entry:default@BuildNativeWithNinja... after 1 ms 
[2026-07-27T01:13:29.641] [DEBUG] debug-file - restool module names: entry; moduleName=entry, taskName=default@ProcessResource
[2026-07-27T01:13:29.643] [DEBUG] debug-file - Executing task :entry:default@ProcessResource
[2026-07-27T01:13:29.643] [DEBUG] debug-file - Task 'entry:default@ProcessResource' cost while wrapping incremental declarations: 1 ms 
[2026-07-27T01:13:29.644] [DEBUG] debug-file - Incremental task entry:default@ProcessResource pre-execution cost: 1 ms .
[2026-07-27T01:13:29.644] [DEBUG] debug-file - entry : default@ProcessResource cost memory 0.13616180419921875
[2026-07-27T01:13:29.645] [INFO] debug-file - UP-TO-DATE :entry:default@ProcessResource...  
[2026-07-27T01:13:29.646] [DEBUG] debug-file - Executing task :entry:default@GenerateLoaderJson
[2026-07-27T01:13:29.647] [DEBUG] debug-file - Task 'entry:default@GenerateLoaderJson' cost while wrapping incremental declarations: 1 ms 
[2026-07-27T01:13:29.655] [DEBUG] debug-file - Incremental task entry:default@GenerateLoaderJson pre-execution cost: 3 ms .
[2026-07-27T01:13:29.655] [DEBUG] debug-file - entry : default@GenerateLoaderJson cost memory -7.0776519775390625
[2026-07-27T01:13:29.657] [INFO] debug-file - UP-TO-DATE :entry:default@GenerateLoaderJson...  
[2026-07-27T01:13:29.657] [DEBUG] debug-file - Executing task :entry:default@ProcessLibs
[2026-07-27T01:13:29.659] [DEBUG] debug-file - entry:default@ProcessLibs is not up-to-date, since the input file 'D:\SLE-ID\slekey\build-profile.json5' has been changed.
[2026-07-27T01:13:29.659] [DEBUG] debug-file - Incremental task entry:default@ProcessLibs pre-execution cost: 1 ms .
[2026-07-27T01:13:29.660] [DEBUG] debug-file - Worker dispatch failed, running processLibs on main thread.
[2026-07-27T01:13:29.662] [DEBUG] debug-file - entry : default@ProcessLibs cost memory 0.36237335205078125
[2026-07-27T01:13:29.662] [DEBUG] debug-file - runTaskFromQueue task cost before running: 327 ms 
[2026-07-27T01:13:29.662] [INFO] debug-file - Finished :entry:default@ProcessLibs... after 5 ms 
[2026-07-27T01:13:29.663] [DEBUG] debug-file - restool module names: entry; moduleName=entry, taskName=default@CompileResource
[2026-07-27T01:13:29.664] [DEBUG] debug-file - Executing task :entry:default@CompileResource
[2026-07-27T01:13:29.667] [DEBUG] debug-file - entry:default@CompileResource is not up-to-date, since the input file 'D:\SLE-ID\slekey\entry\build\default\intermediates\process_profile\default\module.json' has been changed.
[2026-07-27T01:13:29.667] [DEBUG] debug-file - Incremental task entry:default@CompileResource pre-execution cost: 3 ms .
[2026-07-27T01:13:29.691] [DEBUG] debug-file - Use tool [C:\Program Files\Huawei\DevEco Studio\sdk\default\openharmony\toolchains\restool.exe]
 [
  'C:\\Program Files\\Huawei\\DevEco Studio\\sdk\\default\\openharmony\\toolchains\\restool.exe',
  '-l',
  'D:\\SLE-ID\\slekey\\entry\\build\\default\\intermediates\\res\\default\\resConfig.json'
]
[2026-07-27T01:13:29.692] [DEBUG] debug-file - current process  memoryUsage: {
  rss: 232914944,
  heapTotal: 172838912,
  heapUsed: 135400544,
  external: 3985791,
  arrayBuffers: 931988
} os memoryUsage :13.748405456542969
[2026-07-27T01:13:29.746] [DEBUG] debug-file - Info: Pack: normal pack mode

[2026-07-27T01:13:29.791] [DEBUG] debug-file - Info: hardware concurrency count is : 24
Info: thread count is : 24

[2026-07-27T01:13:29.791] [DEBUG] debug-file - Info: thread pool is started

[2026-07-27T01:13:29.792] [DEBUG] debug-file - Info: GenericCompiler::CompileFiles

[2026-07-27T01:13:29.795] [DEBUG] debug-file - Info: GenericCompiler::CompileFiles

[2026-07-27T01:13:29.795] [DEBUG] debug-file - Warning: 'D:\SLE-ID\slekey\entry\src\main\resources\base\media\layered_image.svg' is defined repeatedly.

[2026-07-27T01:13:29.796] [DEBUG] debug-file - Info: GenericCompiler::CompileFiles

[2026-07-27T01:13:29.799] [DEBUG] debug-file - 07-27 01:13:29.800 32340 32384 E C01400/ImageTranscoderUtils: DecodeToRGBA IN

[2026-07-27T01:13:29.800] [DEBUG] debug-file - 07-27 01:13:29.800 32340 32384 E C01400/ImageTranscoderUtils: ImageFilter IN D:\SLE-ID\slekey\AppScope\resources\base\media\layered_image.svg
07-27 01:13:29.800 32340 32384 E C01400/ImageTranscoder: TranscodeSLR DecodeToRGBA failed
Warning: ScaleImage failed, error message: IMAGE_ERROR, file path = D:\SLE-ID\slekey\AppScope\resources\base\media\layered_image.svg

[2026-07-27T01:13:29.800] [DEBUG] debug-file - Warning: D:\SLE-ID\slekey\AppScope\resources\base\media\layered_image.svg is not png format

[2026-07-27T01:13:29.800] [DEBUG] debug-file - Warning: D:\SLE-ID\slekey\entry\src\main\resources\base\media\startIcon.svg is not png format

[2026-07-27T01:13:29.802] [DEBUG] debug-file - Info: restool resources compile success.

[2026-07-27T01:13:29.802] [DEBUG] debug-file - Info: thread pool is stopped

[2026-07-27T01:13:29.874] [DEBUG] debug-file - entry : default@CompileResource cost memory 0.5209503173828125
[2026-07-27T01:13:29.874] [DEBUG] debug-file - runTaskFromQueue task cost before running: 539 ms 
[2026-07-27T01:13:29.874] [INFO] debug-file - Finished :entry:default@CompileResource... after 211 ms 
[2026-07-27T01:13:29.875] [DEBUG] debug-file - Executing task :entry:default@DoNativeStrip
[2026-07-27T01:13:29.875] [DEBUG] debug-file - File: 'D:\SLE-ID\slekey\entry\build\default\intermediates\binxo\default' from 'doBinxoNativeLibs' is not exists, just ignore.
[2026-07-27T01:13:29.876] [DEBUG] debug-file - Task 'entry:default@DoNativeStrip' cost while wrapping incremental declarations: 1 ms 
[2026-07-27T01:13:29.876] [DEBUG] debug-file - Incremental task entry:default@DoNativeStrip pre-execution cost: 1 ms .
[2026-07-27T01:13:29.876] [DEBUG] debug-file - entry : default@DoNativeStrip cost memory 0.0894927978515625
[2026-07-27T01:13:29.876] [INFO] debug-file - UP-TO-DATE :entry:default@DoNativeStrip...  
[2026-07-27T01:13:29.877] [DEBUG] debug-file - Executing task :entry:default@CompileArkTS
[2026-07-27T01:13:29.878] [DEBUG] debug-file - obfuscationOptions: undefined
[2026-07-27T01:13:29.880] [DEBUG] debug-file - Task 'entry:default@CompileArkTS' cost while wrapping incremental declarations: 1 ms 
[2026-07-27T01:13:29.883] [DEBUG] debug-file - entry:default@CompileArkTS is not up-to-date, since the input file 'D:\SLE-ID\slekey\oh_modules\.ohpm\@ohos+hypium@1.0.19\oh_modules\@ohos\hypium\index.js' has been changed.
[2026-07-27T01:13:29.883] [DEBUG] debug-file - Incremental task entry:default@CompileArkTS pre-execution cost: 2 ms .
[2026-07-27T01:13:29.891] [DEBUG] debug-file - build config:
[2026-07-27T01:13:29.891] [DEBUG] debug-file - {
  moduleType: 'entry',
  perf: 0,
  targetName: '.default',
  packageManagerType: 'ohpm',
  localPropertiesPath: 'D:\\SLE-ID\\slekey\\local.properties',
  isPreview: false,
  isOhosTest: false,
  isLocalTest: false,
  buildMode: 'Debug',
  hotReloadBuild: undefined,
  watchMode: 'false',
  aceProfilePath: 'D:\\SLE-ID\\slekey\\entry\\build\\default\\intermediates\\res\\default\\resources\\base\\profile',
  etsLoaderPath: 'C:\\Program Files\\Huawei\\DevEco Studio\\sdk\\default\\openharmony\\ets\\build-tools\\ets-loader',
  modulePath: 'D:\\SLE-ID\\slekey\\entry',
  testFrameworkPar: {
    testMode: undefined,
    coveragePathFilter: undefined,
    coverageMode: undefined
  },
  needCoverageInsert: false,
  debugLine: false,
  projectTopDir: 'D:\\SLE-ID\\slekey',
  compileSdkVersion: 23,
  compatibleSdkVersion: 12,
  originCompatibleSdkVersion: '5.0.0(12)',
  compatibleSdkVersionStage: 'beta1',
  bundleName: 'c***p',
  etsLoaderVersion: '6.1.0.105',
  etsLoaderReleaseType: 'Release',
  aotCompileMode: 'type',
  apPath: 'D:\\SLE-ID\\slekey\\entry\\modules.ap',
  entryModuleName: 'entry',
  entryModuleVersion: '1.0.0',
  entryPackageName: 'entry',
  allModuleNameHash: 'f50575914c85e3183d91a020539fc5ec331fa18837794d3ea3a2aada5c34fdd7',
  externalApiPaths: [
    'C:\\Program Files\\Huawei\\DevEco Studio\\sdk\\default\\hms\\ets'
  ],
  compilerTypes: [],
  isCrossplatform: false,
  hvigorPluginFile: undefined,
  compilePluginPath: undefined,
  buildGeneratedProfilePath: 'D:\\SLE-ID\\slekey\\entry\\build\\default\\generated\\profile\\default',
  bundleType: 'app',
  arkTSVersion: '1.0',
  apiVersion: 23,
  needCompleteSourcesMap: false,
  isFaMode: false,
  buildDir: 'D:\\SLE-ID\\slekey\\entry\\build',
  deviceTypes: [ 'phone', 'tablet' ],
  pkgContextInfo: {
    '@ohos/hypium': {
      packageName: '@ohos/hypium',
      bundleName: '*****',
      moduleName: '',
      version: '1.0.19',
      entryPath: 'index.js',
      isSO: false,
      dependencyAlias: ''
    },
    entry: {
      packageName: 'entry',
      bundleName: '*****',
      moduleName: '',
      version: '',
      entryPath: 'src/main/',
      isSO: false,
      dependencyAlias: ''
    }
  },
  ohPackagePathMap: {},
  dependencyAliasMap: {},
  permission: { requestPermissions: [], definePermissions: undefined },
  useGetCurrentBundleName: false,
  projectArkOption: undefined,
  sourceMapDir: undefined,
  branchElimination: false,
  transformLib: undefined,
  tsImportSendable: false,
  resolveConflictMode: true,
  depName2RootPath: {},
  depName2DepInfo: {},
  depName2OhExports: {},
  rootPathSet: [ 'D:\\SLE-ID\\slekey' ],
  useNativeResolver: true,
  shouldEmitJs: true,
  useTscResolve: false,
  singleFileEmit: false,
  userProjectConfig: {
    autoLazyImport: false,
    allowEmptyBundleName: false,
    reExportCheckMode: 'noCheck',
    executionMode: 'memory',
    usePathPlaceholder: false,
    writeRollupCache: true,
    isExpandImportEnabled: false,
    expandImportExclude: '',
    lazyImportExclude: '',
    lazyImportInclude: '',
    ignoreCrossplatformCheck: false,
    isHarDeduplicateEnabled: false,
    skipOhModulesLint: false,
    enableStrictCheckOHModule: false,
    disableSendableCheckRules: [],
    useDeclarationFileSignature: false,
    customizedOptions: undefined,
    integratedHsp: false,
    isPreloadSoEnabled: false
  },
  executionMode: 'memory',
  arkCompileCachePath: 'D:\\SLE-ID\\slekey\\entry\\build\\default\\cache\\default\\default@CompileArkTS\\esmodule',
  autoLazyFilter: undefined,
  isHarDeduplicateEnabled: false,
  intermediateHarDuplicateDirPath: 'D:\\SLE-ID\\slekey\\entry\\build\\default\\intermediates\\har_duplicate\\default',
  autoLazyImport: false,
  allowEmptyBundleName: false,
  reExportCheckMode: 'noCheck',
  usePathPlaceholder: false,
  writeRollupCache: true,
  isExpandImportEnabled: false,
  expandImportExclude: '',
  lazyImportExclude: '',
  lazyImportInclude: '',
  ignoreCrossplatformCheck: false,
  skipOhModulesLint: false,
  enableStrictCheckOHModule: false,
  disableSendableCheckRules: [],
  useDeclarationFileSignature: false,
  customizedOptions: undefined,
  integratedHsp: false,
  isPreloadSoEnabled: false,
  strictMode: {
    caseSensitiveCheck: true,
    useNormalizedOHMUrl: true,
    noExternalImportByPath: true
  },
  useNormalizedOHMUrl: true,
  caseSensitiveCheck: true,
  aceModuleJsonPath: 'D:\\SLE-ID\\slekey\\entry\\build\\default\\intermediates\\res\\default\\ark_module.json',
  appResource: 'D:\\SLE-ID\\slekey\\entry\\build\\default\\intermediates\\res\\default\\ResourceTable.txt',
  rawFileResource: 'D:\\SLE-ID\\slekey\\entry\\build\\default\\intermediates\\res\\default\\resources\\rawfile',
  resourceTableHash: '8d499eae98a35ebfd449f640cb0204dc46fbfe126b8cecf18b5dae055c1b4570',
  runtimeOS: 'HarmonyOS',
  sdkInfo: 'false:23:6.1.0.105:Release',
  aceModuleRoot: 'D:\\SLE-ID\\slekey\\entry\\src\\main\\ets',
  compileMode: 'esmodule',
  aceSuperVisualPath: 'D:\\SLE-ID\\slekey\\entry\\src\\main\\supervisual',
  aceBuildJson: 'D:\\SLE-ID\\slekey\\entry\\build\\default\\intermediates\\loader\\default\\loader.json',
  cachePath: 'D:\\SLE-ID\\slekey\\entry\\build\\default\\cache\\default\\default@CompileArkTS\\esmodule\\debug',
  aceModuleBuild: 'D:\\SLE-ID\\slekey\\entry\\build\\default\\intermediates\\loader_out\\default\\ets',
  supportChunks: true,
  declaredFilesPath: undefined,
  shouldCollectDirectImportees: false,
  isByteCodeHarOptimize: false,
  expandImportPath: undefined,
  resourceTableTs: 'D:\\SLE-ID\\slekey\\entry\\build\\default\\generated\\r\\default\\ResourceTable.ts',
  moduleMetaInfoFiles: [
    {
      filePath: 'D:\\SLE-ID\\slekey\\entry\\build\\default\\generated\\r\\default\\ResourceTable.ts',
      ohmurl: '&entry/build/generated/r/ResourceTable&'
    }
  ],
  pkgNameToPkgBriefInfo: {
    '@ohos/hypium': {
      pkgRoot: 'D:\\SLE-ID\\slekey\\oh_modules\\.ohpm\\@ohos+hypium@1.0.19\\oh_modules\\@ohos\\hypium',
      pkgName: '@ohos/hypium',
      sourceRoots: undefined
    },
    entry: {
      pkgRoot: 'D:\\SLE-ID\\slekey\\entry',
      originalSourceRoots: undefined,
      sourceRoots: [Array],
      pkgName: 'entry'
    }
  },
  projectModel: {
    'D:\\SLE-ID\\slekey\\entry\\src\\main': {
      moduleName: 'entry',
      modulePkgPath: 'D:\\SLE-ID\\slekey\\entry',
      belongProjectPath: 'D:\\SLE-ID\\slekey'
    },
    'D:\\SLE-ID\\slekey\\entry': {
      moduleName: 'entry',
      modulePkgPath: 'D:\\SLE-ID\\slekey\\entry',
      belongProjectPath: 'D:\\SLE-ID\\slekey'
    },
    'D:\\SLE-ID\\slekey': {
      moduleName: 'slekey',
      modulePkgPath: 'D:\\SLE-ID\\slekey',
      belongProjectPath: 'D:\\SLE-ID\\slekey'
    }
  },
  pkgJsonFileHash: 'ec6406b50c1f0667f15176d21572c003d2c01d5ebca6edba903080a6bf4e4385',
  allModulePaths: [ 'D:\\SLE-ID\\slekey\\entry' ],
  routerMap: {},
  obfuscationOptions: undefined,
  byteCodeHarToDependencyKeys: undefined,
  compileBlockPkg: [],
  mockParams: {
    decorator: '@MockSetup',
    packageName: '@ohos/hamock',
    etsSourceRootPath: 'src/main/ets',
    mockConfigPath: undefined,
    mockConfigKey2ModuleInfo: {},
    source2ModuleIdMap: {}
  },
  copyCodeResourceEnable: true,
  copyCodeResourceExcludes: [],
  copyCodeResourceIncludes: undefined,
  uiTransformOptimization: false,
  sdkPath: 'C:/Program Files/Huawei/DevEco Studio/sdk',
  needPreloadSoFileSet: {},
  preloadSoFilePath: 'D:\\SLE-ID\\slekey\\entry\\build\\default\\intermediates\\preload\\default\\preload.json',
  useSourceHash: false,
  localModuleParamMap: {},
  otherPaths: {
    'entry/*': [
      '..\\*',
      '..\\..\\..\\build\\default\\generated\\profile\\default\\*'
    ]
  },
  collectImportersConfig: undefined
}
[2026-07-27T01:13:29.891] [DEBUG] debug-file - Compile arkts with external api path: C:\Program Files\Huawei\DevEco Studio\sdk\default\hms\ets
[2026-07-27T01:13:29.892] [DEBUG] debug-file - default@CompileArkTS work[0] is submitted.
[2026-07-27T01:13:29.892] [DEBUG] debug-file - default@CompileArkTS work[0] is pushed to ready queue.
[2026-07-27T01:13:29.893] [DEBUG] debug-file - A work dispatched to worker[23] failed because unable to get work from ready queue.
[2026-07-27T01:13:29.893] [DEBUG] debug-file - A work dispatched to worker[22] failed because unable to get work from ready queue.
[2026-07-27T01:13:29.893] [DEBUG] debug-file - A work dispatched to worker[21] failed because unable to get work from ready queue.
[2026-07-27T01:13:29.893] [DEBUG] debug-file - A work dispatched to worker[20] failed because unable to get work from ready queue.
[2026-07-27T01:13:29.893] [DEBUG] debug-file - A work dispatched to worker[19] failed because unable to get work from ready queue.
[2026-07-27T01:13:29.893] [DEBUG] debug-file - A work dispatched to worker[18] failed because unable to get work from ready queue.
[2026-07-27T01:13:29.893] [DEBUG] debug-file - A work dispatched to worker[17] failed because unable to get work from ready queue.
[2026-07-27T01:13:29.893] [DEBUG] debug-file - A work dispatched to worker[16] failed because unable to get work from ready queue.
[2026-07-27T01:13:29.893] [DEBUG] debug-file - A work dispatched to worker[15] failed because unable to get work from ready queue.
[2026-07-27T01:13:29.893] [DEBUG] debug-file - A work dispatched to worker[14] failed because unable to get work from ready queue.
[2026-07-27T01:13:29.893] [DEBUG] debug-file - A work dispatched to worker[13] failed because unable to get work from ready queue.
[2026-07-27T01:13:29.893] [DEBUG] debug-file - A work dispatched to worker[12] failed because unable to get work from ready queue.
[2026-07-27T01:13:29.893] [DEBUG] debug-file - A work dispatched to worker[11] failed because unable to get work from ready queue.
[2026-07-27T01:13:29.893] [DEBUG] debug-file - A work dispatched to worker[10] failed because unable to get work from ready queue.
[2026-07-27T01:13:29.893] [DEBUG] debug-file - A work dispatched to worker[9] failed because unable to get work from ready queue.
[2026-07-27T01:13:29.893] [DEBUG] debug-file - A work dispatched to worker[8] failed because unable to get work from ready queue.
[2026-07-27T01:13:29.893] [DEBUG] debug-file - A work dispatched to worker[7] failed because unable to get work from ready queue.
[2026-07-27T01:13:29.893] [DEBUG] debug-file - A work dispatched to worker[6] failed because unable to get work from ready queue.
[2026-07-27T01:13:29.893] [DEBUG] debug-file - A work dispatched to worker[5] failed because unable to get work from ready queue.
[2026-07-27T01:13:29.893] [DEBUG] debug-file - Create  resident worker with id: 4.
[2026-07-27T01:13:29.894] [DEBUG] debug-file - default@CompileArkTS work[0] has been dispatched to worker[4].
[2026-07-27T01:13:29.894] [DEBUG] debug-file - default@CompileArkTS work[0] is dispatched.
[2026-07-27T01:13:29.894] [DEBUG] debug-file - CopyResources startTime: 137309178445800
[2026-07-27T01:13:29.894] [DEBUG] debug-file - default@CompileArkTS work[1] is submitted.
[2026-07-27T01:13:29.895] [DEBUG] debug-file - default@CompileArkTS work[1] is pushed to ready queue.
[2026-07-27T01:13:29.895] [DEBUG] debug-file - A work dispatched to worker[23] failed because unable to get work from ready queue.
[2026-07-27T01:13:29.895] [DEBUG] debug-file - Create  resident worker with id: 22.
[2026-07-27T01:13:29.895] [DEBUG] debug-file - default@CompileArkTS work[1] has been dispatched to worker[22].
[2026-07-27T01:13:29.895] [DEBUG] debug-file - default@CompileArkTS work[1] is dispatched.
[2026-07-27T01:13:29.895] [DEBUG] debug-file - entry : default@CompileArkTS cost memory 1.8844146728515625
[2026-07-27T01:13:29.896] [DEBUG] debug-file - Executing task :entry:default@BuildJS
[2026-07-27T01:13:29.896] [DEBUG] debug-file - Task 'entry:default@BuildJS' cost while wrapping incremental declarations: 1 ms 
[2026-07-27T01:13:29.897] [DEBUG] debug-file - entry : default@BuildJS cost memory 0.1568145751953125
[2026-07-27T01:13:29.897] [DEBUG] debug-file - runTaskFromQueue task cost before running: 563 ms 
[2026-07-27T01:13:29.898] [INFO] debug-file - Finished :entry:default@BuildJS... after 2 ms 
[2026-07-27T01:13:29.898] [DEBUG] debug-file - Executing task :entry:default@CacheNativeLibs
[2026-07-27T01:13:29.899] [DEBUG] debug-file - File: 'D:\SLE-ID\slekey\entry\build\default\intermediates\binxo\default' from 'cacheBinxoNativeLibs' is not exists, just ignore.
[2026-07-27T01:13:29.899] [DEBUG] debug-file - Task 'entry:default@CacheNativeLibs' cost while wrapping incremental declarations: 1 ms 
[2026-07-27T01:13:29.900] [DEBUG] debug-file - Incremental task entry:default@CacheNativeLibs pre-execution cost: 1 ms .
[2026-07-27T01:13:29.900] [DEBUG] debug-file - entry : default@CacheNativeLibs cost memory 0.112030029296875
[2026-07-27T01:13:29.900] [INFO] debug-file - UP-TO-DATE :entry:default@CacheNativeLibs...  
[2026-07-27T01:13:30.517] [DEBUG] debug-file - worker[22] has one work done.
[2026-07-27T01:13:30.517] [DEBUG] debug-file - CopyResources is end, endTime: 137309800823500
[2026-07-27T01:13:30.517] [DEBUG] debug-file - default@CompileArkTS work[1] done.
[2026-07-27T01:13:30.517] [DEBUG] debug-file - A work dispatched to worker[22] failed because unable to get work from ready queue.
[2026-07-27T01:13:34.186] [DEBUG] debug-file - worker[4] has one work done.
[2026-07-27T01:13:34.186] [DEBUG] debug-file - Ark compile task finished.finished time is 137313470140900
[2026-07-27T01:13:34.187] [DEBUG] debug-file - default@CompileArkTS work[0] done.
[2026-07-27T01:13:34.188] [DEBUG] debug-file - A work dispatched to worker[4] failed because unable to get work from ready queue.
[2026-07-27T01:13:34.189] [INFO] debug-file - Finished :entry:default@CompileArkTS... after 2 s 862 ms 
[2026-07-27T01:13:34.189] [DEBUG] debug-file - Executing task :entry:default@GeneratePkgModuleJson
[2026-07-27T01:13:34.189] [DEBUG] debug-file - File: 'D:\SLE-ID\slekey\entry\build\default\intermediates\preload\default\preload.json' from 'preloadSoJsonPath' is not exists, just ignore.
[2026-07-27T01:13:34.190] [DEBUG] debug-file - Error occurs while handling @Input 'shouldDeduplicateHar': The "data" argument must be of type string or an instance of Buffer, TypedArray, or DataView. Received undefined
[2026-07-27T01:13:34.190] [DEBUG] debug-file - Task 'entry:default@GeneratePkgModuleJson' cost while wrapping incremental declarations: 1 ms 
[2026-07-27T01:13:34.190] [DEBUG] debug-file - entry:default@GeneratePkgModuleJson is not up-to-date, since the input file 'D:\SLE-ID\slekey\entry\build\default\intermediates\res\default\module.json' has been changed.
[2026-07-27T01:13:34.190] [DEBUG] debug-file - Incremental task entry:default@GeneratePkgModuleJson pre-execution cost: 1 ms .
[2026-07-27T01:13:34.191] [DEBUG] debug-file - entry : default@GeneratePkgModuleJson cost memory 0.1729736328125
[2026-07-27T01:13:34.191] [DEBUG] debug-file - runTaskFromQueue task cost before running: 4 s 857 ms 
[2026-07-27T01:13:34.191] [INFO] debug-file - Finished :entry:default@GeneratePkgModuleJson... after 3 ms 
[2026-07-27T01:13:34.192] [DEBUG] debug-file - Executing task :entry:default@ProcessCompiledResources
[2026-07-27T01:13:34.192] [DEBUG] debug-file - File: 'D:\SLE-ID\slekey\entry\build\default\intermediates\preload\default\preload.json' from 'preloadSoJsonPath' is not exists, just ignore.
[2026-07-27T01:13:34.192] [DEBUG] debug-file - Task 'entry:default@ProcessCompiledResources' cost while wrapping incremental declarations: 1 ms 
[2026-07-27T01:13:34.193] [DEBUG] debug-file - entry : default@ProcessCompiledResources cost memory 0.0565338134765625
[2026-07-27T01:13:34.193] [DEBUG] debug-file - runTaskFromQueue task cost before running: 4 s 858 ms 
[2026-07-27T01:13:34.193] [INFO] debug-file - Finished :entry:default@ProcessCompiledResources... after 1 ms 
[2026-07-27T01:13:34.194] [DEBUG] debug-file - Executing task :entry:default@PackageHap
[2026-07-27T01:13:34.196] [DEBUG] debug-file - entry:default@PackageHap is not up-to-date, since the input file 'D:\SLE-ID\slekey\entry\build\default\intermediates\res\default\module.json' has been changed.
[2026-07-27T01:13:34.196] [DEBUG] debug-file - Incremental task entry:default@PackageHap pre-execution cost: 2 ms .
[2026-07-27T01:13:34.196] [DEBUG] debug-file - Use tool [C:\Program Files\Huawei\DevEco Studio\sdk\default\openharmony\toolchains\lib\app_packing_tool.jar]
 [
  'java',
  '-Dfile.encoding=GBK',
  '-jar',
  'C:\\Program Files\\Huawei\\DevEco Studio\\sdk\\default\\openharmony\\toolchains\\lib\\app_packing_tool.jar',
  '--mode',
  'hap',
  '--force',
  'true',
  '--lib-path',
  'D:\\SLE-ID\\slekey\\entry\\build\\default\\intermediates\\stripped_native_libs\\default',
  '--json-path',
  'D:\\SLE-ID\\slekey\\entry\\build\\default\\intermediates\\package\\default\\module.json',
  '--resources-path',
  'D:\\SLE-ID\\slekey\\entry\\build\\default\\intermediates\\res\\default\\resources',
  '--index-path',
  'D:\\SLE-ID\\slekey\\entry\\build\\default\\intermediates\\res\\default\\resources.index',
  '--pack-info-path',
  'D:\\SLE-ID\\slekey\\entry\\build\\default\\outputs\\default\\pack.info',
  '--out-path',
  'D:\\SLE-ID\\slekey\\entry\\build\\default\\outputs\\default\\entry-default-unsigned.hap',
  '--ets-path',
  'D:\\SLE-ID\\slekey\\entry\\build\\default\\intermediates\\loader_out\\default\\ets',
  '--pkg-context-path',
  'D:\\SLE-ID\\slekey\\entry\\build\\default\\intermediates\\loader\\default\\pkgContextInfo.json'
]
[2026-07-27T01:13:34.197] [DEBUG] debug-file - default@PackageHap work[2] is submitted.
[2026-07-27T01:13:34.197] [DEBUG] debug-file - default@PackageHap work[2] is pushed to ready queue.
[2026-07-27T01:13:34.197] [DEBUG] debug-file - A work dispatched to worker[23] failed because unable to get work from ready queue.
[2026-07-27T01:13:34.197] [DEBUG] debug-file - default@PackageHap work[2] has been dispatched to worker[22].
[2026-07-27T01:13:34.197] [DEBUG] debug-file - default@PackageHap work[2] is dispatched.
[2026-07-27T01:13:34.199] [DEBUG] debug-file - entry : default@PackageHap cost memory 0.39101409912109375
[2026-07-27T01:13:34.327] [DEBUG] debug-file - current process  memoryUsage: {
  rss: 659316736,
  heapTotal: 81297408,
  heapUsed: 54927720,
  external: 2423390,
  arrayBuffers: 181713
} os memoryUsage :14.135383605957031
[2026-07-27T01:13:34.714] [DEBUG] debug-file - worker[22] has one work done.
[2026-07-27T01:13:34.714] [DEBUG] debug-file - default@PackageHap work[2] done.
[2026-07-27T01:13:34.714] [DEBUG] debug-file - A work dispatched to worker[22] failed because unable to get work from ready queue.
[2026-07-27T01:13:34.715] [INFO] debug-file - Finished :entry:default@PackageHap... after 396 ms 
[2026-07-27T01:13:34.716] [DEBUG] debug-file - Executing task :entry:default@PackingCheck
[2026-07-27T01:13:34.719] [DEBUG] debug-file - entry : default@PackingCheck cost memory 0.553375244140625
[2026-07-27T01:13:34.719] [DEBUG] debug-file - runTaskFromQueue task cost before running: 5 s 385 ms 
[2026-07-27T01:13:34.720] [INFO] debug-file - Finished :entry:default@PackingCheck... after 4 ms 
[2026-07-27T01:13:34.721] [DEBUG] debug-file - Executing task :entry:default@SignHap
[2026-07-27T01:13:34.722] [DEBUG] debug-file - entry:default@SignHap is not up-to-date, since the input file 'C:\Users\32569\.ohos\config\default_slekey_UdSWNgKqYUi41KW_P95ww1Ca7HcZmrBKmrk2w4ao7DE=.cer' has been changed.
[2026-07-27T01:13:34.722] [DEBUG] debug-file - Incremental task entry:default@SignHap pre-execution cost: 1 ms .
[2026-07-27T01:13:35.482] [DEBUG] debug-file - java daemon socket received message:{"code":0,"message":"verify profile success"}
[2026-07-27T01:13:35.486] [DEBUG] debug-file - java daemon socket close code:1000 reason:close by user
[2026-07-27T01:13:35.771] [DEBUG] debug-file - java daemon socket received message:{"code":0,"message":"sign app success"}
[2026-07-27T01:13:35.771] [DEBUG] debug-file - entry : default@SignHap cost memory 0.8580169677734375
[2026-07-27T01:13:35.772] [DEBUG] debug-file - runTaskFromQueue task cost before running: 6 s 437 ms 
[2026-07-27T01:13:35.772] [INFO] debug-file - Finished :entry:default@SignHap... after 1 s 51 ms 
[2026-07-27T01:13:35.773] [DEBUG] debug-file - Executing task :entry:default@CollectDebugSymbol
[2026-07-27T01:13:35.774] [DEBUG] debug-file - entry : default@CollectDebugSymbol cost memory 0.0811920166015625
[2026-07-27T01:13:35.774] [DEBUG] debug-file - runTaskFromQueue task cost before running: 6 s 440 ms 
[2026-07-27T01:13:35.774] [INFO] debug-file - Finished :entry:default@CollectDebugSymbol... after 1 ms 
[2026-07-27T01:13:35.775] [DEBUG] debug-file - Executing task :entry:assembleHap
[2026-07-27T01:13:35.775] [DEBUG] debug-file - entry : assembleHap cost memory 0.01314544677734375
[2026-07-27T01:13:35.775] [DEBUG] debug-file - runTaskFromQueue task cost before running: 6 s 440 ms 
[2026-07-27T01:13:35.775] [INFO] debug-file - Finished :entry:assembleHap... after 1 ms 
[2026-07-27T01:13:35.785] [INFO] debug-file - BUILD SUCCESSFUL in 6 s 450 ms 
[2026-07-27T01:13:35.785] [DEBUG] debug-file - Update task entry:default@PreBuild input file:D:\SLE-ID\slekey\AppScope\app.json5 cache by regenerate.
[2026-07-27T01:13:35.786] [DEBUG] debug-file - Update task entry:default@PreBuild input file:D:\SLE-ID\slekey\entry\src\main\module.json5 cache by regenerate.
[2026-07-27T01:13:35.786] [DEBUG] debug-file - Update task entry:default@PreBuild input file:D:\SLE-ID\slekey\build-profile.json5 cache from map.
[2026-07-27T01:13:35.786] [DEBUG] debug-file - Update task entry:default@PreBuild input file:D:\SLE-ID\slekey\entry\build-profile.json5 cache by regenerate.
[2026-07-27T01:13:35.786] [DEBUG] debug-file - Update task entry:default@PreBuild input file:D:\SLE-ID\slekey\entry\src\main\resources\base\profile\main_pages.json cache by regenerate.
[2026-07-27T01:13:35.786] [DEBUG] debug-file - Update task entry:default@PreBuild input file:D:\SLE-ID\slekey\hvigor\hvigor-config.json5 cache by regenerate.
[2026-07-27T01:13:35.786] [DEBUG] debug-file - Update task entry:default@PreBuild input file:D:\SLE-ID\slekey\entry\oh-package.json5 cache by regenerate.
[2026-07-27T01:13:35.786] [DEBUG] debug-file - Update task entry:default@PreBuild input file:D:\SLE-ID\slekey\oh-package.json5 cache by regenerate.
[2026-07-27T01:13:35.787] [DEBUG] debug-file - Incremental task entry:default@PreBuild post-execution cost:2 ms .
[2026-07-27T01:13:35.787] [DEBUG] debug-file - Update task entry:default@CreateModuleInfo output file:D:\SLE-ID\slekey\entry\build\default\generated\profile\default\ModuleInfo.ts cache.
[2026-07-27T01:13:35.787] [DEBUG] debug-file - Incremental task entry:default@CreateModuleInfo post-execution cost:1 ms .
[2026-07-27T01:13:35.787] [DEBUG] debug-file - Update task entry:default@GenerateMetadata input file:D:\SLE-ID\slekey\entry\src\main\module.json5 cache by regenerate.
[2026-07-27T01:13:35.788] [DEBUG] debug-file - Update task entry:default@GenerateMetadata output file:D:\SLE-ID\slekey\entry\build\default\intermediates\hap_metadata\default\output_metadata.json cache.
[2026-07-27T01:13:35.788] [DEBUG] debug-file - Incremental task entry:default@GenerateMetadata post-execution cost:1 ms .
[2026-07-27T01:13:35.788] [DEBUG] debug-file - Update task entry:default@MergeProfile input file:D:\SLE-ID\slekey\AppScope\app.json5 cache by regenerate.
[2026-07-27T01:13:35.788] [DEBUG] debug-file - Update task entry:default@MergeProfile input file:D:\SLE-ID\slekey\build-profile.json5 cache from map.
[2026-07-27T01:13:35.788] [DEBUG] debug-file - Update task entry:default@MergeProfile input file:D:\SLE-ID\slekey\entry\src\main\module.json5 cache by regenerate.
[2026-07-27T01:13:35.788] [DEBUG] debug-file - Update task entry:default@MergeProfile input file:D:\SLE-ID\slekey\oh_modules\.ohpm\@ohos+hypium@1.0.19\oh_modules\@ohos\hypium\src\main\module.json cache by regenerate.
[2026-07-27T01:13:35.788] [DEBUG] debug-file - Update task entry:default@MergeProfile output file:D:\SLE-ID\slekey\entry\build\default\intermediates\merge_profile\default\module.json cache.
[2026-07-27T01:13:35.788] [DEBUG] debug-file - Incremental task entry:default@MergeProfile post-execution cost:1 ms .
[2026-07-27T01:13:35.789] [DEBUG] debug-file - Update task entry:default@CreateBuildProfile input file:D:\SLE-ID\slekey\AppScope\app.json5 cache by regenerate.
[2026-07-27T01:13:35.789] [DEBUG] debug-file - Update task entry:default@CreateBuildProfile input file:D:\SLE-ID\slekey\build-profile.json5 cache from map.
[2026-07-27T01:13:35.789] [DEBUG] debug-file - Update task entry:default@CreateBuildProfile output file:D:\SLE-ID\slekey\entry\build\default\generated\profile\default\BuildProfile.ets cache.
[2026-07-27T01:13:35.789] [DEBUG] debug-file - Incremental task entry:default@CreateBuildProfile post-execution cost:1 ms .
[2026-07-27T01:13:35.789] [DEBUG] debug-file - There is no need to refresh cache, since the incremental task entry:default@GeneratePkgContextInfo is up-to-date.
[2026-07-27T01:13:35.789] [DEBUG] debug-file - Update task entry:default@GeneratePkgSdkInfo output file:D:\SLE-ID\slekey\entry\build\default\intermediates\loader\default\pkgSdkInfo.json cache.
[2026-07-27T01:13:35.789] [DEBUG] debug-file - Incremental task entry:default@GeneratePkgSdkInfo post-execution cost:1 ms .
[2026-07-27T01:13:35.789] [DEBUG] debug-file - Update task entry:default@ProcessIntegratedHsp output file:D:\SLE-ID\slekey\build\cache\default\integrated_hsp\integratedHspCache.json cache.
[2026-07-27T01:13:35.789] [DEBUG] debug-file - Incremental task entry:default@ProcessIntegratedHsp post-execution cost:1 ms .
[2026-07-27T01:13:35.789] [DEBUG] debug-file - Update task entry:default@MakePackInfo input file:D:\SLE-ID\slekey\AppScope\app.json5 cache by regenerate.
[2026-07-27T01:13:35.790] [DEBUG] debug-file - Update task entry:default@MakePackInfo input file:D:\SLE-ID\slekey\entry\src\main\module.json5 cache by regenerate.
[2026-07-27T01:13:35.790] [DEBUG] debug-file - Update task entry:default@MakePackInfo input file:D:\SLE-ID\slekey\build-profile.json5 cache from map.
[2026-07-27T01:13:35.790] [DEBUG] debug-file - Update task entry:default@MakePackInfo output file:D:\SLE-ID\slekey\entry\build\default\outputs\default\pack.info cache.
[2026-07-27T01:13:35.790] [DEBUG] debug-file - Incremental task entry:default@MakePackInfo post-execution cost:1 ms .
[2026-07-27T01:13:35.790] [DEBUG] debug-file - Update task entry:default@SyscapTransform input file:C:\Program Files\Huawei\DevEco Studio\sdk\default\openharmony\toolchains\syscap_tool.exe cache by regenerate.
[2026-07-27T01:13:35.790] [DEBUG] debug-file - Update task entry:default@SyscapTransform input file:C:\Program Files\Huawei\DevEco Studio\sdk\default\openharmony\ets\api\device-define cache by regenerate.
[2026-07-27T01:13:35.791] [DEBUG] debug-file - Update task entry:default@SyscapTransform output file:D:\SLE-ID\slekey\entry\build\default\intermediates\syscap\default\rpcid.sc cache.
[2026-07-27T01:13:35.791] [DEBUG] debug-file - Incremental task entry:default@SyscapTransform post-execution cost:1 ms .
[2026-07-27T01:13:35.791] [DEBUG] debug-file - Update task entry:default@ProcessProfile input file:D:\SLE-ID\slekey\entry\build\default\intermediates\merge_profile\default\module.json cache from map.
[2026-07-27T01:13:35.791] [DEBUG] debug-file - Update task entry:default@ProcessProfile output file:D:\SLE-ID\slekey\entry\build\default\intermediates\process_profile\default\module.json cache.
[2026-07-27T01:13:35.791] [DEBUG] debug-file - Incremental task entry:default@ProcessProfile post-execution cost:1 ms .
[2026-07-27T01:13:35.791] [DEBUG] debug-file - There is no need to refresh cache, since the incremental task entry:default@ProcessRouterMap is up-to-date.
[2026-07-27T01:13:35.791] [DEBUG] debug-file - There is no need to refresh cache, since the incremental task entry:default@ProcessShareConfig is up-to-date.
[2026-07-27T01:13:35.792] [DEBUG] debug-file - Update task entry:default@ProcessStartupConfig input file:D:\SLE-ID\slekey\entry\build\default\intermediates\loader\default\pkgContextInfo.json cache by regenerate.
[2026-07-27T01:13:35.792] [DEBUG] debug-file - Update task entry:default@ProcessStartupConfig output file:D:\SLE-ID\slekey\entry\build\default\intermediates\startup\default\startup_config.json cache.
[2026-07-27T01:13:35.792] [DEBUG] debug-file - Incremental task entry:default@ProcessStartupConfig post-execution cost:1 ms .
[2026-07-27T01:13:35.792] [DEBUG] debug-file - There is no need to refresh cache, since the incremental task entry:default@ProcessResource is up-to-date.
[2026-07-27T01:13:35.792] [DEBUG] debug-file - There is no need to refresh cache, since the incremental task entry:default@GenerateLoaderJson is up-to-date.
[2026-07-27T01:13:35.792] [DEBUG] debug-file - Update task entry:default@ProcessLibs input file:D:\SLE-ID\slekey\oh_modules\.ohpm\@ohos+hypium@1.0.19\oh_modules\@ohos\hypium\libs cache by regenerate.
[2026-07-27T01:13:35.792] [DEBUG] debug-file - Update task entry:default@ProcessLibs input file:D:\SLE-ID\slekey\build-profile.json5 cache from map.
[2026-07-27T01:13:35.792] [DEBUG] debug-file - Update task entry:default@ProcessLibs input file:D:\SLE-ID\slekey\entry\build-profile.json5 cache by regenerate.
[2026-07-27T01:13:35.792] [DEBUG] debug-file - Update task entry:default@ProcessLibs output file:D:\SLE-ID\slekey\entry\build\default\intermediates\libs\default cache.
[2026-07-27T01:13:35.793] [DEBUG] debug-file - Incremental task entry:default@ProcessLibs post-execution cost:1 ms .
[2026-07-27T01:13:35.793] [DEBUG] debug-file - Update task entry:default@CompileResource input file:D:\SLE-ID\slekey\entry\src\main\resources cache by regenerate.
[2026-07-27T01:13:35.794] [DEBUG] debug-file - Update task entry:default@CompileResource input file:D:\SLE-ID\slekey\AppScope\resources cache by regenerate.
[2026-07-27T01:13:35.795] [DEBUG] debug-file - Update task entry:default@CompileResource input file:D:\SLE-ID\slekey\entry\build\default\intermediates\process_profile\default\module.json cache from map.
[2026-07-27T01:13:35.795] [DEBUG] debug-file - Update task entry:default@CompileResource input file:D:\SLE-ID\slekey\entry\build\default\intermediates\res\default\resConfig.json cache by regenerate.
[2026-07-27T01:13:35.795] [DEBUG] debug-file - Update task entry:default@CompileResource output file:D:\SLE-ID\slekey\entry\build\default\intermediates\res\default cache.
[2026-07-27T01:13:35.797] [DEBUG] debug-file - Update task entry:default@CompileResource output file:D:\SLE-ID\slekey\entry\build\default\generated\r\default\ResourceTable.h cache.
[2026-07-27T01:13:35.797] [DEBUG] debug-file - Update task entry:default@CompileResource output file:D:\SLE-ID\slekey\entry\build\default\generated\r\default\ResourceTable.ts cache.
[2026-07-27T01:13:35.797] [DEBUG] debug-file - Update task entry:default@CompileResource output file:D:\SLE-ID\slekey\entry\build\default\generated\r\default cache.
[2026-07-27T01:13:35.797] [DEBUG] debug-file - Incremental task entry:default@CompileResource post-execution cost:5 ms .
[2026-07-27T01:13:35.797] [DEBUG] debug-file - There is no need to refresh cache, since the incremental task entry:default@DoNativeStrip is up-to-date.
[2026-07-27T01:13:35.798] [DEBUG] debug-file - Update task entry:default@CompileArkTS input file:D:\SLE-ID\slekey\entry\build\default\intermediates\loader\default cache by regenerate.
[2026-07-27T01:13:35.799] [DEBUG] debug-file - Update task entry:default@CompileArkTS input file:D:\SLE-ID\slekey\oh_modules\.ohpm\@ohos+hypium@1.0.19\oh_modules\@ohos\hypium\index.js cache from map.
[2026-07-27T01:13:35.799] [DEBUG] debug-file - Update task entry:default@CompileArkTS input file:D:\SLE-ID\slekey\entry\build\default\intermediates\res\default\resources\rawfile cache by regenerate.
[2026-07-27T01:13:35.799] [DEBUG] debug-file - Update task entry:default@CompileArkTS input file:D:\SLE-ID\slekey\entry\build\default\intermediates\res\default\ResourceTable.txt cache by regenerate.
[2026-07-27T01:13:35.799] [DEBUG] debug-file - Update task entry:default@CompileArkTS input file:D:\SLE-ID\slekey\entry\build\default\intermediates\res\default\ark_module.json cache by regenerate.
[2026-07-27T01:13:35.799] [DEBUG] debug-file - Update task entry:default@CompileArkTS input file:D:\SLE-ID\slekey\entry\build\default\intermediates\res\default\resources\base\profile cache by regenerate.
[2026-07-27T01:13:35.799] [DEBUG] debug-file - Update task entry:default@CompileArkTS input file:D:\SLE-ID\slekey\entry\src\main\ets cache by regenerate.
[2026-07-27T01:13:35.802] [DEBUG] debug-file - Update task entry:default@CompileArkTS input file:D:\SLE-ID\slekey\entry\build\default\intermediates\loader\default\pkgContextInfo.json cache by regenerate.
[2026-07-27T01:13:35.802] [DEBUG] debug-file - Update task entry:default@CompileArkTS input file:D:\SLE-ID\slekey\entry\build\default\generated\profile\default\BuildProfile.ets cache by regenerate.
[2026-07-27T01:13:35.802] [DEBUG] debug-file - Update task entry:default@CompileArkTS output file:D:\SLE-ID\slekey\entry\build\default\intermediates\loader_out\default\ets cache.
[2026-07-27T01:13:35.803] [DEBUG] debug-file - Incremental task entry:default@CompileArkTS post-execution cost:6 ms .
[2026-07-27T01:13:35.803] [DEBUG] debug-file - Update task entry:default@BuildJS input file:D:\SLE-ID\slekey\entry\build\default\intermediates\loader\default cache by regenerate.
[2026-07-27T01:13:35.804] [DEBUG] debug-file - Update task entry:default@BuildJS input file:D:\SLE-ID\slekey\oh_modules\.ohpm\@ohos+hypium@1.0.19\oh_modules\@ohos\hypium\index.js cache by regenerate.
[2026-07-27T01:13:35.804] [DEBUG] debug-file - Update task entry:default@BuildJS input file:D:\SLE-ID\slekey\entry\build\default\intermediates\res\default\resources\rawfile cache by regenerate.
[2026-07-27T01:13:35.804] [DEBUG] debug-file - Update task entry:default@BuildJS input file:D:\SLE-ID\slekey\entry\build\default\intermediates\res\default\ResourceTable.txt cache by regenerate.
[2026-07-27T01:13:35.804] [DEBUG] debug-file - Update task entry:default@BuildJS input file:D:\SLE-ID\slekey\entry\build\default\intermediates\res\default\ark_module.json cache by regenerate.
[2026-07-27T01:13:35.804] [DEBUG] debug-file - Update task entry:default@BuildJS input file:D:\SLE-ID\slekey\entry\build\default\intermediates\res\default\resources\base\profile cache by regenerate.
[2026-07-27T01:13:35.804] [DEBUG] debug-file - Update task entry:default@BuildJS input file:D:\SLE-ID\slekey\entry\build\default\intermediates\loader\default\pkgContextInfo.json cache by regenerate.
[2026-07-27T01:13:35.805] [DEBUG] debug-file - Update task entry:default@BuildJS output file:D:\SLE-ID\slekey\entry\build\default\intermediates\loader_out\default\js cache.
[2026-07-27T01:13:35.805] [DEBUG] debug-file - Incremental task entry:default@BuildJS post-execution cost:2 ms .
[2026-07-27T01:13:35.805] [DEBUG] debug-file - There is no need to refresh cache, since the incremental task entry:default@CacheNativeLibs is up-to-date.
[2026-07-27T01:13:35.805] [DEBUG] debug-file - Update task entry:default@GeneratePkgModuleJson input file:D:\SLE-ID\slekey\entry\build\default\intermediates\res\default\module.json cache from map.
[2026-07-27T01:13:35.805] [DEBUG] debug-file - Update task entry:default@GeneratePkgModuleJson output file:D:\SLE-ID\slekey\entry\build\default\intermediates\package\default\module.json cache.
[2026-07-27T01:13:35.805] [DEBUG] debug-file - Incremental task entry:default@GeneratePkgModuleJson post-execution cost:1 ms .
[2026-07-27T01:13:35.805] [DEBUG] debug-file - Incremental task entry:default@ProcessCompiledResources post-execution cost:1 ms .
[2026-07-27T01:13:35.805] [DEBUG] debug-file - Update task entry:default@PackageHap input file:D:\SLE-ID\slekey\entry\build\default\intermediates\stripped_native_libs\default cache by regenerate.
[2026-07-27T01:13:35.806] [DEBUG] debug-file - Update task entry:default@PackageHap input file:D:\SLE-ID\slekey\entry\build\default\intermediates\res\default\module.json cache from map.
[2026-07-27T01:13:35.806] [DEBUG] debug-file - Update task entry:default@PackageHap input file:D:\SLE-ID\slekey\entry\build\default\intermediates\res\default\resources cache by regenerate.
[2026-07-27T01:13:35.806] [DEBUG] debug-file - Update task entry:default@PackageHap input file:D:\SLE-ID\slekey\entry\build\default\intermediates\res\default\resources.index cache by regenerate.
[2026-07-27T01:13:35.806] [DEBUG] debug-file - Update task entry:default@PackageHap input file:D:\SLE-ID\slekey\entry\build\default\outputs\default\pack.info cache by regenerate.
[2026-07-27T01:13:35.806] [DEBUG] debug-file - Update task entry:default@PackageHap input file:D:\SLE-ID\slekey\entry\build\default\intermediates\loader_out\default\ets cache by regenerate.
[2026-07-27T01:13:35.807] [DEBUG] debug-file - Update task entry:default@PackageHap input file:D:\SLE-ID\slekey\entry\build\default\intermediates\loader\default\pkgContextInfo.json cache by regenerate.
[2026-07-27T01:13:35.807] [DEBUG] debug-file - Update task entry:default@PackageHap input file:D:\SLE-ID\slekey\entry\build\default\intermediates\loader_out\default\ets\sourceMaps.map cache by regenerate.
[2026-07-27T01:13:35.807] [DEBUG] debug-file - Update task entry:default@PackageHap input file:D:\SLE-ID\slekey\entry\build\default\generated\profile\default\BuildProfile.ets cache by regenerate.
[2026-07-27T01:13:35.807] [DEBUG] debug-file - Update task entry:default@PackageHap output file:D:\SLE-ID\slekey\entry\build\default\outputs\default\entry-default-unsigned.hap cache.
[2026-07-27T01:13:35.807] [DEBUG] debug-file - Update task entry:default@PackageHap output file:D:\SLE-ID\slekey\entry\build\default\intermediates\source_map\default\sourceMaps.map cache.
[2026-07-27T01:13:35.807] [DEBUG] debug-file - Update task entry:default@PackageHap output file:D:\SLE-ID\slekey\entry\build\default\outputs\default\mapping\sourceMaps.map cache.
[2026-07-27T01:13:35.807] [DEBUG] debug-file - Incremental task entry:default@PackageHap post-execution cost:3 ms .
[2026-07-27T01:13:35.808] [DEBUG] debug-file - Update task entry:default@SignHap input file:C:\Users\32569\.ohos\config\default_slekey_UdSWNgKqYUi41KW_P95ww1Ca7HcZmrBKmrk2w4ao7DE=.cer cache from map.
[2026-07-27T01:13:35.808] [DEBUG] debug-file - Update task entry:default@SignHap input file:C:\Users\32569\.ohos\config\default_slekey_UdSWNgKqYUi41KW_P95ww1Ca7HcZmrBKmrk2w4ao7DE=.p7b cache by regenerate.
[2026-07-27T01:13:35.808] [DEBUG] debug-file - Update task entry:default@SignHap input file:C:\Users\32569\.ohos\config\default_slekey_UdSWNgKqYUi41KW_P95ww1Ca7HcZmrBKmrk2w4ao7DE=.p12 cache by regenerate.
[2026-07-27T01:13:35.808] [DEBUG] debug-file - Update task entry:default@SignHap input file:D:\SLE-ID\slekey\entry\build\default\outputs\default\entry-default-unsigned.hap cache by regenerate.
[2026-07-27T01:13:35.808] [DEBUG] debug-file - Update task entry:default@SignHap output file:D:\SLE-ID\slekey\entry\build\default\outputs\default\entry-default-signed.hap cache.
[2026-07-27T01:13:35.808] [DEBUG] debug-file - Incremental task entry:default@SignHap post-execution cost:1 ms .
[2026-07-27T01:13:35.808] [DEBUG] debug-file - Update task entry:default@CollectDebugSymbol input file:D:\SLE-ID\slekey\entry\build\default\intermediates\loader_out\default\ets\sourceMaps.map cache by regenerate.
[2026-07-27T01:13:35.808] [DEBUG] debug-file - Update task entry:default@CollectDebugSymbol input file:D:\SLE-ID\slekey\entry\build\default\intermediates\libs\default cache by regenerate.
[2026-07-27T01:13:35.809] [DEBUG] debug-file - Update task entry:default@CollectDebugSymbol output file:D:\SLE-ID\slekey\entry\build\default\outputs\default\symbol cache.
[2026-07-27T01:13:35.809] [DEBUG] debug-file - Incremental task entry:default@CollectDebugSymbol post-execution cost:1 ms .
[2026-07-27T01:13:35.830] [DEBUG] debug-file - Cleanup worker 22.
[2026-07-27T01:13:35.831] [DEBUG] debug-file - Worker 22 has been cleaned up.
[2026-07-27T01:13:35.831] [DEBUG] debug-file - Current idle worker size: 1.
[2026-07-27T01:13:35.831] [DEBUG] debug-file - Current resident worker size: 2.
[2026-07-27T01:13:35.831] [DEBUG] debug-file - hvigor build process will be closed.
[2026-07-27T01:13:35.831] [DEBUG] debug-file - java daemon socket close code:1000 reason:close by user
[2026-07-27T01:13:35.840] [DEBUG] debug-file - session manager: send message to worker process.
[2026-07-27T01:13:35.840] [DEBUG] debug-file - session manager: send message to worker process.
[2026-07-27T01:13:35.840] [DEBUG] debug-file - watch worker: worker id should be larger than 0. Nothing will be sent to any worker thread.
[2026-07-27T01:13:35.840] [DEBUG] debug-file - watch worker: worker id should be larger than 0. Nothing will be sent to any worker thread.
[2026-07-27T01:13:35.844] [DEBUG] debug-file - worker[22] exits with exit code 1.
[2026-07-27T01:16:55.365] [DEBUG] debug-file - env: nodejsVersion=v24.16.0
[2026-07-27T01:16:55.434] [WARN] debug-file - 'C:\Windows\System32\wbem\wmic' 不是内部或外部命令，也不是可运行的程序
或批处理文件。

[2026-07-27T01:16:55.365] [DEBUG] debug-file - env: hvigor-config.json5 content = {
  modelVersion: '5.0.0',
  dependencies: {},
  execution: {},
  logging: {},
  debugging: {},
  nodeOptions: {}
}
[2026-07-27T01:16:56.324] [DEBUG] debug-file - env: daemon=true
[2026-07-27T01:16:56.755] [DEBUG] debug-file - hvigor java daemon: Starting java daemon. jvmXmxValue=512m, jarPath=C:\Program Files\Huawei\DevEco Studio\tools\hvigor\hvigor\lib\hvigor-java-daemon.jar
[2026-07-27T01:16:56.755] [DEBUG] debug-file - hvigor java daemon: Read cache file, 
    port=45050, pid=15400, sessionId exists=true
[2026-07-27T01:16:56.779] [DEBUG] debug-file - hvigor java daemon: tryConnect success
[2026-07-27T01:16:56.795] [DEBUG] debug-file - session manager: set active socket. socketId=OpZtG9YeCpaHfIdeAAAB
[2026-07-27T01:16:57.169] [DEBUG] debug-file - watch worker: worker id should be larger than 0. Nothing will be sent to any worker thread.
[2026-07-27T01:16:57.172] [DEBUG] debug-file - Since there is no instance or instance is terminated, create a new worker pool.
[2026-07-27T01:16:57.172] [DEBUG] debug-file - Worker pool is initialized with config:  {
  minPoolNum: 2,
  maxPoolNum: undefined,
  maxCoreSize: undefined,
  cacheCapacity: undefined,
  cacheTtl: undefined
}
[2026-07-27T01:16:57.172] [DEBUG] debug-file - Create  resident worker with id: 0.
[2026-07-27T01:16:57.174] [DEBUG] debug-file - Create  resident worker with id: 1.
[2026-07-27T01:16:57.175] [DEBUG] debug-file - Workers' log level updated to INFO
[2026-07-27T01:16:57.180] [DEBUG] debug-file - Hvigor init with startParameters:{
  hvigorfileTypeCheck: false,
  parallelExecution: true,
  incrementalExecution: true,
  printStackTrace: false,
  daemon: true,
  analyze: 0,
  logLevel: Level { level: 20000, levelStr: 'INFO', colour: 'green' },
  optimizationStrategy: 'memory',
  hotCompile: undefined,
  hotReloadBuild: undefined,
  customizedParam: undefined
}
[2026-07-27T01:16:57.184] [DEBUG] debug-file - Cache service initialization finished in 4 ms 
[2026-07-27T01:16:57.185] [DEBUG] debug-file - hvigorfile, resolving D:\SLE-ID\slekey\hvigorfile.ts
[2026-07-27T01:16:58.121] [DEBUG] debug-file - hvigorfile, require result:  { default: { plugins: [] } }
[2026-07-27T01:16:58.122] [DEBUG] debug-file - hvigorfile, binding system plugins null
[2026-07-27T01:16:58.122] [DEBUG] debug-file - Starting plugin build process
[2026-07-27T01:16:58.122] [DEBUG] debug-file - App plugin prepare start...
[2026-07-27T01:16:58.122] [DEBUG] debug-file - App plugin prepare end...
[2026-07-27T01:16:58.122] [DEBUG] debug-file - App plugin creating...
[2026-07-27T01:16:58.237] [DEBUG] debug-file - App plugin register hook start...
[2026-07-27T01:16:58.237] [DEBUG] debug-file - App plugin register hook end...
[2026-07-27T01:16:58.237] [DEBUG] debug-file - Plugin build process completed
[2026-07-27T01:16:58.238] [DEBUG] debug-file - Start initialize project's product build option map with build mode debug.
[2026-07-27T01:16:58.238] [DEBUG] debug-file - Picking option from product 'default' with build mode 'debug'.
[2026-07-27T01:16:58.238] [DEBUG] debug-file - Product 'default' build option initialized
[2026-07-27T01:16:58.238] [DEBUG] debug-file - End initialize project's product build option map with build mode 'debug'.
[2026-07-27T01:16:58.239] [DEBUG] debug-file - Obtain build option for product 'default'in this build.
[2026-07-27T01:16:58.241] [DEBUG] debug-file - D:\SLE-ID\slekey\build\cache\default\remote_hsp\remoteHspCache.json not exists.
[2026-07-27T01:16:58.242] [DEBUG] debug-file - Local scan or download HarmonyOS sdk components toolchains,ets,js,native,previewer
[2026-07-27T01:16:58.244] [DEBUG] debug-file - Local scan or download hmscore sdk components toolchains,ets,native
[2026-07-27T01:16:58.245] [DEBUG] debug-file - Start recording SDK configuration permission data.
[2026-07-27T01:16:58.273] [DEBUG] debug-file - Sdk init in 32 ms 
[2026-07-27T01:16:58.277] [DEBUG] debug-file - Project task initialization takes 4 ms 
[2026-07-27T01:16:58.278] [DEBUG] debug-file - hvigorfile, begin to bind custom plugins...
[2026-07-27T01:16:58.278] [DEBUG] debug-file - hvigorfile, no custom plugins were found in D:\SLE-ID\slekey\hvigorfile.ts
[2026-07-27T01:16:58.278] [DEBUG] debug-file - hvigorfile, resolve finished D:\SLE-ID\slekey\hvigorfile.ts
[2026-07-27T01:16:58.278] [DEBUG] debug-file - hvigorfile, resolving D:\SLE-ID\slekey\entry\hvigorfile.ts
[2026-07-27T01:16:58.283] [DEBUG] debug-file - hvigorfile, require result:  { default: { plugins: [] } }
[2026-07-27T01:16:58.283] [DEBUG] debug-file - hvigorfile, binding system plugins null
[2026-07-27T01:16:58.283] [DEBUG] debug-file - Starting plugin build process
[2026-07-27T01:16:58.284] [DEBUG] debug-file - Hap plugin creating...
[2026-07-27T01:16:58.285] [DEBUG] debug-file - failed to load cangjie to dynamically generate schemas: Error: Cannot find module '@ohos/cangjie-build-support/index'
Require stack:
- C:\Program Files\Huawei\DevEco Studio\tools\hvigor\hvigor-ohos-plugin\src\plugin\hooks\cangjie-register.js
- C:\Program Files\Huawei\DevEco Studio\tools\hvigor\hvigor-ohos-plugin\src\plugin\strategy\stage-init-strategy.js
- C:\Program Files\Huawei\DevEco Studio\tools\hvigor\hvigor-ohos-plugin\src\plugin\builder\abstract-plugin-builder.js
- C:\Program Files\Huawei\DevEco Studio\tools\hvigor\hvigor-ohos-plugin\src\plugin\builder\app-plugin-builder.js
- C:\Program Files\Huawei\DevEco Studio\tools\hvigor\hvigor-ohos-plugin\src\plugin\factory\plugin-factory.js
- C:\Program Files\Huawei\DevEco Studio\tools\hvigor\hvigor-ohos-plugin\index.js
- D:\SLE-ID\slekey\hvigorfile.ts
- C:\Program Files\Huawei\DevEco Studio\tools\hvigor\hvigor\src\base\internal\lifecycle\configuration.js
- C:\Program Files\Huawei\DevEco Studio\tools\hvigor\hvigor\src\base\boot\index.js
- C:\Program Files\Huawei\DevEco Studio\tools\hvigor\hvigor\src\base\daemon\cluster\worker-process-lifecycle.js
- C:\Program Files\Huawei\DevEco Studio\tools\hvigor\hvigor\src\base\daemon\process\daemon-process-boot-script.js
[2026-07-27T01:16:58.294] [DEBUG] debug-file - Start initialize module-target build option map, moduleName=entry, buildMode=debug
[2026-07-27T01:16:58.294] [DEBUG] debug-file - Target 'default' config initialized
[2026-07-27T01:16:58.295] [DEBUG] debug-file - Module 'entry' target 'default' build option initialized
[2026-07-27T01:16:58.295] [DEBUG] debug-file - End initialize module-target build option map, moduleName=entry
[2026-07-27T01:16:58.295] [DEBUG] debug-file - Start initialize module-target build option map, moduleName=entry, buildMode=release
[2026-07-27T01:16:58.295] [DEBUG] debug-file - Target 'default' config initialized
[2026-07-27T01:16:58.295] [DEBUG] debug-file - Module 'entry' target 'default' build option initialized
[2026-07-27T01:16:58.296] [DEBUG] debug-file - End initialize module-target build option map, moduleName=entry
[2026-07-27T01:16:58.296] [DEBUG] debug-file - Start initialize module-target build option map, moduleName=entry, buildMode=debug
[2026-07-27T01:16:58.296] [DEBUG] debug-file - Target 'default' config initialized
[2026-07-27T01:16:58.296] [DEBUG] debug-file - Module 'entry' target 'default' build option initialized
[2026-07-27T01:16:58.296] [DEBUG] debug-file - End initialize module-target build option map, moduleName=entry
[2026-07-27T01:16:58.296] [DEBUG] debug-file - Obtain build option for module 'entry' target 'default'in this build.
[2026-07-27T01:16:58.300] [DEBUG] debug-file - Module entry task initialization takes 4 ms 
[2026-07-27T01:16:58.300] [DEBUG] debug-file - Hap plugin register hook start...
[2026-07-27T01:16:58.300] [DEBUG] debug-file - Hap plugin register hook end...
[2026-07-27T01:16:58.300] [DEBUG] debug-file - Plugin build process completed
[2026-07-27T01:16:58.300] [DEBUG] debug-file - hvigorfile, begin to bind custom plugins...
[2026-07-27T01:16:58.300] [DEBUG] debug-file - hvigorfile, no custom plugins were found in D:\SLE-ID\slekey\entry\hvigorfile.ts
[2026-07-27T01:16:58.300] [DEBUG] debug-file - hvigorfile, resolve finished D:\SLE-ID\slekey\entry\hvigorfile.ts
[2026-07-27T01:16:58.357] [DEBUG] debug-file - hvigorfile, resolve hvigorfile dependencies in 57 ms 
[2026-07-27T01:16:58.357] [DEBUG] debug-file - project has submodules:entry
[2026-07-27T01:16:58.359] [DEBUG] debug-file - start to load updatedOhPackageInfo to the disk
[2026-07-27T01:16:58.360] [DEBUG] debug-file - load to the disk finished
[2026-07-27T01:16:58.361] [DEBUG] debug-file - Start to initialize dependency information.
[2026-07-27T01:16:58.365] [DEBUG] debug-file - Module slekey Collected Dependency: D:\SLE-ID\slekey\oh_modules\.ohpm\@ohos+hypium@1.0.19\oh_modules\@ohos\hypium
[2026-07-27T01:16:58.365] [DEBUG] debug-file - Module slekey's total dependency: 1
[2026-07-27T01:16:58.366] [DEBUG] debug-file - Start to initialize dependency information.
[2026-07-27T01:16:58.368] [DEBUG] debug-file - Module entry Collected Dependency: D:\SLE-ID\slekey\oh_modules\.ohpm\@ohos+hypium@1.0.19\oh_modules\@ohos\hypium
[2026-07-27T01:16:58.368] [DEBUG] debug-file - Module entry's total dependency: 1
[2026-07-27T01:16:58.371] [DEBUG] debug-file - Configuration phase cost:1 s 187 ms 
[2026-07-27T01:16:58.372] [DEBUG] debug-file - Configuration task cost before running: 1 s 197 ms 
[2026-07-27T01:16:58.376] [DEBUG] debug-file - Executing task :entry:default@PreBuild
[2026-07-27T01:16:58.378] [DEBUG] debug-file - Task 'entry:default@PreBuild' cost while wrapping incremental declarations: 1 ms 
[2026-07-27T01:16:58.382] [DEBUG] debug-file - entry:default@PreBuild is not up-to-date, since the task snapshots are different.
[2026-07-27T01:16:58.382] [DEBUG] debug-file - Incremental task entry:default@PreBuild pre-execution cost: 3 ms .
[2026-07-27T01:16:58.477] [DEBUG] debug-file - current product is not Atomic service.
[2026-07-27T01:16:58.478] [DEBUG] debug-file - Use tool [win32: JAVA_HOME, CLASSPATH]
 [
  { JAVA_HOME: 'C:\\Program Files\\Huawei\\DevEco Studio\\jbr' },
  { CLASSPATH: undefined }
]
[2026-07-27T01:16:58.478] [DEBUG] debug-file - Use tool [win32: NODE_HOME]
 [
  {
    NODE_HOME: 'C:\\Program Files\\Huawei\\DevEco Studio\\tools\\node'
  }
]
[2026-07-27T01:16:58.478] [DEBUG] debug-file - entry : default@PreBuild cost memory 14.492439270019531
[2026-07-27T01:16:58.478] [DEBUG] debug-file - runTaskFromQueue task cost before running: 1 s 303 ms 
[2026-07-27T01:16:58.479] [INFO] debug-file - Finished :entry:default@PreBuild... after 103 ms 
[2026-07-27T01:16:58.480] [DEBUG] debug-file - Executing task :entry:default@CreateModuleInfo
[2026-07-27T01:16:58.480] [DEBUG] debug-file - Task 'entry:default@CreateModuleInfo' cost while wrapping incremental declarations: 1 ms 
[2026-07-27T01:16:58.481] [DEBUG] debug-file - entry : default@CreateModuleInfo cost memory 0.04615020751953125
[2026-07-27T01:16:58.481] [DEBUG] debug-file - runTaskFromQueue task cost before running: 1 s 305 ms 
[2026-07-27T01:16:58.481] [INFO] debug-file - Finished :entry:default@CreateModuleInfo... after 1 ms 
[2026-07-27T01:16:58.483] [DEBUG] debug-file - Executing task :entry:default@GenerateMetadata
[2026-07-27T01:16:58.483] [DEBUG] debug-file - Task 'entry:default@GenerateMetadata' cost while wrapping incremental declarations: 1 ms 
[2026-07-27T01:16:58.484] [DEBUG] debug-file - Incremental task entry:default@GenerateMetadata pre-execution cost: 1 ms .
[2026-07-27T01:16:58.484] [DEBUG] debug-file - entry : default@GenerateMetadata cost memory 0.1342010498046875
[2026-07-27T01:16:58.484] [INFO] debug-file - UP-TO-DATE :entry:default@GenerateMetadata...  
[2026-07-27T01:16:58.485] [DEBUG] debug-file - Executing task :entry:default@ConfigureCmake
[2026-07-27T01:16:58.485] [DEBUG] debug-file - entry : default@ConfigureCmake cost memory 0.01462554931640625
[2026-07-27T01:16:58.485] [DEBUG] debug-file - runTaskFromQueue task cost before running: 1 s 310 ms 
[2026-07-27T01:16:58.485] [INFO] debug-file - Finished :entry:default@ConfigureCmake... after 1 ms 
[2026-07-27T01:16:58.486] [DEBUG] debug-file - Executing task :entry:default@MergeProfile
[2026-07-27T01:16:58.487] [DEBUG] debug-file - Task 'entry:default@MergeProfile' cost while wrapping incremental declarations: 1 ms 
[2026-07-27T01:16:58.488] [DEBUG] debug-file - Incremental task entry:default@MergeProfile pre-execution cost: 1 ms .
[2026-07-27T01:16:58.488] [DEBUG] debug-file - entry : default@MergeProfile cost memory 0.165740966796875
[2026-07-27T01:16:58.488] [INFO] debug-file - UP-TO-DATE :entry:default@MergeProfile...  
[2026-07-27T01:16:58.489] [DEBUG] debug-file - Executing task :entry:default@CreateBuildProfile
[2026-07-27T01:16:58.490] [DEBUG] debug-file - Task 'entry:default@CreateBuildProfile' cost while wrapping incremental declarations: 1 ms 
[2026-07-27T01:16:58.490] [DEBUG] debug-file - Incremental task entry:default@CreateBuildProfile pre-execution cost: 1 ms .
[2026-07-27T01:16:58.490] [DEBUG] debug-file - entry : default@CreateBuildProfile cost memory 0.1119842529296875
[2026-07-27T01:16:58.490] [INFO] debug-file - UP-TO-DATE :entry:default@CreateBuildProfile...  
[2026-07-27T01:16:58.491] [DEBUG] debug-file - Executing task :entry:default@PreCheckSyscap
[2026-07-27T01:16:58.491] [DEBUG] debug-file - entry : default@PreCheckSyscap cost memory 0.0171356201171875
[2026-07-27T01:16:58.493] [DEBUG] debug-file - runTaskFromQueue task cost before running: 1 s 316 ms 
[2026-07-27T01:16:58.493] [INFO] debug-file - Finished :entry:default@PreCheckSyscap... after 1 ms 
[2026-07-27T01:16:58.494] [DEBUG] debug-file - Executing task :entry:default@GeneratePkgContextInfo
[2026-07-27T01:16:58.501] [DEBUG] debug-file - Task 'entry:default@GeneratePkgContextInfo' cost while wrapping incremental declarations: 1 ms 
[2026-07-27T01:16:58.501] [DEBUG] debug-file - Incremental task entry:default@GeneratePkgContextInfo pre-execution cost: 1 ms .
[2026-07-27T01:16:58.501] [DEBUG] debug-file - entry : default@GeneratePkgContextInfo cost memory 0.5172576904296875
[2026-07-27T01:16:58.501] [INFO] debug-file - UP-TO-DATE :entry:default@GeneratePkgContextInfo...  
[2026-07-27T01:16:58.502] [DEBUG] debug-file - Executing task :entry:default@GeneratePkgSdkInfo
[2026-07-27T01:16:58.504] [DEBUG] debug-file - Dependency key: @ohos/hypium already exists, current dependency listed in devDependencies will be ignored.
[2026-07-27T01:16:58.504] [DEBUG] debug-file - Task 'entry:default@GeneratePkgSdkInfo' cost while wrapping incremental declarations: 1 ms 
[2026-07-27T01:16:58.505] [DEBUG] debug-file - entry : default@GeneratePkgSdkInfo cost memory 0.1361083984375
[2026-07-27T01:16:58.505] [DEBUG] debug-file - runTaskFromQueue task cost before running: 1 s 329 ms 
[2026-07-27T01:16:58.505] [INFO] debug-file - Finished :entry:default@GeneratePkgSdkInfo... after 3 ms 
[2026-07-27T01:16:58.507] [DEBUG] debug-file - Executing task :entry:default@ProcessIntegratedHsp
[2026-07-27T01:16:58.507] [DEBUG] debug-file - entry:default@ProcessIntegratedHsp is not up-to-date, since the output file 'D:\SLE-ID\slekey\build\cache\default\integrated_hsp\integratedHspCache.json' does not exist.
[2026-07-27T01:16:58.507] [DEBUG] debug-file - Incremental task entry:default@ProcessIntegratedHsp pre-execution cost: 1 ms .
[2026-07-27T01:16:58.508] [DEBUG] debug-file - entry : default@ProcessIntegratedHsp cost memory 0.0528411865234375
[2026-07-27T01:16:58.508] [DEBUG] debug-file - runTaskFromQueue task cost before running: 1 s 332 ms 
[2026-07-27T01:16:58.508] [INFO] debug-file - Finished :entry:default@ProcessIntegratedHsp... after 1 ms 
[2026-07-27T01:16:58.509] [DEBUG] debug-file - Executing task :entry:default@BuildNativeWithCmake
[2026-07-27T01:16:58.509] [DEBUG] debug-file - entry : default@BuildNativeWithCmake cost memory 0.0150146484375
[2026-07-27T01:16:58.509] [DEBUG] debug-file - runTaskFromQueue task cost before running: 1 s 334 ms 
[2026-07-27T01:16:58.509] [INFO] debug-file - Finished :entry:default@BuildNativeWithCmake... after 1 ms 
[2026-07-27T01:16:58.510] [DEBUG] debug-file - Executing task :entry:default@MakePackInfo
[2026-07-27T01:16:58.511] [DEBUG] debug-file - Incremental task entry:default@MakePackInfo pre-execution cost: 1 ms .
[2026-07-27T01:16:58.512] [DEBUG] debug-file - entry : default@MakePackInfo cost memory 0.134033203125
[2026-07-27T01:16:58.512] [INFO] debug-file - UP-TO-DATE :entry:default@MakePackInfo...  
[2026-07-27T01:16:58.513] [DEBUG] debug-file - Executing task :entry:default@SyscapTransform
[2026-07-27T01:16:58.513] [DEBUG] debug-file - File: 'D:\SLE-ID\slekey\entry\src\main\syscap.json' from 'sysCapJsonPath' is not exists, just ignore.
[2026-07-27T01:16:58.513] [DEBUG] debug-file - Task 'entry:default@SyscapTransform' cost while wrapping incremental declarations: 1 ms 
[2026-07-27T01:16:58.521] [DEBUG] debug-file - entry:default@SyscapTransform is not up-to-date, since the output file 'D:\SLE-ID\slekey\entry\build\default\intermediates\syscap\default\rpcid.sc' does not exist.
[2026-07-27T01:16:58.521] [DEBUG] debug-file - Incremental task entry:default@SyscapTransform pre-execution cost: 9 ms .
[2026-07-27T01:16:58.522] [DEBUG] debug-file - entry : default@SyscapTransform cost memory 0.30435943603515625
[2026-07-27T01:16:58.522] [DEBUG] debug-file - runTaskFromQueue task cost before running: 1 s 347 ms 
[2026-07-27T01:16:58.522] [INFO] debug-file - Finished :entry:default@SyscapTransform... after 10 ms 
[2026-07-27T01:16:58.524] [DEBUG] debug-file - Executing task :entry:default@ProcessProfile
[2026-07-27T01:16:58.525] [DEBUG] debug-file - Task 'entry:default@ProcessProfile' cost while wrapping incremental declarations: 1 ms 
[2026-07-27T01:16:58.526] [DEBUG] debug-file - Incremental task entry:default@ProcessProfile pre-execution cost: 1 ms .
[2026-07-27T01:16:58.526] [DEBUG] debug-file - entry : default@ProcessProfile cost memory 0.14920806884765625
[2026-07-27T01:16:58.526] [INFO] debug-file - UP-TO-DATE :entry:default@ProcessProfile...  
[2026-07-27T01:16:58.527] [DEBUG] debug-file - Executing task :entry:default@ProcessRouterMap
[2026-07-27T01:16:58.528] [DEBUG] debug-file - Incremental task entry:default@ProcessRouterMap pre-execution cost: 1 ms .
[2026-07-27T01:16:58.528] [DEBUG] debug-file - entry : default@ProcessRouterMap cost memory 0.14963531494140625
[2026-07-27T01:16:58.529] [INFO] debug-file - UP-TO-DATE :entry:default@ProcessRouterMap...  
[2026-07-27T01:16:58.529] [DEBUG] debug-file - Executing task :entry:default@ProcessShareConfig
[2026-07-27T01:16:58.530] [DEBUG] debug-file - Incremental task entry:default@ProcessShareConfig pre-execution cost: 1 ms .
[2026-07-27T01:16:58.531] [DEBUG] debug-file - entry : default@ProcessShareConfig cost memory 0.1363067626953125
[2026-07-27T01:16:58.531] [INFO] debug-file - UP-TO-DATE :entry:default@ProcessShareConfig...  
[2026-07-27T01:16:58.531] [DEBUG] debug-file - Executing task :entry:default@ProcessStartupConfig
[2026-07-27T01:16:58.532] [DEBUG] debug-file - Task 'entry:default@ProcessStartupConfig' cost while wrapping incremental declarations: 1 ms 
[2026-07-27T01:16:58.532] [DEBUG] debug-file - entry:default@ProcessStartupConfig is not up-to-date, since the output file 'D:\SLE-ID\slekey\entry\build\default\intermediates\startup\default\startup_config.json' does not exist.
[2026-07-27T01:16:58.532] [DEBUG] debug-file - Incremental task entry:default@ProcessStartupConfig pre-execution cost: 1 ms .
[2026-07-27T01:16:58.533] [DEBUG] debug-file - entry : default@ProcessStartupConfig cost memory 0.12653350830078125
[2026-07-27T01:16:58.533] [DEBUG] debug-file - runTaskFromQueue task cost before running: 1 s 358 ms 
[2026-07-27T01:16:58.533] [INFO] debug-file - Finished :entry:default@ProcessStartupConfig... after 2 ms 
[2026-07-27T01:16:58.534] [DEBUG] debug-file - Executing task :entry:default@BuildNativeWithNinja
[2026-07-27T01:16:58.535] [DEBUG] debug-file - entry : default@BuildNativeWithNinja cost memory 0.020751953125
[2026-07-27T01:16:58.535] [DEBUG] debug-file - runTaskFromQueue task cost before running: 1 s 359 ms 
[2026-07-27T01:16:58.535] [INFO] debug-file - Finished :entry:default@BuildNativeWithNinja... after 1 ms 
[2026-07-27T01:16:58.536] [DEBUG] debug-file - restool module names: entry; moduleName=entry, taskName=default@ProcessResource
[2026-07-27T01:16:58.538] [DEBUG] debug-file - Executing task :entry:default@ProcessResource
[2026-07-27T01:16:58.538] [DEBUG] debug-file - Task 'entry:default@ProcessResource' cost while wrapping incremental declarations: 1 ms 
[2026-07-27T01:16:58.539] [DEBUG] debug-file - Incremental task entry:default@ProcessResource pre-execution cost: 1 ms .
[2026-07-27T01:16:58.539] [DEBUG] debug-file - entry : default@ProcessResource cost memory 0.13176727294921875
[2026-07-27T01:16:58.540] [INFO] debug-file - UP-TO-DATE :entry:default@ProcessResource...  
[2026-07-27T01:16:58.541] [DEBUG] debug-file - Executing task :entry:default@GenerateLoaderJson
[2026-07-27T01:16:58.542] [DEBUG] debug-file - Task 'entry:default@GenerateLoaderJson' cost while wrapping incremental declarations: 1 ms 
[2026-07-27T01:16:58.546] [DEBUG] debug-file - Incremental task entry:default@GenerateLoaderJson pre-execution cost: 3 ms .
[2026-07-27T01:16:58.546] [DEBUG] debug-file - entry : default@GenerateLoaderJson cost memory 1.1412429809570312
[2026-07-27T01:16:58.548] [INFO] debug-file - UP-TO-DATE :entry:default@GenerateLoaderJson...  
[2026-07-27T01:16:58.549] [DEBUG] debug-file - Executing task :entry:default@ProcessLibs
[2026-07-27T01:16:58.551] [DEBUG] debug-file - Incremental task entry:default@ProcessLibs pre-execution cost: 1 ms .
[2026-07-27T01:16:58.551] [DEBUG] debug-file - entry : default@ProcessLibs cost memory 0.19336700439453125
[2026-07-27T01:16:58.551] [INFO] debug-file - UP-TO-DATE :entry:default@ProcessLibs...  
[2026-07-27T01:16:58.552] [DEBUG] debug-file - restool module names: entry; moduleName=entry, taskName=default@CompileResource
[2026-07-27T01:16:58.553] [DEBUG] debug-file - Executing task :entry:default@CompileResource
[2026-07-27T01:16:58.557] [DEBUG] debug-file - Incremental task entry:default@CompileResource pre-execution cost: 4 ms .
[2026-07-27T01:16:58.557] [DEBUG] debug-file - entry : default@CompileResource cost memory 0.48150634765625
[2026-07-27T01:16:58.557] [INFO] debug-file - UP-TO-DATE :entry:default@CompileResource...  
[2026-07-27T01:16:58.558] [DEBUG] debug-file - Executing task :entry:default@DoNativeStrip
[2026-07-27T01:16:58.559] [DEBUG] debug-file - File: 'D:\SLE-ID\slekey\entry\build\default\intermediates\binxo\default' from 'doBinxoNativeLibs' is not exists, just ignore.
[2026-07-27T01:16:58.559] [DEBUG] debug-file - Task 'entry:default@DoNativeStrip' cost while wrapping incremental declarations: 1 ms 
[2026-07-27T01:16:58.559] [DEBUG] debug-file - Incremental task entry:default@DoNativeStrip pre-execution cost: 1 ms .
[2026-07-27T01:16:58.559] [DEBUG] debug-file - entry : default@DoNativeStrip cost memory 0.07816314697265625
[2026-07-27T01:16:58.559] [INFO] debug-file - UP-TO-DATE :entry:default@DoNativeStrip...  
[2026-07-27T01:16:58.561] [DEBUG] debug-file - Executing task :entry:default@CompileArkTS
[2026-07-27T01:16:58.561] [DEBUG] debug-file - obfuscationOptions: undefined
[2026-07-27T01:16:58.564] [DEBUG] debug-file - Task 'entry:default@CompileArkTS' cost while wrapping incremental declarations: 1 ms 
[2026-07-27T01:16:58.568] [DEBUG] debug-file - entry:default@CompileArkTS is not up-to-date, since the input file 'D:\SLE-ID\slekey\entry\src\main\ets' has been changed.
[2026-07-27T01:16:58.568] [DEBUG] debug-file - Incremental task entry:default@CompileArkTS pre-execution cost: 3 ms .
[2026-07-27T01:16:58.576] [DEBUG] debug-file - build config:
[2026-07-27T01:16:58.576] [DEBUG] debug-file - {
  moduleType: 'entry',
  perf: 0,
  targetName: '.default',
  packageManagerType: 'ohpm',
  localPropertiesPath: 'D:\\SLE-ID\\slekey\\local.properties',
  isPreview: false,
  isOhosTest: false,
  isLocalTest: false,
  buildMode: 'Debug',
  hotReloadBuild: undefined,
  watchMode: 'false',
  aceProfilePath: 'D:\\SLE-ID\\slekey\\entry\\build\\default\\intermediates\\res\\default\\resources\\base\\profile',
  etsLoaderPath: 'C:\\Program Files\\Huawei\\DevEco Studio\\sdk\\default\\openharmony\\ets\\build-tools\\ets-loader',
  modulePath: 'D:\\SLE-ID\\slekey\\entry',
  testFrameworkPar: {
    testMode: undefined,
    coveragePathFilter: undefined,
    coverageMode: undefined
  },
  needCoverageInsert: false,
  debugLine: false,
  projectTopDir: 'D:\\SLE-ID\\slekey',
  compileSdkVersion: 23,
  compatibleSdkVersion: 12,
  originCompatibleSdkVersion: '5.0.0(12)',
  compatibleSdkVersionStage: 'beta1',
  bundleName: 'c***p',
  etsLoaderVersion: '6.1.0.105',
  etsLoaderReleaseType: 'Release',
  aotCompileMode: 'type',
  apPath: 'D:\\SLE-ID\\slekey\\entry\\modules.ap',
  entryModuleName: 'entry',
  entryModuleVersion: '1.0.0',
  entryPackageName: 'entry',
  allModuleNameHash: 'f50575914c85e3183d91a020539fc5ec331fa18837794d3ea3a2aada5c34fdd7',
  externalApiPaths: [
    'C:\\Program Files\\Huawei\\DevEco Studio\\sdk\\default\\hms\\ets'
  ],
  compilerTypes: [],
  isCrossplatform: false,
  hvigorPluginFile: undefined,
  compilePluginPath: undefined,
  buildGeneratedProfilePath: 'D:\\SLE-ID\\slekey\\entry\\build\\default\\generated\\profile\\default',
  bundleType: 'app',
  arkTSVersion: '1.0',
  apiVersion: 23,
  needCompleteSourcesMap: false,
  isFaMode: false,
  buildDir: 'D:\\SLE-ID\\slekey\\entry\\build',
  deviceTypes: [ 'phone', 'tablet' ],
  pkgContextInfo: {
    '@ohos/hypium': {
      packageName: '@ohos/hypium',
      bundleName: '*****',
      moduleName: '',
      version: '1.0.19',
      entryPath: 'index.js',
      isSO: false,
      dependencyAlias: ''
    },
    entry: {
      packageName: 'entry',
      bundleName: '*****',
      moduleName: '',
      version: '',
      entryPath: 'src/main/',
      isSO: false,
      dependencyAlias: ''
    }
  },
  ohPackagePathMap: {},
  dependencyAliasMap: {},
  permission: { requestPermissions: [], definePermissions: undefined },
  useGetCurrentBundleName: false,
  projectArkOption: undefined,
  sourceMapDir: undefined,
  branchElimination: false,
  transformLib: undefined,
  tsImportSendable: false,
  resolveConflictMode: true,
  depName2RootPath: {},
  depName2DepInfo: {},
  depName2OhExports: {},
  rootPathSet: [ 'D:\\SLE-ID\\slekey' ],
  useNativeResolver: true,
  shouldEmitJs: true,
  useTscResolve: false,
  singleFileEmit: false,
  userProjectConfig: {
    autoLazyImport: false,
    allowEmptyBundleName: false,
    reExportCheckMode: 'noCheck',
    executionMode: 'memory',
    usePathPlaceholder: false,
    writeRollupCache: true,
    isExpandImportEnabled: false,
    expandImportExclude: '',
    lazyImportExclude: '',
    lazyImportInclude: '',
    ignoreCrossplatformCheck: false,
    isHarDeduplicateEnabled: false,
    skipOhModulesLint: false,
    enableStrictCheckOHModule: false,
    disableSendableCheckRules: [],
    useDeclarationFileSignature: false,
    customizedOptions: undefined,
    integratedHsp: false,
    isPreloadSoEnabled: false
  },
  executionMode: 'memory',
  arkCompileCachePath: 'D:\\SLE-ID\\slekey\\entry\\build\\default\\cache\\default\\default@CompileArkTS\\esmodule',
  autoLazyFilter: undefined,
  isHarDeduplicateEnabled: false,
  intermediateHarDuplicateDirPath: 'D:\\SLE-ID\\slekey\\entry\\build\\default\\intermediates\\har_duplicate\\default',
  autoLazyImport: false,
  allowEmptyBundleName: false,
  reExportCheckMode: 'noCheck',
  usePathPlaceholder: false,
  writeRollupCache: true,
  isExpandImportEnabled: false,
  expandImportExclude: '',
  lazyImportExclude: '',
  lazyImportInclude: '',
  ignoreCrossplatformCheck: false,
  skipOhModulesLint: false,
  enableStrictCheckOHModule: false,
  disableSendableCheckRules: [],
  useDeclarationFileSignature: false,
  customizedOptions: undefined,
  integratedHsp: false,
  isPreloadSoEnabled: false,
  strictMode: {
    caseSensitiveCheck: true,
    useNormalizedOHMUrl: true,
    noExternalImportByPath: true
  },
  useNormalizedOHMUrl: true,
  caseSensitiveCheck: true,
  aceModuleJsonPath: 'D:\\SLE-ID\\slekey\\entry\\build\\default\\intermediates\\res\\default\\ark_module.json',
  appResource: 'D:\\SLE-ID\\slekey\\entry\\build\\default\\intermediates\\res\\default\\ResourceTable.txt',
  rawFileResource: 'D:\\SLE-ID\\slekey\\entry\\build\\default\\intermediates\\res\\default\\resources\\rawfile',
  resourceTableHash: '8d499eae98a35ebfd449f640cb0204dc46fbfe126b8cecf18b5dae055c1b4570',
  runtimeOS: 'HarmonyOS',
  sdkInfo: 'false:23:6.1.0.105:Release',
  aceModuleRoot: 'D:\\SLE-ID\\slekey\\entry\\src\\main\\ets',
  compileMode: 'esmodule',
  aceSuperVisualPath: 'D:\\SLE-ID\\slekey\\entry\\src\\main\\supervisual',
  aceBuildJson: 'D:\\SLE-ID\\slekey\\entry\\build\\default\\intermediates\\loader\\default\\loader.json',
  cachePath: 'D:\\SLE-ID\\slekey\\entry\\build\\default\\cache\\default\\default@CompileArkTS\\esmodule\\debug',
  aceModuleBuild: 'D:\\SLE-ID\\slekey\\entry\\build\\default\\intermediates\\loader_out\\default\\ets',
  supportChunks: true,
  declaredFilesPath: undefined,
  shouldCollectDirectImportees: false,
  isByteCodeHarOptimize: false,
  expandImportPath: undefined,
  resourceTableTs: 'D:\\SLE-ID\\slekey\\entry\\build\\default\\generated\\r\\default\\ResourceTable.ts',
  moduleMetaInfoFiles: [
    {
      filePath: 'D:\\SLE-ID\\slekey\\entry\\build\\default\\generated\\r\\default\\ResourceTable.ts',
      ohmurl: '&entry/build/generated/r/ResourceTable&'
    }
  ],
  pkgNameToPkgBriefInfo: {
    '@ohos/hypium': {
      pkgRoot: 'D:\\SLE-ID\\slekey\\oh_modules\\.ohpm\\@ohos+hypium@1.0.19\\oh_modules\\@ohos\\hypium',
      pkgName: '@ohos/hypium',
      sourceRoots: undefined
    },
    entry: {
      pkgRoot: 'D:\\SLE-ID\\slekey\\entry',
      originalSourceRoots: undefined,
      sourceRoots: [Array],
      pkgName: 'entry'
    }
  },
  projectModel: {
    'D:\\SLE-ID\\slekey\\entry\\src\\main': {
      moduleName: 'entry',
      modulePkgPath: 'D:\\SLE-ID\\slekey\\entry',
      belongProjectPath: 'D:\\SLE-ID\\slekey'
    },
    'D:\\SLE-ID\\slekey\\entry': {
      moduleName: 'entry',
      modulePkgPath: 'D:\\SLE-ID\\slekey\\entry',
      belongProjectPath: 'D:\\SLE-ID\\slekey'
    },
    'D:\\SLE-ID\\slekey': {
      moduleName: 'slekey',
      modulePkgPath: 'D:\\SLE-ID\\slekey',
      belongProjectPath: 'D:\\SLE-ID\\slekey'
    }
  },
  pkgJsonFileHash: 'ec6406b50c1f0667f15176d21572c003d2c01d5ebca6edba903080a6bf4e4385',
  allModulePaths: [ 'D:\\SLE-ID\\slekey\\entry' ],
  routerMap: {},
  obfuscationOptions: undefined,
  byteCodeHarToDependencyKeys: undefined,
  compileBlockPkg: [],
  mockParams: {
    decorator: '@MockSetup',
    packageName: '@ohos/hamock',
    etsSourceRootPath: 'src/main/ets',
    mockConfigPath: undefined,
    mockConfigKey2ModuleInfo: {},
    source2ModuleIdMap: {}
  },
  copyCodeResourceEnable: true,
  copyCodeResourceExcludes: [],
  copyCodeResourceIncludes: undefined,
  uiTransformOptimization: false,
  sdkPath: 'C:/Program Files/Huawei/DevEco Studio/sdk',
  needPreloadSoFileSet: {},
  preloadSoFilePath: 'D:\\SLE-ID\\slekey\\entry\\build\\default\\intermediates\\preload\\default\\preload.json',
  useSourceHash: false,
  localModuleParamMap: {},
  otherPaths: {
    'entry/*': [
      '..\\*',
      '..\\..\\..\\build\\default\\generated\\profile\\default\\*'
    ]
  },
  collectImportersConfig: undefined
}
[2026-07-27T01:16:58.577] [DEBUG] debug-file - Compile arkts with external api path: C:\Program Files\Huawei\DevEco Studio\sdk\default\hms\ets
[2026-07-27T01:16:58.578] [DEBUG] debug-file - default@CompileArkTS work[0] is submitted.
[2026-07-27T01:16:58.578] [DEBUG] debug-file - default@CompileArkTS work[0] is pushed to ready queue.
[2026-07-27T01:16:58.579] [DEBUG] debug-file - A work dispatched to worker[23] failed because unable to get work from ready queue.
[2026-07-27T01:16:58.579] [DEBUG] debug-file - A work dispatched to worker[22] failed because unable to get work from ready queue.
[2026-07-27T01:16:58.579] [DEBUG] debug-file - A work dispatched to worker[21] failed because unable to get work from ready queue.
[2026-07-27T01:16:58.579] [DEBUG] debug-file - A work dispatched to worker[20] failed because unable to get work from ready queue.
[2026-07-27T01:16:58.579] [DEBUG] debug-file - A work dispatched to worker[19] failed because unable to get work from ready queue.
[2026-07-27T01:16:58.579] [DEBUG] debug-file - A work dispatched to worker[18] failed because unable to get work from ready queue.
[2026-07-27T01:16:58.579] [DEBUG] debug-file - A work dispatched to worker[17] failed because unable to get work from ready queue.
[2026-07-27T01:16:58.579] [DEBUG] debug-file - A work dispatched to worker[16] failed because unable to get work from ready queue.
[2026-07-27T01:16:58.579] [DEBUG] debug-file - A work dispatched to worker[15] failed because unable to get work from ready queue.
[2026-07-27T01:16:58.579] [DEBUG] debug-file - A work dispatched to worker[14] failed because unable to get work from ready queue.
[2026-07-27T01:16:58.579] [DEBUG] debug-file - A work dispatched to worker[13] failed because unable to get work from ready queue.
[2026-07-27T01:16:58.579] [DEBUG] debug-file - A work dispatched to worker[12] failed because unable to get work from ready queue.
[2026-07-27T01:16:58.579] [DEBUG] debug-file - A work dispatched to worker[11] failed because unable to get work from ready queue.
[2026-07-27T01:16:58.579] [DEBUG] debug-file - A work dispatched to worker[10] failed because unable to get work from ready queue.
[2026-07-27T01:16:58.579] [DEBUG] debug-file - A work dispatched to worker[9] failed because unable to get work from ready queue.
[2026-07-27T01:16:58.579] [DEBUG] debug-file - A work dispatched to worker[8] failed because unable to get work from ready queue.
[2026-07-27T01:16:58.579] [DEBUG] debug-file - A work dispatched to worker[7] failed because unable to get work from ready queue.
[2026-07-27T01:16:58.579] [DEBUG] debug-file - A work dispatched to worker[6] failed because unable to get work from ready queue.
[2026-07-27T01:16:58.579] [DEBUG] debug-file - A work dispatched to worker[5] failed because unable to get work from ready queue.
[2026-07-27T01:16:58.579] [DEBUG] debug-file - Create  resident worker with id: 4.
[2026-07-27T01:16:58.580] [DEBUG] debug-file - default@CompileArkTS work[0] has been dispatched to worker[4].
[2026-07-27T01:16:58.580] [DEBUG] debug-file - default@CompileArkTS work[0] is dispatched.
[2026-07-27T01:16:58.580] [DEBUG] debug-file - CopyResources startTime: 137517864305500
[2026-07-27T01:16:58.580] [DEBUG] debug-file - default@CompileArkTS work[1] is submitted.
[2026-07-27T01:16:58.580] [DEBUG] debug-file - default@CompileArkTS work[1] is pushed to ready queue.
[2026-07-27T01:16:58.580] [DEBUG] debug-file - A work dispatched to worker[23] failed because unable to get work from ready queue.
[2026-07-27T01:16:58.580] [DEBUG] debug-file - Create  resident worker with id: 22.
[2026-07-27T01:16:58.581] [DEBUG] debug-file - default@CompileArkTS work[1] has been dispatched to worker[22].
[2026-07-27T01:16:58.582] [DEBUG] debug-file - default@CompileArkTS work[1] is dispatched.
[2026-07-27T01:16:58.582] [DEBUG] debug-file - entry : default@CompileArkTS cost memory 1.9468917846679688
[2026-07-27T01:16:58.583] [DEBUG] debug-file - Executing task :entry:default@BuildJS
[2026-07-27T01:16:58.584] [DEBUG] debug-file - Task 'entry:default@BuildJS' cost while wrapping incremental declarations: 1 ms 
[2026-07-27T01:16:58.586] [DEBUG] debug-file - entry : default@BuildJS cost memory 0.1190185546875
[2026-07-27T01:16:58.586] [DEBUG] debug-file - runTaskFromQueue task cost before running: 1 s 411 ms 
[2026-07-27T01:16:58.586] [INFO] debug-file - Finished :entry:default@BuildJS... after 3 ms 
[2026-07-27T01:16:58.588] [DEBUG] debug-file - Executing task :entry:default@CacheNativeLibs
[2026-07-27T01:16:58.588] [DEBUG] debug-file - File: 'D:\SLE-ID\slekey\entry\build\default\intermediates\binxo\default' from 'cacheBinxoNativeLibs' is not exists, just ignore.
[2026-07-27T01:16:58.589] [DEBUG] debug-file - Task 'entry:default@CacheNativeLibs' cost while wrapping incremental declarations: 1 ms 
[2026-07-27T01:16:58.589] [DEBUG] debug-file - Incremental task entry:default@CacheNativeLibs pre-execution cost: 1 ms .
[2026-07-27T01:16:58.589] [DEBUG] debug-file - entry : default@CacheNativeLibs cost memory 0.092254638671875
[2026-07-27T01:16:58.590] [INFO] debug-file - UP-TO-DATE :entry:default@CacheNativeLibs...  
[2026-07-27T01:16:59.038] [DEBUG] debug-file - worker[22] has one work done.
[2026-07-27T01:16:59.039] [DEBUG] debug-file - CopyResources is end, endTime: 137518322678100
[2026-07-27T01:16:59.039] [DEBUG] debug-file - default@CompileArkTS work[1] done.
[2026-07-27T01:16:59.039] [DEBUG] debug-file - A work dispatched to worker[22] failed because unable to get work from ready queue.
[2026-07-27T01:17:02.562] [DEBUG] debug-file - worker[4] has one work done.
[2026-07-27T01:17:02.563] [DEBUG] debug-file - Ark compile task finished.finished time is 137521846312700
[2026-07-27T01:17:02.564] [DEBUG] debug-file - default@CompileArkTS work[0] done.
[2026-07-27T01:17:02.564] [DEBUG] debug-file - A work dispatched to worker[4] failed because unable to get work from ready queue.
[2026-07-27T01:17:02.565] [INFO] debug-file - Finished :entry:default@CompileArkTS... after 2 s 896 ms 
[2026-07-27T01:17:02.565] [DEBUG] debug-file - Executing task :entry:default@GeneratePkgModuleJson
[2026-07-27T01:17:02.565] [DEBUG] debug-file - File: 'D:\SLE-ID\slekey\entry\build\default\intermediates\preload\default\preload.json' from 'preloadSoJsonPath' is not exists, just ignore.
[2026-07-27T01:17:02.566] [DEBUG] debug-file - Error occurs while handling @Input 'shouldDeduplicateHar': The "data" argument must be of type string or an instance of Buffer, TypedArray, or DataView. Received undefined
[2026-07-27T01:17:02.566] [DEBUG] debug-file - Task 'entry:default@GeneratePkgModuleJson' cost while wrapping incremental declarations: 1 ms 
[2026-07-27T01:17:02.566] [DEBUG] debug-file - Incremental task entry:default@GeneratePkgModuleJson pre-execution cost: 1 ms .
[2026-07-27T01:17:02.566] [DEBUG] debug-file - entry : default@GeneratePkgModuleJson cost memory 0.092803955078125
[2026-07-27T01:17:02.566] [INFO] debug-file - UP-TO-DATE :entry:default@GeneratePkgModuleJson...  
[2026-07-27T01:17:02.567] [DEBUG] debug-file - Executing task :entry:default@ProcessCompiledResources
[2026-07-27T01:17:02.567] [DEBUG] debug-file - File: 'D:\SLE-ID\slekey\entry\build\default\intermediates\preload\default\preload.json' from 'preloadSoJsonPath' is not exists, just ignore.
[2026-07-27T01:17:02.567] [DEBUG] debug-file - Task 'entry:default@ProcessCompiledResources' cost while wrapping incremental declarations: 1 ms 
[2026-07-27T01:17:02.567] [DEBUG] debug-file - entry : default@ProcessCompiledResources cost memory 0.05312347412109375
[2026-07-27T01:17:02.567] [DEBUG] debug-file - runTaskFromQueue task cost before running: 5 s 392 ms 
[2026-07-27T01:17:02.567] [INFO] debug-file - Finished :entry:default@ProcessCompiledResources... after 1 ms 
[2026-07-27T01:17:02.569] [DEBUG] debug-file - Executing task :entry:default@PackageHap
[2026-07-27T01:17:02.571] [DEBUG] debug-file - entry:default@PackageHap is not up-to-date, since the input file 'D:\SLE-ID\slekey\entry\build\default\intermediates\loader_out\default\ets' has been changed.
[2026-07-27T01:17:02.571] [DEBUG] debug-file - Incremental task entry:default@PackageHap pre-execution cost: 2 ms .
[2026-07-27T01:17:02.571] [DEBUG] debug-file - Use tool [C:\Program Files\Huawei\DevEco Studio\sdk\default\openharmony\toolchains\lib\app_packing_tool.jar]
 [
  'java',
  '-Dfile.encoding=GBK',
  '-jar',
  'C:\\Program Files\\Huawei\\DevEco Studio\\sdk\\default\\openharmony\\toolchains\\lib\\app_packing_tool.jar',
  '--mode',
  'hap',
  '--force',
  'true',
  '--lib-path',
  'D:\\SLE-ID\\slekey\\entry\\build\\default\\intermediates\\stripped_native_libs\\default',
  '--json-path',
  'D:\\SLE-ID\\slekey\\entry\\build\\default\\intermediates\\package\\default\\module.json',
  '--resources-path',
  'D:\\SLE-ID\\slekey\\entry\\build\\default\\intermediates\\res\\default\\resources',
  '--index-path',
  'D:\\SLE-ID\\slekey\\entry\\build\\default\\intermediates\\res\\default\\resources.index',
  '--pack-info-path',
  'D:\\SLE-ID\\slekey\\entry\\build\\default\\outputs\\default\\pack.info',
  '--out-path',
  'D:\\SLE-ID\\slekey\\entry\\build\\default\\outputs\\default\\entry-default-unsigned.hap',
  '--ets-path',
  'D:\\SLE-ID\\slekey\\entry\\build\\default\\intermediates\\loader_out\\default\\ets',
  '--pkg-context-path',
  'D:\\SLE-ID\\slekey\\entry\\build\\default\\intermediates\\loader\\default\\pkgContextInfo.json'
]
[2026-07-27T01:17:02.572] [DEBUG] debug-file - default@PackageHap work[2] is submitted.
[2026-07-27T01:17:02.572] [DEBUG] debug-file - default@PackageHap work[2] is pushed to ready queue.
[2026-07-27T01:17:02.572] [DEBUG] debug-file - A work dispatched to worker[23] failed because unable to get work from ready queue.
[2026-07-27T01:17:02.572] [DEBUG] debug-file - default@PackageHap work[2] has been dispatched to worker[22].
[2026-07-27T01:17:02.572] [DEBUG] debug-file - default@PackageHap work[2] is dispatched.
[2026-07-27T01:17:02.574] [DEBUG] debug-file - entry : default@PackageHap cost memory 0.4449005126953125
[2026-07-27T01:17:02.693] [DEBUG] debug-file - current process  memoryUsage: {
  rss: 776347648,
  heapTotal: 80293888,
  heapUsed: 54088688,
  external: 4176555,
  arrayBuffers: 22783
} os memoryUsage :13.850296020507812
[2026-07-27T01:17:03.076] [DEBUG] debug-file - worker[22] has one work done.
[2026-07-27T01:17:03.076] [DEBUG] debug-file - default@PackageHap work[2] done.
[2026-07-27T01:17:03.076] [DEBUG] debug-file - A work dispatched to worker[22] failed because unable to get work from ready queue.
[2026-07-27T01:17:03.077] [INFO] debug-file - Finished :entry:default@PackageHap... after 391 ms 
[2026-07-27T01:17:03.078] [DEBUG] debug-file - Executing task :entry:default@PackingCheck
[2026-07-27T01:17:03.082] [DEBUG] debug-file - entry : default@PackingCheck cost memory 0.48520660400390625
[2026-07-27T01:17:03.082] [DEBUG] debug-file - runTaskFromQueue task cost before running: 5 s 906 ms 
[2026-07-27T01:17:03.082] [INFO] debug-file - Finished :entry:default@PackingCheck... after 4 ms 
[2026-07-27T01:17:03.083] [DEBUG] debug-file - Executing task :entry:default@SignHap
[2026-07-27T01:17:03.084] [DEBUG] debug-file - entry:default@SignHap is not up-to-date, since the input file 'D:\SLE-ID\slekey\entry\build\default\outputs\default\entry-default-unsigned.hap' has been changed.
[2026-07-27T01:17:03.084] [DEBUG] debug-file - Incremental task entry:default@SignHap pre-execution cost: 1 ms .
[2026-07-27T01:17:03.112] [DEBUG] debug-file - java daemon socket received message:{"code":0,"message":"verify profile success"}
[2026-07-27T01:17:03.116] [DEBUG] debug-file - java daemon socket close code:1000 reason:close by user
[2026-07-27T01:17:03.207] [DEBUG] debug-file - java daemon socket received message:{"code":0,"message":"sign app success"}
[2026-07-27T01:17:03.208] [DEBUG] debug-file - entry : default@SignHap cost memory 0.8052215576171875
[2026-07-27T01:17:03.208] [DEBUG] debug-file - runTaskFromQueue task cost before running: 6 s 33 ms 
[2026-07-27T01:17:03.209] [INFO] debug-file - Finished :entry:default@SignHap... after 126 ms 
[2026-07-27T01:17:03.210] [DEBUG] debug-file - Executing task :entry:default@CollectDebugSymbol
[2026-07-27T01:17:03.211] [DEBUG] debug-file - entry : default@CollectDebugSymbol cost memory 0.07512664794921875
[2026-07-27T01:17:03.211] [DEBUG] debug-file - runTaskFromQueue task cost before running: 6 s 36 ms 
[2026-07-27T01:17:03.211] [INFO] debug-file - Finished :entry:default@CollectDebugSymbol... after 1 ms 
[2026-07-27T01:17:03.211] [DEBUG] debug-file - Executing task :entry:assembleHap
[2026-07-27T01:17:03.211] [DEBUG] debug-file - entry : assembleHap cost memory 0.0147247314453125
[2026-07-27T01:17:03.211] [DEBUG] debug-file - runTaskFromQueue task cost before running: 6 s 36 ms 
[2026-07-27T01:17:03.212] [INFO] debug-file - Finished :entry:assembleHap... after 1 ms 
[2026-07-27T01:17:03.213] [INFO] debug-file - BUILD SUCCESSFUL in 6 s 37 ms 
[2026-07-27T01:17:03.214] [DEBUG] debug-file - Update task entry:default@PreBuild input file:D:\SLE-ID\slekey\AppScope\app.json5 cache by regenerate.
[2026-07-27T01:17:03.214] [DEBUG] debug-file - Update task entry:default@PreBuild input file:D:\SLE-ID\slekey\entry\src\main\module.json5 cache by regenerate.
[2026-07-27T01:17:03.214] [DEBUG] debug-file - Update task entry:default@PreBuild input file:D:\SLE-ID\slekey\build-profile.json5 cache by regenerate.
[2026-07-27T01:17:03.214] [DEBUG] debug-file - Update task entry:default@PreBuild input file:D:\SLE-ID\slekey\entry\build-profile.json5 cache by regenerate.
[2026-07-27T01:17:03.214] [DEBUG] debug-file - Update task entry:default@PreBuild input file:D:\SLE-ID\slekey\entry\src\main\resources\base\profile\main_pages.json cache by regenerate.
[2026-07-27T01:17:03.214] [DEBUG] debug-file - Update task entry:default@PreBuild input file:D:\SLE-ID\slekey\hvigor\hvigor-config.json5 cache by regenerate.
[2026-07-27T01:17:03.214] [DEBUG] debug-file - Update task entry:default@PreBuild input file:D:\SLE-ID\slekey\entry\oh-package.json5 cache by regenerate.
[2026-07-27T01:17:03.214] [DEBUG] debug-file - Update task entry:default@PreBuild input file:D:\SLE-ID\slekey\oh-package.json5 cache by regenerate.
[2026-07-27T01:17:03.214] [DEBUG] debug-file - Incremental task entry:default@PreBuild post-execution cost:2 ms .
[2026-07-27T01:17:03.214] [DEBUG] debug-file - Update task entry:default@CreateModuleInfo output file:D:\SLE-ID\slekey\entry\build\default\generated\profile\default\ModuleInfo.ts cache.
[2026-07-27T01:17:03.214] [DEBUG] debug-file - Incremental task entry:default@CreateModuleInfo post-execution cost:1 ms .
[2026-07-27T01:17:03.214] [DEBUG] debug-file - There is no need to refresh cache, since the incremental task entry:default@GenerateMetadata is up-to-date.
[2026-07-27T01:17:03.215] [DEBUG] debug-file - There is no need to refresh cache, since the incremental task entry:default@MergeProfile is up-to-date.
[2026-07-27T01:17:03.215] [DEBUG] debug-file - There is no need to refresh cache, since the incremental task entry:default@CreateBuildProfile is up-to-date.
[2026-07-27T01:17:03.215] [DEBUG] debug-file - There is no need to refresh cache, since the incremental task entry:default@GeneratePkgContextInfo is up-to-date.
[2026-07-27T01:17:03.215] [DEBUG] debug-file - Update task entry:default@GeneratePkgSdkInfo output file:D:\SLE-ID\slekey\entry\build\default\intermediates\loader\default\pkgSdkInfo.json cache.
[2026-07-27T01:17:03.215] [DEBUG] debug-file - Incremental task entry:default@GeneratePkgSdkInfo post-execution cost:1 ms .
[2026-07-27T01:17:03.215] [DEBUG] debug-file - Update task entry:default@ProcessIntegratedHsp output file:D:\SLE-ID\slekey\build\cache\default\integrated_hsp\integratedHspCache.json cache.
[2026-07-27T01:17:03.215] [DEBUG] debug-file - Incremental task entry:default@ProcessIntegratedHsp post-execution cost:1 ms .
[2026-07-27T01:17:03.215] [DEBUG] debug-file - There is no need to refresh cache, since the incremental task entry:default@MakePackInfo is up-to-date.
[2026-07-27T01:17:03.215] [DEBUG] debug-file - Update task entry:default@SyscapTransform input file:C:\Program Files\Huawei\DevEco Studio\sdk\default\openharmony\toolchains\syscap_tool.exe cache by regenerate.
[2026-07-27T01:17:03.215] [DEBUG] debug-file - Update task entry:default@SyscapTransform input file:C:\Program Files\Huawei\DevEco Studio\sdk\default\openharmony\ets\api\device-define cache by regenerate.
[2026-07-27T01:17:03.215] [DEBUG] debug-file - Update task entry:default@SyscapTransform output file:D:\SLE-ID\slekey\entry\build\default\intermediates\syscap\default\rpcid.sc cache.
[2026-07-27T01:17:03.215] [DEBUG] debug-file - Incremental task entry:default@SyscapTransform post-execution cost:1 ms .
[2026-07-27T01:17:03.215] [DEBUG] debug-file - There is no need to refresh cache, since the incremental task entry:default@ProcessProfile is up-to-date.
[2026-07-27T01:17:03.215] [DEBUG] debug-file - There is no need to refresh cache, since the incremental task entry:default@ProcessRouterMap is up-to-date.
[2026-07-27T01:17:03.215] [DEBUG] debug-file - There is no need to refresh cache, since the incremental task entry:default@ProcessShareConfig is up-to-date.
[2026-07-27T01:17:03.216] [DEBUG] debug-file - Update task entry:default@ProcessStartupConfig input file:D:\SLE-ID\slekey\entry\build\default\intermediates\loader\default\pkgContextInfo.json cache by regenerate.
[2026-07-27T01:17:03.216] [DEBUG] debug-file - Update task entry:default@ProcessStartupConfig output file:D:\SLE-ID\slekey\entry\build\default\intermediates\startup\default\startup_config.json cache.
[2026-07-27T01:17:03.216] [DEBUG] debug-file - Incremental task entry:default@ProcessStartupConfig post-execution cost:1 ms .
[2026-07-27T01:17:03.216] [DEBUG] debug-file - There is no need to refresh cache, since the incremental task entry:default@ProcessResource is up-to-date.
[2026-07-27T01:17:03.216] [DEBUG] debug-file - There is no need to refresh cache, since the incremental task entry:default@GenerateLoaderJson is up-to-date.
[2026-07-27T01:17:03.216] [DEBUG] debug-file - There is no need to refresh cache, since the incremental task entry:default@ProcessLibs is up-to-date.
[2026-07-27T01:17:03.216] [DEBUG] debug-file - There is no need to refresh cache, since the incremental task entry:default@CompileResource is up-to-date.
[2026-07-27T01:17:03.216] [DEBUG] debug-file - There is no need to refresh cache, since the incremental task entry:default@DoNativeStrip is up-to-date.
[2026-07-27T01:17:03.217] [DEBUG] debug-file - Update task entry:default@CompileArkTS input file:D:\SLE-ID\slekey\entry\build\default\intermediates\loader\default cache by regenerate.
[2026-07-27T01:17:03.217] [DEBUG] debug-file - Update task entry:default@CompileArkTS input file:D:\SLE-ID\slekey\oh_modules\.ohpm\@ohos+hypium@1.0.19\oh_modules\@ohos\hypium\index.js cache by regenerate.
[2026-07-27T01:17:03.217] [DEBUG] debug-file - Update task entry:default@CompileArkTS input file:D:\SLE-ID\slekey\entry\build\default\intermediates\res\default\resources\rawfile cache by regenerate.
[2026-07-27T01:17:03.217] [DEBUG] debug-file - Update task entry:default@CompileArkTS input file:D:\SLE-ID\slekey\entry\build\default\intermediates\res\default\ResourceTable.txt cache by regenerate.
[2026-07-27T01:17:03.217] [DEBUG] debug-file - Update task entry:default@CompileArkTS input file:D:\SLE-ID\slekey\entry\build\default\intermediates\res\default\ark_module.json cache by regenerate.
[2026-07-27T01:17:03.217] [DEBUG] debug-file - Update task entry:default@CompileArkTS input file:D:\SLE-ID\slekey\entry\build\default\intermediates\res\default\resources\base\profile cache by regenerate.
[2026-07-27T01:17:03.217] [DEBUG] debug-file - Update task entry:default@CompileArkTS input file:D:\SLE-ID\slekey\entry\src\main\ets cache from map.
[2026-07-27T01:17:03.217] [DEBUG] debug-file - Update task entry:default@CompileArkTS input file:D:\SLE-ID\slekey\entry\build\default\intermediates\loader\default\pkgContextInfo.json cache by regenerate.
[2026-07-27T01:17:03.217] [DEBUG] debug-file - Update task entry:default@CompileArkTS input file:D:\SLE-ID\slekey\entry\build\default\generated\profile\default\BuildProfile.ets cache by regenerate.
[2026-07-27T01:17:03.218] [DEBUG] debug-file - Update task entry:default@CompileArkTS output file:D:\SLE-ID\slekey\entry\build\default\intermediates\loader_out\default\ets cache.
[2026-07-27T01:17:03.218] [DEBUG] debug-file - Incremental task entry:default@CompileArkTS post-execution cost:2 ms .
[2026-07-27T01:17:03.218] [DEBUG] debug-file - Update task entry:default@BuildJS input file:D:\SLE-ID\slekey\entry\build\default\intermediates\loader\default cache by regenerate.
[2026-07-27T01:17:03.219] [DEBUG] debug-file - Update task entry:default@BuildJS input file:D:\SLE-ID\slekey\oh_modules\.ohpm\@ohos+hypium@1.0.19\oh_modules\@ohos\hypium\index.js cache by regenerate.
[2026-07-27T01:17:03.219] [DEBUG] debug-file - Update task entry:default@BuildJS input file:D:\SLE-ID\slekey\entry\build\default\intermediates\res\default\resources\rawfile cache by regenerate.
[2026-07-27T01:17:03.219] [DEBUG] debug-file - Update task entry:default@BuildJS input file:D:\SLE-ID\slekey\entry\build\default\intermediates\res\default\ResourceTable.txt cache by regenerate.
[2026-07-27T01:17:03.219] [DEBUG] debug-file - Update task entry:default@BuildJS input file:D:\SLE-ID\slekey\entry\build\default\intermediates\res\default\ark_module.json cache by regenerate.
[2026-07-27T01:17:03.219] [DEBUG] debug-file - Update task entry:default@BuildJS input file:D:\SLE-ID\slekey\entry\build\default\intermediates\res\default\resources\base\profile cache by regenerate.
[2026-07-27T01:17:03.219] [DEBUG] debug-file - Update task entry:default@BuildJS input file:D:\SLE-ID\slekey\entry\build\default\intermediates\loader\default\pkgContextInfo.json cache by regenerate.
[2026-07-27T01:17:03.219] [DEBUG] debug-file - Update task entry:default@BuildJS output file:D:\SLE-ID\slekey\entry\build\default\intermediates\loader_out\default\js cache.
[2026-07-27T01:17:03.219] [DEBUG] debug-file - Incremental task entry:default@BuildJS post-execution cost:2 ms .
[2026-07-27T01:17:03.219] [DEBUG] debug-file - There is no need to refresh cache, since the incremental task entry:default@CacheNativeLibs is up-to-date.
[2026-07-27T01:17:03.219] [DEBUG] debug-file - There is no need to refresh cache, since the incremental task entry:default@GeneratePkgModuleJson is up-to-date.
[2026-07-27T01:17:03.219] [DEBUG] debug-file - Incremental task entry:default@ProcessCompiledResources post-execution cost:1 ms .
[2026-07-27T01:17:03.220] [DEBUG] debug-file - Update task entry:default@PackageHap input file:D:\SLE-ID\slekey\entry\build\default\intermediates\stripped_native_libs\default cache by regenerate.
[2026-07-27T01:17:03.220] [DEBUG] debug-file - Update task entry:default@PackageHap input file:D:\SLE-ID\slekey\entry\build\default\intermediates\res\default\module.json cache by regenerate.
[2026-07-27T01:17:03.220] [DEBUG] debug-file - Update task entry:default@PackageHap input file:D:\SLE-ID\slekey\entry\build\default\intermediates\res\default\resources cache by regenerate.
[2026-07-27T01:17:03.220] [DEBUG] debug-file - Update task entry:default@PackageHap input file:D:\SLE-ID\slekey\entry\build\default\intermediates\res\default\resources.index cache by regenerate.
[2026-07-27T01:17:03.221] [DEBUG] debug-file - Update task entry:default@PackageHap input file:D:\SLE-ID\slekey\entry\build\default\outputs\default\pack.info cache by regenerate.
[2026-07-27T01:17:03.221] [DEBUG] debug-file - Update task entry:default@PackageHap input file:D:\SLE-ID\slekey\entry\build\default\intermediates\loader_out\default\ets cache from map.
[2026-07-27T01:17:03.221] [DEBUG] debug-file - Update task entry:default@PackageHap input file:D:\SLE-ID\slekey\entry\build\default\intermediates\loader\default\pkgContextInfo.json cache by regenerate.
[2026-07-27T01:17:03.221] [DEBUG] debug-file - Update task entry:default@PackageHap input file:D:\SLE-ID\slekey\entry\build\default\intermediates\loader_out\default\ets\sourceMaps.map cache by regenerate.
[2026-07-27T01:17:03.221] [DEBUG] debug-file - Update task entry:default@PackageHap input file:D:\SLE-ID\slekey\entry\build\default\generated\profile\default\BuildProfile.ets cache by regenerate.
[2026-07-27T01:17:03.221] [DEBUG] debug-file - Update task entry:default@PackageHap output file:D:\SLE-ID\slekey\entry\build\default\outputs\default\entry-default-unsigned.hap cache.
[2026-07-27T01:17:03.221] [DEBUG] debug-file - Update task entry:default@PackageHap output file:D:\SLE-ID\slekey\entry\build\default\intermediates\source_map\default\sourceMaps.map cache.
[2026-07-27T01:17:03.221] [DEBUG] debug-file - Update task entry:default@PackageHap output file:D:\SLE-ID\slekey\entry\build\default\outputs\default\mapping\sourceMaps.map cache.
[2026-07-27T01:17:03.221] [DEBUG] debug-file - Incremental task entry:default@PackageHap post-execution cost:2 ms .
[2026-07-27T01:17:03.221] [DEBUG] debug-file - Update task entry:default@SignHap input file:C:\Users\32569\.ohos\config\default_slekey_UdSWNgKqYUi41KW_P95ww1Ca7HcZmrBKmrk2w4ao7DE=.cer cache by regenerate.
[2026-07-27T01:17:03.221] [DEBUG] debug-file - Update task entry:default@SignHap input file:C:\Users\32569\.ohos\config\default_slekey_UdSWNgKqYUi41KW_P95ww1Ca7HcZmrBKmrk2w4ao7DE=.p7b cache by regenerate.
[2026-07-27T01:17:03.221] [DEBUG] debug-file - Update task entry:default@SignHap input file:C:\Users\32569\.ohos\config\default_slekey_UdSWNgKqYUi41KW_P95ww1Ca7HcZmrBKmrk2w4ao7DE=.p12 cache by regenerate.
[2026-07-27T01:17:03.221] [DEBUG] debug-file - Update task entry:default@SignHap input file:D:\SLE-ID\slekey\entry\build\default\outputs\default\entry-default-unsigned.hap cache from map.
[2026-07-27T01:17:03.221] [DEBUG] debug-file - Update task entry:default@SignHap output file:D:\SLE-ID\slekey\entry\build\default\outputs\default\entry-default-signed.hap cache.
[2026-07-27T01:17:03.221] [DEBUG] debug-file - Incremental task entry:default@SignHap post-execution cost:1 ms .
[2026-07-27T01:17:03.222] [DEBUG] debug-file - Update task entry:default@CollectDebugSymbol input file:D:\SLE-ID\slekey\entry\build\default\intermediates\loader_out\default\ets\sourceMaps.map cache by regenerate.
[2026-07-27T01:17:03.222] [DEBUG] debug-file - Update task entry:default@CollectDebugSymbol input file:D:\SLE-ID\slekey\entry\build\default\intermediates\libs\default cache by regenerate.
[2026-07-27T01:17:03.222] [DEBUG] debug-file - Update task entry:default@CollectDebugSymbol output file:D:\SLE-ID\slekey\entry\build\default\outputs\default\symbol cache.
[2026-07-27T01:17:03.222] [DEBUG] debug-file - Incremental task entry:default@CollectDebugSymbol post-execution cost:1 ms .
[2026-07-27T01:17:03.233] [DEBUG] debug-file - Cleanup worker 0.
[2026-07-27T01:17:03.233] [DEBUG] debug-file - Worker 0 has been cleaned up.
[2026-07-27T01:17:03.233] [DEBUG] debug-file - Current idle worker size: 3.
[2026-07-27T01:17:03.233] [DEBUG] debug-file - Current resident worker size: 4.
[2026-07-27T01:17:03.234] [DEBUG] debug-file - Cleanup worker 1.
[2026-07-27T01:17:03.234] [DEBUG] debug-file - Worker 1 has been cleaned up.
[2026-07-27T01:17:03.234] [DEBUG] debug-file - Current idle worker size: 2.
[2026-07-27T01:17:03.234] [DEBUG] debug-file - Current resident worker size: 4.
[2026-07-27T01:17:03.234] [DEBUG] debug-file - Cleanup worker 22.
[2026-07-27T01:17:03.234] [DEBUG] debug-file - Worker 22 has been cleaned up.
[2026-07-27T01:17:03.234] [DEBUG] debug-file - Current idle worker size: 1.
[2026-07-27T01:17:03.234] [DEBUG] debug-file - Current resident worker size: 4.
[2026-07-27T01:17:03.235] [DEBUG] debug-file - hvigor build process will be closed.
[2026-07-27T01:17:03.235] [DEBUG] debug-file - java daemon socket close code:1000 reason:close by user
[2026-07-27T01:17:03.239] [DEBUG] debug-file - session manager: send message to worker process.
[2026-07-27T01:17:03.240] [DEBUG] debug-file - session manager: send message to worker process.
[2026-07-27T01:17:03.237] [DEBUG] debug-file - worker[0] exits with exit code 1.
[2026-07-27T01:17:03.238] [DEBUG] debug-file - worker[1] exits with exit code 1.
[2026-07-27T01:17:03.239] [DEBUG] debug-file - watch worker: worker id should be larger than 0. Nothing will be sent to any worker thread.
[2026-07-27T01:17:03.239] [DEBUG] debug-file - watch worker: worker id should be larger than 0. Nothing will be sent to any worker thread.
[2026-07-27T01:17:03.240] [DEBUG] debug-file - worker[22] exits with exit code 1.
[2026-07-27T01:17:22.852] [DEBUG] debug-file - env: nodejsVersion=v18.20.1
[2026-07-27T01:17:22.933] [DEBUG] debug-file - env: daemon=true
[2026-07-27T01:17:22.853] [DEBUG] debug-file - env: hvigor-config.json5 content = {
  modelVersion: '5.0.0',
  dependencies: {},
  execution: {},
  logging: {},
  debugging: {},
  nodeOptions: {}
}
[2026-07-27T01:17:23.522] [DEBUG] debug-file - hvigor java daemon: Starting java daemon. jvmXmxValue=512m, jarPath=C:\Program Files\Huawei\DevEco Studio\tools\hvigor\hvigor\lib\hvigor-java-daemon.jar
[2026-07-27T01:17:23.522] [DEBUG] debug-file - hvigor java daemon: Read cache file, 
    port=45050, pid=15400, sessionId exists=true
[2026-07-27T01:17:23.543] [DEBUG] debug-file - hvigor java daemon: tryConnect success
[2026-07-27T01:17:23.567] [DEBUG] debug-file - session manager: set active socket. socketId=xMO8tGByBew26psFAAAB
[2026-07-27T01:17:24.140] [DEBUG] debug-file - watch worker: worker id should be larger than 0. Nothing will be sent to any worker thread.
[2026-07-27T01:17:24.143] [DEBUG] debug-file - Since there is no instance or instance is terminated, create a new worker pool.
[2026-07-27T01:17:24.144] [DEBUG] debug-file - Worker pool is initialized with config:  {
  minPoolNum: 2,
  maxPoolNum: undefined,
  maxCoreSize: undefined,
  cacheCapacity: undefined,
  cacheTtl: undefined
}
[2026-07-27T01:17:24.145] [DEBUG] debug-file - Create  resident worker with id: 0.
[2026-07-27T01:17:24.146] [DEBUG] debug-file - Create  resident worker with id: 1.
[2026-07-27T01:17:24.148] [DEBUG] debug-file - Workers' log level updated to INFO
[2026-07-27T01:17:24.155] [DEBUG] debug-file - Hvigor init with startParameters:{
  hvigorfileTypeCheck: false,
  parallelExecution: true,
  incrementalExecution: true,
  printStackTrace: false,
  daemon: true,
  analyze: 0,
  logLevel: Level { level: 20000, levelStr: 'INFO', colour: 'green' },
  optimizationStrategy: 'memory',
  hotCompile: undefined,
  hotReloadBuild: undefined,
  customizedParam: undefined
}
[2026-07-27T01:17:24.160] [DEBUG] debug-file - Cache service initialization finished in 4 ms 
[2026-07-27T01:17:24.161] [DEBUG] debug-file - hvigorfile, resolving D:\SLE-ID\slekey\hvigorfile.ts
[2026-07-27T01:17:25.349] [DEBUG] debug-file - hvigorfile, require result:  { default: { plugins: [] } }
[2026-07-27T01:17:25.349] [DEBUG] debug-file - hvigorfile, binding system plugins null
[2026-07-27T01:17:25.350] [DEBUG] debug-file - Starting plugin build process
[2026-07-27T01:17:25.350] [DEBUG] debug-file - App plugin prepare start...
[2026-07-27T01:17:25.350] [DEBUG] debug-file - App plugin prepare end...
[2026-07-27T01:17:25.350] [DEBUG] debug-file - App plugin creating...
[2026-07-27T01:17:25.491] [DEBUG] debug-file - App plugin register hook start...
[2026-07-27T01:17:25.491] [DEBUG] debug-file - App plugin register hook end...
[2026-07-27T01:17:25.491] [DEBUG] debug-file - Plugin build process completed
[2026-07-27T01:17:25.492] [DEBUG] debug-file - Start initialize project's product build option map with build mode debug.
[2026-07-27T01:17:25.492] [DEBUG] debug-file - Picking option from product 'default' with build mode 'debug'.
[2026-07-27T01:17:25.492] [DEBUG] debug-file - Product 'default' build option initialized
[2026-07-27T01:17:25.492] [DEBUG] debug-file - End initialize project's product build option map with build mode 'debug'.
[2026-07-27T01:17:25.494] [DEBUG] debug-file - Obtain build option for product 'default'in this build.
[2026-07-27T01:17:25.495] [DEBUG] debug-file - D:\SLE-ID\slekey\build\cache\default\remote_hsp\remoteHspCache.json not exists.
[2026-07-27T01:17:25.496] [DEBUG] debug-file - Local scan or download HarmonyOS sdk components toolchains,ets,js,native,previewer
[2026-07-27T01:17:25.498] [DEBUG] debug-file - Local scan or download hmscore sdk components toolchains,ets,native
[2026-07-27T01:17:25.500] [DEBUG] debug-file - Start recording SDK configuration permission data.
[2026-07-27T01:17:25.525] [DEBUG] debug-file - Sdk init in 30 ms 
[2026-07-27T01:17:25.531] [DEBUG] debug-file - Project task initialization takes 5 ms 
[2026-07-27T01:17:25.531] [DEBUG] debug-file - hvigorfile, begin to bind custom plugins...
[2026-07-27T01:17:25.531] [DEBUG] debug-file - hvigorfile, no custom plugins were found in D:\SLE-ID\slekey\hvigorfile.ts
[2026-07-27T01:17:25.531] [DEBUG] debug-file - hvigorfile, resolve finished D:\SLE-ID\slekey\hvigorfile.ts
[2026-07-27T01:17:25.532] [DEBUG] debug-file - hvigorfile, resolving D:\SLE-ID\slekey\entry\hvigorfile.ts
[2026-07-27T01:17:25.535] [DEBUG] debug-file - hvigorfile, require result:  { default: { plugins: [] } }
[2026-07-27T01:17:25.536] [DEBUG] debug-file - hvigorfile, binding system plugins null
[2026-07-27T01:17:25.536] [DEBUG] debug-file - Starting plugin build process
[2026-07-27T01:17:25.536] [DEBUG] debug-file - Hap plugin creating...
[2026-07-27T01:17:25.536] [DEBUG] debug-file - failed to load cangjie to dynamically generate schemas: Error: Cannot find module '@ohos/cangjie-build-support/index'
Require stack:
- C:\Program Files\Huawei\DevEco Studio\tools\hvigor\hvigor-ohos-plugin\src\plugin\hooks\cangjie-register.js
- C:\Program Files\Huawei\DevEco Studio\tools\hvigor\hvigor-ohos-plugin\src\plugin\strategy\stage-init-strategy.js
- C:\Program Files\Huawei\DevEco Studio\tools\hvigor\hvigor-ohos-plugin\src\plugin\builder\abstract-plugin-builder.js
- C:\Program Files\Huawei\DevEco Studio\tools\hvigor\hvigor-ohos-plugin\src\plugin\builder\app-plugin-builder.js
- C:\Program Files\Huawei\DevEco Studio\tools\hvigor\hvigor-ohos-plugin\src\plugin\factory\plugin-factory.js
- C:\Program Files\Huawei\DevEco Studio\tools\hvigor\hvigor-ohos-plugin\index.js
- D:\SLE-ID\slekey\hvigorfile.ts
- C:\Program Files\Huawei\DevEco Studio\tools\hvigor\hvigor\src\base\internal\lifecycle\configuration.js
- C:\Program Files\Huawei\DevEco Studio\tools\hvigor\hvigor\src\base\boot\index.js
- C:\Program Files\Huawei\DevEco Studio\tools\hvigor\hvigor\src\base\daemon\cluster\worker-process-lifecycle.js
- C:\Program Files\Huawei\DevEco Studio\tools\hvigor\hvigor\src\base\daemon\process\daemon-process-boot-script.js
[2026-07-27T01:17:25.547] [DEBUG] debug-file - Start initialize module-target build option map, moduleName=entry, buildMode=debug
[2026-07-27T01:17:25.547] [DEBUG] debug-file - Target 'default' config initialized
[2026-07-27T01:17:25.547] [DEBUG] debug-file - Module 'entry' target 'default' build option initialized
[2026-07-27T01:17:25.547] [DEBUG] debug-file - End initialize module-target build option map, moduleName=entry
[2026-07-27T01:17:25.548] [DEBUG] debug-file - Start initialize module-target build option map, moduleName=entry, buildMode=release
[2026-07-27T01:17:25.548] [DEBUG] debug-file - Target 'default' config initialized
[2026-07-27T01:17:25.548] [DEBUG] debug-file - Module 'entry' target 'default' build option initialized
[2026-07-27T01:17:25.548] [DEBUG] debug-file - End initialize module-target build option map, moduleName=entry
[2026-07-27T01:17:25.548] [DEBUG] debug-file - Start initialize module-target build option map, moduleName=entry, buildMode=debug
[2026-07-27T01:17:25.548] [DEBUG] debug-file - Target 'default' config initialized
[2026-07-27T01:17:25.548] [DEBUG] debug-file - Module 'entry' target 'default' build option initialized
[2026-07-27T01:17:25.548] [DEBUG] debug-file - End initialize module-target build option map, moduleName=entry
[2026-07-27T01:17:25.548] [DEBUG] debug-file - Obtain build option for module 'entry' target 'default'in this build.
[2026-07-27T01:17:25.552] [DEBUG] debug-file - Module entry task initialization takes 3 ms 
[2026-07-27T01:17:25.552] [DEBUG] debug-file - Hap plugin register hook start...
[2026-07-27T01:17:25.552] [DEBUG] debug-file - Hap plugin register hook end...
[2026-07-27T01:17:25.552] [DEBUG] debug-file - Plugin build process completed
[2026-07-27T01:17:25.552] [DEBUG] debug-file - hvigorfile, begin to bind custom plugins...
[2026-07-27T01:17:25.552] [DEBUG] debug-file - hvigorfile, no custom plugins were found in D:\SLE-ID\slekey\entry\hvigorfile.ts
[2026-07-27T01:17:25.552] [DEBUG] debug-file - hvigorfile, resolve finished D:\SLE-ID\slekey\entry\hvigorfile.ts
[2026-07-27T01:17:25.602] [DEBUG] debug-file - hvigorfile, resolve hvigorfile dependencies in 50 ms 
[2026-07-27T01:17:25.602] [DEBUG] debug-file - project has submodules:entry
[2026-07-27T01:17:25.604] [DEBUG] debug-file - start to load updatedOhPackageInfo to the disk
[2026-07-27T01:17:25.607] [DEBUG] debug-file - load to the disk finished
[2026-07-27T01:17:25.608] [DEBUG] debug-file - Start to initialize dependency information.
[2026-07-27T01:17:25.612] [DEBUG] debug-file - Module slekey Collected Dependency: D:\SLE-ID\slekey\oh_modules\.ohpm\@ohos+hypium@1.0.19\oh_modules\@ohos\hypium
[2026-07-27T01:17:25.612] [DEBUG] debug-file - Module slekey's total dependency: 1
[2026-07-27T01:17:25.613] [DEBUG] debug-file - Start to initialize dependency information.
[2026-07-27T01:17:25.615] [DEBUG] debug-file - Module entry Collected Dependency: D:\SLE-ID\slekey\oh_modules\.ohpm\@ohos+hypium@1.0.19\oh_modules\@ohos\hypium
[2026-07-27T01:17:25.615] [DEBUG] debug-file - Module entry's total dependency: 1
[2026-07-27T01:17:25.617] [DEBUG] debug-file - Configuration phase cost:1 s 458 ms 
[2026-07-27T01:17:25.619] [DEBUG] debug-file - Configuration task cost before running: 1 s 471 ms 
[2026-07-27T01:17:25.624] [DEBUG] debug-file - Executing task :entry:default@PreBuild
[2026-07-27T01:17:25.625] [DEBUG] debug-file - Task 'entry:default@PreBuild' cost while wrapping incremental declarations: 1 ms 
[2026-07-27T01:17:25.632] [DEBUG] debug-file - entry:default@PreBuild is not up-to-date, since the task snapshots are different.
[2026-07-27T01:17:25.632] [DEBUG] debug-file - Incremental task entry:default@PreBuild pre-execution cost: 5 ms .
[2026-07-27T01:17:25.717] [DEBUG] debug-file - current product is not Atomic service.
[2026-07-27T01:17:25.717] [DEBUG] debug-file - Use tool [win32: JAVA_HOME, CLASSPATH]
 [
  { JAVA_HOME: 'C:\\Program Files\\Huawei\\DevEco Studio\\jbr' },
  { CLASSPATH: undefined }
]
[2026-07-27T01:17:25.717] [DEBUG] debug-file - Use tool [win32: NODE_HOME]
 [
  {
    NODE_HOME: 'C:\\Program Files\\Huawei\\DevEco Studio\\tools\\node'
  }
]
[2026-07-27T01:17:25.718] [DEBUG] debug-file - entry : default@PreBuild cost memory 13.70538330078125
[2026-07-27T01:17:25.718] [DEBUG] debug-file - runTaskFromQueue task cost before running: 1 s 570 ms 
[2026-07-27T01:17:25.720] [INFO] debug-file - Finished :entry:default@PreBuild... after 95 ms 
[2026-07-27T01:17:25.720] [DEBUG] debug-file - Executing task :entry:default@CreateModuleInfo
[2026-07-27T01:17:25.721] [DEBUG] debug-file - Task 'entry:default@CreateModuleInfo' cost while wrapping incremental declarations: 1 ms 
[2026-07-27T01:17:25.721] [DEBUG] debug-file - entry : default@CreateModuleInfo cost memory 0.04248809814453125
[2026-07-27T01:17:25.721] [DEBUG] debug-file - runTaskFromQueue task cost before running: 1 s 573 ms 
[2026-07-27T01:17:25.721] [INFO] debug-file - Finished :entry:default@CreateModuleInfo... after 1 ms 
[2026-07-27T01:17:25.723] [DEBUG] debug-file - Executing task :entry:default@GenerateMetadata
[2026-07-27T01:17:25.724] [DEBUG] debug-file - Task 'entry:default@GenerateMetadata' cost while wrapping incremental declarations: 1 ms 
[2026-07-27T01:17:25.725] [DEBUG] debug-file - Incremental task entry:default@GenerateMetadata pre-execution cost: 1 ms .
[2026-07-27T01:17:25.725] [DEBUG] debug-file - entry : default@GenerateMetadata cost memory 0.0878143310546875
[2026-07-27T01:17:25.725] [INFO] debug-file - UP-TO-DATE :entry:default@GenerateMetadata...  
[2026-07-27T01:17:25.726] [DEBUG] debug-file - Executing task :entry:default@ConfigureCmake
[2026-07-27T01:17:25.726] [DEBUG] debug-file - entry : default@ConfigureCmake cost memory 0.014556884765625
[2026-07-27T01:17:25.726] [DEBUG] debug-file - runTaskFromQueue task cost before running: 1 s 578 ms 
[2026-07-27T01:17:25.726] [INFO] debug-file - Finished :entry:default@ConfigureCmake... after 1 ms 
[2026-07-27T01:17:25.727] [DEBUG] debug-file - Executing task :entry:default@MergeProfile
[2026-07-27T01:17:25.728] [DEBUG] debug-file - Task 'entry:default@MergeProfile' cost while wrapping incremental declarations: 1 ms 
[2026-07-27T01:17:25.729] [DEBUG] debug-file - Incremental task entry:default@MergeProfile pre-execution cost: 2 ms .
[2026-07-27T01:17:25.729] [DEBUG] debug-file - entry : default@MergeProfile cost memory 0.1467437744140625
[2026-07-27T01:17:25.729] [INFO] debug-file - UP-TO-DATE :entry:default@MergeProfile...  
[2026-07-27T01:17:25.730] [DEBUG] debug-file - Executing task :entry:default@CreateBuildProfile
[2026-07-27T01:17:25.731] [DEBUG] debug-file - Task 'entry:default@CreateBuildProfile' cost while wrapping incremental declarations: 1 ms 
[2026-07-27T01:17:25.731] [DEBUG] debug-file - Incremental task entry:default@CreateBuildProfile pre-execution cost: 1 ms .
[2026-07-27T01:17:25.731] [DEBUG] debug-file - entry : default@CreateBuildProfile cost memory 0.104217529296875
[2026-07-27T01:17:25.731] [INFO] debug-file - UP-TO-DATE :entry:default@CreateBuildProfile...  
[2026-07-27T01:17:25.732] [DEBUG] debug-file - Executing task :entry:default@PreCheckSyscap
[2026-07-27T01:17:25.732] [DEBUG] debug-file - entry : default@PreCheckSyscap cost memory 0.26016998291015625
[2026-07-27T01:17:25.732] [DEBUG] debug-file - runTaskFromQueue task cost before running: 1 s 584 ms 
[2026-07-27T01:17:25.732] [INFO] debug-file - Finished :entry:default@PreCheckSyscap... after 1 ms 
[2026-07-27T01:17:25.733] [DEBUG] debug-file - Executing task :entry:default@GeneratePkgContextInfo
[2026-07-27T01:17:25.740] [DEBUG] debug-file - Task 'entry:default@GeneratePkgContextInfo' cost while wrapping incremental declarations: 1 ms 
[2026-07-27T01:17:25.740] [DEBUG] debug-file - Incremental task entry:default@GeneratePkgContextInfo pre-execution cost: 1 ms .
[2026-07-27T01:17:25.740] [DEBUG] debug-file - entry : default@GeneratePkgContextInfo cost memory 0.574432373046875
[2026-07-27T01:17:25.741] [INFO] debug-file - UP-TO-DATE :entry:default@GeneratePkgContextInfo...  
[2026-07-27T01:17:25.741] [DEBUG] debug-file - Executing task :entry:default@GeneratePkgSdkInfo
[2026-07-27T01:17:25.743] [DEBUG] debug-file - Dependency key: @ohos/hypium already exists, current dependency listed in devDependencies will be ignored.
[2026-07-27T01:17:25.743] [DEBUG] debug-file - Task 'entry:default@GeneratePkgSdkInfo' cost while wrapping incremental declarations: 1 ms 
[2026-07-27T01:17:25.743] [DEBUG] debug-file - entry : default@GeneratePkgSdkInfo cost memory 0.12999725341796875
[2026-07-27T01:17:25.743] [DEBUG] debug-file - runTaskFromQueue task cost before running: 1 s 595 ms 
[2026-07-27T01:17:25.743] [INFO] debug-file - Finished :entry:default@GeneratePkgSdkInfo... after 3 ms 
[2026-07-27T01:17:25.748] [DEBUG] debug-file - Executing task :entry:default@ProcessIntegratedHsp
[2026-07-27T01:17:25.748] [DEBUG] debug-file - entry:default@ProcessIntegratedHsp is not up-to-date, since the output file 'D:\SLE-ID\slekey\build\cache\default\integrated_hsp\integratedHspCache.json' does not exist.
[2026-07-27T01:17:25.748] [DEBUG] debug-file - Incremental task entry:default@ProcessIntegratedHsp pre-execution cost: 1 ms .
[2026-07-27T01:17:25.749] [DEBUG] debug-file - entry : default@ProcessIntegratedHsp cost memory 0.0550994873046875
[2026-07-27T01:17:25.749] [DEBUG] debug-file - runTaskFromQueue task cost before running: 1 s 601 ms 
[2026-07-27T01:17:25.749] [INFO] debug-file - Finished :entry:default@ProcessIntegratedHsp... after 1 ms 
[2026-07-27T01:17:25.750] [DEBUG] debug-file - Executing task :entry:default@BuildNativeWithCmake
[2026-07-27T01:17:25.750] [DEBUG] debug-file - entry : default@BuildNativeWithCmake cost memory 0.01513671875
[2026-07-27T01:17:25.750] [DEBUG] debug-file - runTaskFromQueue task cost before running: 1 s 602 ms 
[2026-07-27T01:17:25.750] [INFO] debug-file - Finished :entry:default@BuildNativeWithCmake... after 1 ms 
[2026-07-27T01:17:25.751] [DEBUG] debug-file - Executing task :entry:default@MakePackInfo
[2026-07-27T01:17:25.752] [DEBUG] debug-file - Incremental task entry:default@MakePackInfo pre-execution cost: 1 ms .
[2026-07-27T01:17:25.752] [DEBUG] debug-file - entry : default@MakePackInfo cost memory 0.1035919189453125
[2026-07-27T01:17:25.752] [INFO] debug-file - UP-TO-DATE :entry:default@MakePackInfo...  
[2026-07-27T01:17:25.753] [DEBUG] debug-file - Executing task :entry:default@SyscapTransform
[2026-07-27T01:17:25.753] [DEBUG] debug-file - File: 'D:\SLE-ID\slekey\entry\src\main\syscap.json' from 'sysCapJsonPath' is not exists, just ignore.
[2026-07-27T01:17:25.754] [DEBUG] debug-file - Task 'entry:default@SyscapTransform' cost while wrapping incremental declarations: 1 ms 
[2026-07-27T01:17:25.764] [DEBUG] debug-file - entry:default@SyscapTransform is not up-to-date, since the output file 'D:\SLE-ID\slekey\entry\build\default\intermediates\syscap\default\rpcid.sc' does not exist.
[2026-07-27T01:17:25.764] [DEBUG] debug-file - Incremental task entry:default@SyscapTransform pre-execution cost: 10 ms .
[2026-07-27T01:17:25.764] [DEBUG] debug-file - entry : default@SyscapTransform cost memory 0.15624237060546875
[2026-07-27T01:17:25.764] [DEBUG] debug-file - runTaskFromQueue task cost before running: 1 s 616 ms 
[2026-07-27T01:17:25.764] [INFO] debug-file - Finished :entry:default@SyscapTransform... after 11 ms 
[2026-07-27T01:17:25.766] [DEBUG] debug-file - Executing task :entry:default@ProcessProfile
[2026-07-27T01:17:25.766] [DEBUG] debug-file - Task 'entry:default@ProcessProfile' cost while wrapping incremental declarations: 1 ms 
[2026-07-27T01:17:25.767] [DEBUG] debug-file - Incremental task entry:default@ProcessProfile pre-execution cost: 1 ms .
[2026-07-27T01:17:25.767] [DEBUG] debug-file - entry : default@ProcessProfile cost memory 0.13330078125
[2026-07-27T01:17:25.767] [INFO] debug-file - UP-TO-DATE :entry:default@ProcessProfile...  
[2026-07-27T01:17:25.768] [DEBUG] debug-file - Executing task :entry:default@ProcessRouterMap
[2026-07-27T01:17:25.770] [DEBUG] debug-file - Incremental task entry:default@ProcessRouterMap pre-execution cost: 1 ms .
[2026-07-27T01:17:25.770] [DEBUG] debug-file - entry : default@ProcessRouterMap cost memory 0.167999267578125
[2026-07-27T01:17:25.770] [INFO] debug-file - UP-TO-DATE :entry:default@ProcessRouterMap...  
[2026-07-27T01:17:25.771] [DEBUG] debug-file - Executing task :entry:default@ProcessShareConfig
[2026-07-27T01:17:25.772] [DEBUG] debug-file - Incremental task entry:default@ProcessShareConfig pre-execution cost: 1 ms .
[2026-07-27T01:17:25.772] [DEBUG] debug-file - entry : default@ProcessShareConfig cost memory 0.1428070068359375
[2026-07-27T01:17:25.773] [INFO] debug-file - UP-TO-DATE :entry:default@ProcessShareConfig...  
[2026-07-27T01:17:25.774] [DEBUG] debug-file - Executing task :entry:default@ProcessStartupConfig
[2026-07-27T01:17:25.774] [DEBUG] debug-file - Task 'entry:default@ProcessStartupConfig' cost while wrapping incremental declarations: 1 ms 
[2026-07-27T01:17:25.775] [DEBUG] debug-file - entry:default@ProcessStartupConfig is not up-to-date, since the output file 'D:\SLE-ID\slekey\entry\build\default\intermediates\startup\default\startup_config.json' does not exist.
[2026-07-27T01:17:25.775] [DEBUG] debug-file - Incremental task entry:default@ProcessStartupConfig pre-execution cost: 1 ms .
[2026-07-27T01:17:25.775] [DEBUG] debug-file - entry : default@ProcessStartupConfig cost memory 0.13831329345703125
[2026-07-27T01:17:25.776] [DEBUG] debug-file - runTaskFromQueue task cost before running: 1 s 628 ms 
[2026-07-27T01:17:25.776] [INFO] debug-file - Finished :entry:default@ProcessStartupConfig... after 2 ms 
[2026-07-27T01:17:25.777] [DEBUG] debug-file - Executing task :entry:default@BuildNativeWithNinja
[2026-07-27T01:17:25.777] [DEBUG] debug-file - entry : default@BuildNativeWithNinja cost memory 0.0200347900390625
[2026-07-27T01:17:25.777] [DEBUG] debug-file - runTaskFromQueue task cost before running: 1 s 629 ms 
[2026-07-27T01:17:25.777] [INFO] debug-file - Finished :entry:default@BuildNativeWithNinja... after 1 ms 
[2026-07-27T01:17:25.778] [DEBUG] debug-file - restool module names: entry; moduleName=entry, taskName=default@ProcessResource
[2026-07-27T01:17:25.780] [DEBUG] debug-file - Executing task :entry:default@ProcessResource
[2026-07-27T01:17:25.780] [DEBUG] debug-file - Task 'entry:default@ProcessResource' cost while wrapping incremental declarations: 1 ms 
[2026-07-27T01:17:25.780] [DEBUG] debug-file - Incremental task entry:default@ProcessResource pre-execution cost: 1 ms .
[2026-07-27T01:17:25.780] [DEBUG] debug-file - entry : default@ProcessResource cost memory 0.13036346435546875
[2026-07-27T01:17:25.781] [INFO] debug-file - UP-TO-DATE :entry:default@ProcessResource...  
[2026-07-27T01:17:25.783] [DEBUG] debug-file - Executing task :entry:default@GenerateLoaderJson
[2026-07-27T01:17:25.784] [DEBUG] debug-file - Task 'entry:default@GenerateLoaderJson' cost while wrapping incremental declarations: 1 ms 
[2026-07-27T01:17:25.789] [DEBUG] debug-file - Incremental task entry:default@GenerateLoaderJson pre-execution cost: 3 ms .
[2026-07-27T01:17:25.789] [DEBUG] debug-file - entry : default@GenerateLoaderJson cost memory 0.717437744140625
[2026-07-27T01:17:25.791] [INFO] debug-file - UP-TO-DATE :entry:default@GenerateLoaderJson...  
[2026-07-27T01:17:25.792] [DEBUG] debug-file - Executing task :entry:default@ProcessLibs
[2026-07-27T01:17:25.794] [DEBUG] debug-file - Incremental task entry:default@ProcessLibs pre-execution cost: 1 ms .
[2026-07-27T01:17:25.795] [DEBUG] debug-file - entry : default@ProcessLibs cost memory 0.41411590576171875
[2026-07-27T01:17:25.795] [INFO] debug-file - UP-TO-DATE :entry:default@ProcessLibs...  
[2026-07-27T01:17:25.796] [DEBUG] debug-file - restool module names: entry; moduleName=entry, taskName=default@CompileResource
[2026-07-27T01:17:25.796] [DEBUG] debug-file - Executing task :entry:default@CompileResource
[2026-07-27T01:17:25.801] [DEBUG] debug-file - Incremental task entry:default@CompileResource pre-execution cost: 5 ms .
[2026-07-27T01:17:25.801] [DEBUG] debug-file - entry : default@CompileResource cost memory 0.5986480712890625
[2026-07-27T01:17:25.802] [INFO] debug-file - UP-TO-DATE :entry:default@CompileResource...  
[2026-07-27T01:17:25.803] [DEBUG] debug-file - Executing task :entry:default@DoNativeStrip
[2026-07-27T01:17:25.803] [DEBUG] debug-file - File: 'D:\SLE-ID\slekey\entry\build\default\intermediates\binxo\default' from 'doBinxoNativeLibs' is not exists, just ignore.
[2026-07-27T01:17:25.803] [DEBUG] debug-file - Task 'entry:default@DoNativeStrip' cost while wrapping incremental declarations: 1 ms 
[2026-07-27T01:17:25.803] [DEBUG] debug-file - Incremental task entry:default@DoNativeStrip pre-execution cost: 1 ms .
[2026-07-27T01:17:25.803] [DEBUG] debug-file - entry : default@DoNativeStrip cost memory 0.092681884765625
[2026-07-27T01:17:25.804] [INFO] debug-file - UP-TO-DATE :entry:default@DoNativeStrip...  
[2026-07-27T01:17:25.805] [DEBUG] debug-file - Executing task :entry:default@CompileArkTS
[2026-07-27T01:17:25.805] [DEBUG] debug-file - obfuscationOptions: undefined
[2026-07-27T01:17:25.807] [DEBUG] debug-file - Task 'entry:default@CompileArkTS' cost while wrapping incremental declarations: 1 ms 
[2026-07-27T01:17:25.813] [DEBUG] debug-file - Incremental task entry:default@CompileArkTS pre-execution cost: 5 ms .
[2026-07-27T01:17:25.813] [DEBUG] debug-file - entry : default@CompileArkTS cost memory 0.9360809326171875
[2026-07-27T01:17:25.814] [INFO] debug-file - UP-TO-DATE :entry:default@CompileArkTS...  
[2026-07-27T01:17:25.815] [DEBUG] debug-file - Executing task :entry:default@BuildJS
[2026-07-27T01:17:25.815] [DEBUG] debug-file - Task 'entry:default@BuildJS' cost while wrapping incremental declarations: 1 ms 
[2026-07-27T01:17:25.817] [DEBUG] debug-file - entry : default@BuildJS cost memory 0.1582183837890625
[2026-07-27T01:17:25.817] [DEBUG] debug-file - runTaskFromQueue task cost before running: 1 s 669 ms 
[2026-07-27T01:17:25.817] [INFO] debug-file - Finished :entry:default@BuildJS... after 2 ms 
[2026-07-27T01:17:25.818] [DEBUG] debug-file - Executing task :entry:default@CacheNativeLibs
[2026-07-27T01:17:25.818] [DEBUG] debug-file - File: 'D:\SLE-ID\slekey\entry\build\default\intermediates\binxo\default' from 'cacheBinxoNativeLibs' is not exists, just ignore.
[2026-07-27T01:17:25.818] [DEBUG] debug-file - Task 'entry:default@CacheNativeLibs' cost while wrapping incremental declarations: 1 ms 
[2026-07-27T01:17:25.819] [DEBUG] debug-file - Incremental task entry:default@CacheNativeLibs pre-execution cost: 1 ms .
[2026-07-27T01:17:25.819] [DEBUG] debug-file - entry : default@CacheNativeLibs cost memory 0.1200408935546875
[2026-07-27T01:17:25.819] [INFO] debug-file - UP-TO-DATE :entry:default@CacheNativeLibs...  
[2026-07-27T01:17:25.820] [DEBUG] debug-file - Executing task :entry:default@GeneratePkgModuleJson
[2026-07-27T01:17:25.820] [DEBUG] debug-file - File: 'D:\SLE-ID\slekey\entry\build\default\intermediates\preload\default\preload.json' from 'preloadSoJsonPath' is not exists, just ignore.
[2026-07-27T01:17:25.821] [DEBUG] debug-file - Error occurs while handling @Input 'shouldDeduplicateHar': The "data" argument must be of type string or an instance of Buffer, TypedArray, or DataView. Received undefined
[2026-07-27T01:17:25.821] [DEBUG] debug-file - Task 'entry:default@GeneratePkgModuleJson' cost while wrapping incremental declarations: 1 ms 
[2026-07-27T01:17:25.821] [DEBUG] debug-file - Incremental task entry:default@GeneratePkgModuleJson pre-execution cost: 1 ms .
[2026-07-27T01:17:25.821] [DEBUG] debug-file - entry : default@GeneratePkgModuleJson cost memory 0.1038360595703125
[2026-07-27T01:17:25.821] [INFO] debug-file - UP-TO-DATE :entry:default@GeneratePkgModuleJson...  
[2026-07-27T01:17:25.822] [DEBUG] debug-file - Executing task :entry:default@ProcessCompiledResources
[2026-07-27T01:17:25.822] [DEBUG] debug-file - File: 'D:\SLE-ID\slekey\entry\build\default\intermediates\preload\default\preload.json' from 'preloadSoJsonPath' is not exists, just ignore.
[2026-07-27T01:17:25.822] [DEBUG] debug-file - Task 'entry:default@ProcessCompiledResources' cost while wrapping incremental declarations: 1 ms 
[2026-07-27T01:17:25.822] [DEBUG] debug-file - entry : default@ProcessCompiledResources cost memory 0.0584716796875
[2026-07-27T01:17:25.822] [DEBUG] debug-file - runTaskFromQueue task cost before running: 1 s 674 ms 
[2026-07-27T01:17:25.822] [INFO] debug-file - Finished :entry:default@ProcessCompiledResources... after 1 ms 
[2026-07-27T01:17:25.824] [DEBUG] debug-file - Executing task :entry:default@PackageHap
[2026-07-27T01:17:25.828] [DEBUG] debug-file - Incremental task entry:default@PackageHap pre-execution cost: 3 ms .
[2026-07-27T01:17:25.828] [DEBUG] debug-file - entry : default@PackageHap cost memory 0.44045257568359375
[2026-07-27T01:17:25.828] [INFO] debug-file - UP-TO-DATE :entry:default@PackageHap...  
[2026-07-27T01:17:25.829] [DEBUG] debug-file - Executing task :entry:default@PackingCheck
[2026-07-27T01:17:25.832] [DEBUG] debug-file - entry : default@PackingCheck cost memory 0.347991943359375
[2026-07-27T01:17:25.832] [DEBUG] debug-file - runTaskFromQueue task cost before running: 1 s 684 ms 
[2026-07-27T01:17:25.832] [INFO] debug-file - Finished :entry:default@PackingCheck... after 4 ms 
[2026-07-27T01:17:25.833] [DEBUG] debug-file - Executing task :entry:default@SignHap
[2026-07-27T01:17:25.835] [DEBUG] debug-file - Incremental task entry:default@SignHap pre-execution cost: 1 ms .
[2026-07-27T01:17:25.835] [DEBUG] debug-file - entry : default@SignHap cost memory 0.11528778076171875
[2026-07-27T01:17:25.835] [INFO] debug-file - UP-TO-DATE :entry:default@SignHap...  
[2026-07-27T01:17:25.836] [DEBUG] debug-file - Executing task :entry:default@CollectDebugSymbol
[2026-07-27T01:17:25.837] [DEBUG] debug-file - entry : default@CollectDebugSymbol cost memory 0.09055328369140625
[2026-07-27T01:17:25.837] [DEBUG] debug-file - runTaskFromQueue task cost before running: 1 s 689 ms 
[2026-07-27T01:17:25.837] [INFO] debug-file - Finished :entry:default@CollectDebugSymbol... after 1 ms 
[2026-07-27T01:17:25.837] [DEBUG] debug-file - Executing task :entry:assembleHap
[2026-07-27T01:17:25.837] [DEBUG] debug-file - entry : assembleHap cost memory 0.0128326416015625
[2026-07-27T01:17:25.837] [DEBUG] debug-file - runTaskFromQueue task cost before running: 1 s 689 ms 
[2026-07-27T01:17:25.837] [INFO] debug-file - Finished :entry:assembleHap... after 1 ms 
[2026-07-27T01:17:25.845] [INFO] debug-file - BUILD SUCCESSFUL in 1 s 697 ms 
[2026-07-27T01:17:25.846] [DEBUG] debug-file - Update task entry:default@PreBuild input file:D:\SLE-ID\slekey\AppScope\app.json5 cache by regenerate.
[2026-07-27T01:17:25.846] [DEBUG] debug-file - Update task entry:default@PreBuild input file:D:\SLE-ID\slekey\entry\src\main\module.json5 cache by regenerate.
[2026-07-27T01:17:25.846] [DEBUG] debug-file - Update task entry:default@PreBuild input file:D:\SLE-ID\slekey\build-profile.json5 cache by regenerate.
[2026-07-27T01:17:25.846] [DEBUG] debug-file - Update task entry:default@PreBuild input file:D:\SLE-ID\slekey\entry\build-profile.json5 cache by regenerate.
[2026-07-27T01:17:25.847] [DEBUG] debug-file - Update task entry:default@PreBuild input file:D:\SLE-ID\slekey\entry\src\main\resources\base\profile\main_pages.json cache by regenerate.
[2026-07-27T01:17:25.847] [DEBUG] debug-file - Update task entry:default@PreBuild input file:D:\SLE-ID\slekey\hvigor\hvigor-config.json5 cache by regenerate.
[2026-07-27T01:17:25.847] [DEBUG] debug-file - Update task entry:default@PreBuild input file:D:\SLE-ID\slekey\entry\oh-package.json5 cache by regenerate.
[2026-07-27T01:17:25.847] [DEBUG] debug-file - Update task entry:default@PreBuild input file:D:\SLE-ID\slekey\oh-package.json5 cache by regenerate.
[2026-07-27T01:17:25.847] [DEBUG] debug-file - Incremental task entry:default@PreBuild post-execution cost:2 ms .
[2026-07-27T01:17:25.847] [DEBUG] debug-file - Update task entry:default@CreateModuleInfo output file:D:\SLE-ID\slekey\entry\build\default\generated\profile\default\ModuleInfo.ts cache.
[2026-07-27T01:17:25.847] [DEBUG] debug-file - Incremental task entry:default@CreateModuleInfo post-execution cost:1 ms .
[2026-07-27T01:17:25.847] [DEBUG] debug-file - There is no need to refresh cache, since the incremental task entry:default@GenerateMetadata is up-to-date.
[2026-07-27T01:17:25.847] [DEBUG] debug-file - There is no need to refresh cache, since the incremental task entry:default@MergeProfile is up-to-date.
[2026-07-27T01:17:25.847] [DEBUG] debug-file - There is no need to refresh cache, since the incremental task entry:default@CreateBuildProfile is up-to-date.
[2026-07-27T01:17:25.847] [DEBUG] debug-file - There is no need to refresh cache, since the incremental task entry:default@GeneratePkgContextInfo is up-to-date.
[2026-07-27T01:17:25.847] [DEBUG] debug-file - Update task entry:default@GeneratePkgSdkInfo output file:D:\SLE-ID\slekey\entry\build\default\intermediates\loader\default\pkgSdkInfo.json cache.
[2026-07-27T01:17:25.848] [DEBUG] debug-file - Incremental task entry:default@GeneratePkgSdkInfo post-execution cost:1 ms .
[2026-07-27T01:17:25.848] [DEBUG] debug-file - Update task entry:default@ProcessIntegratedHsp output file:D:\SLE-ID\slekey\build\cache\default\integrated_hsp\integratedHspCache.json cache.
[2026-07-27T01:17:25.848] [DEBUG] debug-file - Incremental task entry:default@ProcessIntegratedHsp post-execution cost:1 ms .
[2026-07-27T01:17:25.848] [DEBUG] debug-file - There is no need to refresh cache, since the incremental task entry:default@MakePackInfo is up-to-date.
[2026-07-27T01:17:25.848] [DEBUG] debug-file - Update task entry:default@SyscapTransform input file:C:\Program Files\Huawei\DevEco Studio\sdk\default\openharmony\toolchains\syscap_tool.exe cache by regenerate.
[2026-07-27T01:17:25.848] [DEBUG] debug-file - Update task entry:default@SyscapTransform input file:C:\Program Files\Huawei\DevEco Studio\sdk\default\openharmony\ets\api\device-define cache by regenerate.
[2026-07-27T01:17:25.848] [DEBUG] debug-file - Update task entry:default@SyscapTransform output file:D:\SLE-ID\slekey\entry\build\default\intermediates\syscap\default\rpcid.sc cache.
[2026-07-27T01:17:25.849] [DEBUG] debug-file - Incremental task entry:default@SyscapTransform post-execution cost:1 ms .
[2026-07-27T01:17:25.849] [DEBUG] debug-file - There is no need to refresh cache, since the incremental task entry:default@ProcessProfile is up-to-date.
[2026-07-27T01:17:25.849] [DEBUG] debug-file - There is no need to refresh cache, since the incremental task entry:default@ProcessRouterMap is up-to-date.
[2026-07-27T01:17:25.849] [DEBUG] debug-file - There is no need to refresh cache, since the incremental task entry:default@ProcessShareConfig is up-to-date.
[2026-07-27T01:17:25.849] [DEBUG] debug-file - Update task entry:default@ProcessStartupConfig input file:D:\SLE-ID\slekey\entry\build\default\intermediates\loader\default\pkgContextInfo.json cache by regenerate.
[2026-07-27T01:17:25.849] [DEBUG] debug-file - Update task entry:default@ProcessStartupConfig output file:D:\SLE-ID\slekey\entry\build\default\intermediates\startup\default\startup_config.json cache.
[2026-07-27T01:17:25.849] [DEBUG] debug-file - Incremental task entry:default@ProcessStartupConfig post-execution cost:1 ms .
[2026-07-27T01:17:25.849] [DEBUG] debug-file - There is no need to refresh cache, since the incremental task entry:default@ProcessResource is up-to-date.
[2026-07-27T01:17:25.849] [DEBUG] debug-file - There is no need to refresh cache, since the incremental task entry:default@GenerateLoaderJson is up-to-date.
[2026-07-27T01:17:25.849] [DEBUG] debug-file - There is no need to refresh cache, since the incremental task entry:default@ProcessLibs is up-to-date.
[2026-07-27T01:17:25.849] [DEBUG] debug-file - There is no need to refresh cache, since the incremental task entry:default@CompileResource is up-to-date.
[2026-07-27T01:17:25.849] [DEBUG] debug-file - There is no need to refresh cache, since the incremental task entry:default@DoNativeStrip is up-to-date.
[2026-07-27T01:17:25.849] [DEBUG] debug-file - There is no need to refresh cache, since the incremental task entry:default@CompileArkTS is up-to-date.
[2026-07-27T01:17:25.850] [DEBUG] debug-file - Update task entry:default@BuildJS input file:D:\SLE-ID\slekey\entry\build\default\intermediates\loader\default cache by regenerate.
[2026-07-27T01:17:25.850] [DEBUG] debug-file - Update task entry:default@BuildJS input file:D:\SLE-ID\slekey\oh_modules\.ohpm\@ohos+hypium@1.0.19\oh_modules\@ohos\hypium\index.js cache by regenerate.
[2026-07-27T01:17:25.850] [DEBUG] debug-file - Update task entry:default@BuildJS input file:D:\SLE-ID\slekey\entry\build\default\intermediates\res\default\resources\rawfile cache by regenerate.
[2026-07-27T01:17:25.851] [DEBUG] debug-file - Update task entry:default@BuildJS input file:D:\SLE-ID\slekey\entry\build\default\intermediates\res\default\ResourceTable.txt cache by regenerate.
[2026-07-27T01:17:25.851] [DEBUG] debug-file - Update task entry:default@BuildJS input file:D:\SLE-ID\slekey\entry\build\default\intermediates\res\default\ark_module.json cache by regenerate.
[2026-07-27T01:17:25.851] [DEBUG] debug-file - Update task entry:default@BuildJS input file:D:\SLE-ID\slekey\entry\build\default\intermediates\res\default\resources\base\profile cache by regenerate.
[2026-07-27T01:17:25.851] [DEBUG] debug-file - Update task entry:default@BuildJS input file:D:\SLE-ID\slekey\entry\build\default\intermediates\loader\default\pkgContextInfo.json cache by regenerate.
[2026-07-27T01:17:25.851] [DEBUG] debug-file - Update task entry:default@BuildJS output file:D:\SLE-ID\slekey\entry\build\default\intermediates\loader_out\default\js cache.
[2026-07-27T01:17:25.851] [DEBUG] debug-file - Incremental task entry:default@BuildJS post-execution cost:2 ms .
[2026-07-27T01:17:25.851] [DEBUG] debug-file - There is no need to refresh cache, since the incremental task entry:default@CacheNativeLibs is up-to-date.
[2026-07-27T01:17:25.851] [DEBUG] debug-file - There is no need to refresh cache, since the incremental task entry:default@GeneratePkgModuleJson is up-to-date.
[2026-07-27T01:17:25.851] [DEBUG] debug-file - Incremental task entry:default@ProcessCompiledResources post-execution cost:1 ms .
[2026-07-27T01:17:25.851] [DEBUG] debug-file - There is no need to refresh cache, since the incremental task entry:default@PackageHap is up-to-date.
[2026-07-27T01:17:25.851] [DEBUG] debug-file - There is no need to refresh cache, since the incremental task entry:default@SignHap is up-to-date.
[2026-07-27T01:17:25.852] [DEBUG] debug-file - Update task entry:default@CollectDebugSymbol input file:D:\SLE-ID\slekey\entry\build\default\intermediates\loader_out\default\ets\sourceMaps.map cache by regenerate.
[2026-07-27T01:17:25.852] [DEBUG] debug-file - Update task entry:default@CollectDebugSymbol input file:D:\SLE-ID\slekey\entry\build\default\intermediates\libs\default cache by regenerate.
[2026-07-27T01:17:25.852] [DEBUG] debug-file - Update task entry:default@CollectDebugSymbol output file:D:\SLE-ID\slekey\entry\build\default\outputs\default\symbol cache.
[2026-07-27T01:17:25.852] [DEBUG] debug-file - Incremental task entry:default@CollectDebugSymbol post-execution cost:1 ms .
[2026-07-27T01:17:25.874] [DEBUG] debug-file - session manager: send message to worker process.
[2026-07-27T01:17:25.874] [DEBUG] debug-file - session manager: send message to worker process.
[2026-07-27T01:17:25.965] [DEBUG] debug-file - Cleanup worker 0.
[2026-07-27T01:17:25.965] [DEBUG] debug-file - Worker 0 has been cleaned up.
[2026-07-27T01:17:25.966] [DEBUG] debug-file - Current idle worker size: 1.
[2026-07-27T01:17:25.966] [DEBUG] debug-file - Current resident worker size: 2.
[2026-07-27T01:17:25.966] [DEBUG] debug-file - Cleanup worker 1.
[2026-07-27T01:17:25.966] [DEBUG] debug-file - Worker 1 has been cleaned up.
[2026-07-27T01:17:25.966] [DEBUG] debug-file - Current idle worker size: 0.
[2026-07-27T01:17:25.966] [DEBUG] debug-file - Current resident worker size: 2.
[2026-07-27T01:17:25.967] [DEBUG] debug-file - hvigor build process will be closed.
[2026-07-27T01:17:25.973] [DEBUG] debug-file - worker[0] exits with exit code 1.
[2026-07-27T01:17:25.974] [DEBUG] debug-file - worker[1] exits with exit code 1.
[2026-07-27T01:17:25.976] [DEBUG] debug-file - watch worker: worker id should be larger than 0. Nothing will be sent to any worker thread.
[2026-07-27T01:17:25.976] [DEBUG] debug-file - watch worker: worker id should be larger than 0. Nothing will be sent to any worker thread.
[2026-07-27T01:19:37.212] [DEBUG] debug-file - env: nodejsVersion=v24.16.0
[2026-07-27T01:19:37.275] [WARN] debug-file - 'C:\Windows\System32\wbem\wmic' 不是内部或外部命令，也不是可运行的程序
或批处理文件。

[2026-07-27T01:19:37.212] [DEBUG] debug-file - env: hvigor-config.json5 content = {
  modelVersion: '5.0.0',
  dependencies: {},
  execution: {},
  logging: {},
  debugging: {},
  nodeOptions: {}
}
[2026-07-27T01:19:38.297] [DEBUG] debug-file - env: daemon=true
[2026-07-27T01:19:38.735] [DEBUG] debug-file - hvigor java daemon: Starting java daemon. jvmXmxValue=512m, jarPath=C:\Program Files\Huawei\DevEco Studio\tools\hvigor\hvigor\lib\hvigor-java-daemon.jar
[2026-07-27T01:19:38.735] [DEBUG] debug-file - hvigor java daemon: Read cache file, 
    port=45050, pid=15400, sessionId exists=true
[2026-07-27T01:19:38.758] [DEBUG] debug-file - hvigor java daemon: tryConnect success
[2026-07-27T01:19:38.785] [DEBUG] debug-file - session manager: set active socket. socketId=SMd02FXWxqFc6wnsAAAB
[2026-07-27T01:19:39.168] [DEBUG] debug-file - watch worker: worker id should be larger than 0. Nothing will be sent to any worker thread.
[2026-07-27T01:19:39.171] [DEBUG] debug-file - Since there is no instance or instance is terminated, create a new worker pool.
[2026-07-27T01:19:39.171] [DEBUG] debug-file - Worker pool is initialized with config:  {
  minPoolNum: 2,
  maxPoolNum: undefined,
  maxCoreSize: undefined,
  cacheCapacity: undefined,
  cacheTtl: undefined
}
[2026-07-27T01:19:39.172] [DEBUG] debug-file - Create  resident worker with id: 0.
[2026-07-27T01:19:39.173] [DEBUG] debug-file - Create  resident worker with id: 1.
[2026-07-27T01:19:39.175] [DEBUG] debug-file - Workers' log level updated to INFO
[2026-07-27T01:19:39.181] [DEBUG] debug-file - Hvigor init with startParameters:{
  hvigorfileTypeCheck: false,
  parallelExecution: true,
  incrementalExecution: true,
  printStackTrace: false,
  daemon: true,
  analyze: 0,
  logLevel: Level { level: 20000, levelStr: 'INFO', colour: 'green' },
  optimizationStrategy: 'memory',
  hotCompile: undefined,
  hotReloadBuild: undefined,
  customizedParam: undefined
}
[2026-07-27T01:19:39.185] [DEBUG] debug-file - Cache service initialization finished in 4 ms 
[2026-07-27T01:19:39.186] [DEBUG] debug-file - hvigorfile, resolving D:\SLE-ID\slekey\hvigorfile.ts
[2026-07-27T01:19:40.140] [DEBUG] debug-file - hvigorfile, require result:  { default: { plugins: [] } }
[2026-07-27T01:19:40.140] [DEBUG] debug-file - hvigorfile, binding system plugins null
[2026-07-27T01:19:40.141] [DEBUG] debug-file - Starting plugin build process
[2026-07-27T01:19:40.141] [DEBUG] debug-file - App plugin prepare start...
[2026-07-27T01:19:40.141] [DEBUG] debug-file - App plugin prepare end...
[2026-07-27T01:19:40.141] [DEBUG] debug-file - App plugin creating...
[2026-07-27T01:19:40.264] [DEBUG] debug-file - App plugin register hook start...
[2026-07-27T01:19:40.264] [DEBUG] debug-file - App plugin register hook end...
[2026-07-27T01:19:40.264] [DEBUG] debug-file - Plugin build process completed
[2026-07-27T01:19:40.265] [DEBUG] debug-file - Start initialize project's product build option map with build mode debug.
[2026-07-27T01:19:40.265] [DEBUG] debug-file - Picking option from product 'default' with build mode 'debug'.
[2026-07-27T01:19:40.265] [DEBUG] debug-file - Product 'default' build option initialized
[2026-07-27T01:19:40.266] [DEBUG] debug-file - End initialize project's product build option map with build mode 'debug'.
[2026-07-27T01:19:40.267] [DEBUG] debug-file - Obtain build option for product 'default'in this build.
[2026-07-27T01:19:40.268] [DEBUG] debug-file - D:\SLE-ID\slekey\build\cache\default\remote_hsp\remoteHspCache.json not exists.
[2026-07-27T01:19:40.269] [DEBUG] debug-file - Local scan or download HarmonyOS sdk components toolchains,ets,js,native,previewer
[2026-07-27T01:19:40.271] [DEBUG] debug-file - Local scan or download hmscore sdk components toolchains,ets,native
[2026-07-27T01:19:40.273] [DEBUG] debug-file - Start recording SDK configuration permission data.
[2026-07-27T01:19:40.295] [DEBUG] debug-file - Sdk init in 27 ms 
[2026-07-27T01:19:40.300] [DEBUG] debug-file - Project task initialization takes 4 ms 
[2026-07-27T01:19:40.300] [DEBUG] debug-file - hvigorfile, begin to bind custom plugins...
[2026-07-27T01:19:40.300] [DEBUG] debug-file - hvigorfile, no custom plugins were found in D:\SLE-ID\slekey\hvigorfile.ts
[2026-07-27T01:19:40.300] [DEBUG] debug-file - hvigorfile, resolve finished D:\SLE-ID\slekey\hvigorfile.ts
[2026-07-27T01:19:40.301] [DEBUG] debug-file - hvigorfile, resolving D:\SLE-ID\slekey\entry\hvigorfile.ts
[2026-07-27T01:19:40.306] [DEBUG] debug-file - hvigorfile, require result:  { default: { plugins: [] } }
[2026-07-27T01:19:40.306] [DEBUG] debug-file - hvigorfile, binding system plugins null
[2026-07-27T01:19:40.306] [DEBUG] debug-file - Starting plugin build process
[2026-07-27T01:19:40.306] [DEBUG] debug-file - Hap plugin creating...
[2026-07-27T01:19:40.307] [DEBUG] debug-file - failed to load cangjie to dynamically generate schemas: Error: Cannot find module '@ohos/cangjie-build-support/index'
Require stack:
- C:\Program Files\Huawei\DevEco Studio\tools\hvigor\hvigor-ohos-plugin\src\plugin\hooks\cangjie-register.js
- C:\Program Files\Huawei\DevEco Studio\tools\hvigor\hvigor-ohos-plugin\src\plugin\strategy\stage-init-strategy.js
- C:\Program Files\Huawei\DevEco Studio\tools\hvigor\hvigor-ohos-plugin\src\plugin\builder\abstract-plugin-builder.js
- C:\Program Files\Huawei\DevEco Studio\tools\hvigor\hvigor-ohos-plugin\src\plugin\builder\app-plugin-builder.js
- C:\Program Files\Huawei\DevEco Studio\tools\hvigor\hvigor-ohos-plugin\src\plugin\factory\plugin-factory.js
- C:\Program Files\Huawei\DevEco Studio\tools\hvigor\hvigor-ohos-plugin\index.js
- D:\SLE-ID\slekey\hvigorfile.ts
- C:\Program Files\Huawei\DevEco Studio\tools\hvigor\hvigor\src\base\internal\lifecycle\configuration.js
- C:\Program Files\Huawei\DevEco Studio\tools\hvigor\hvigor\src\base\boot\index.js
- C:\Program Files\Huawei\DevEco Studio\tools\hvigor\hvigor\src\base\daemon\cluster\worker-process-lifecycle.js
- C:\Program Files\Huawei\DevEco Studio\tools\hvigor\hvigor\src\base\daemon\process\daemon-process-boot-script.js
[2026-07-27T01:19:40.318] [DEBUG] debug-file - Start initialize module-target build option map, moduleName=entry, buildMode=debug
[2026-07-27T01:19:40.319] [DEBUG] debug-file - Target 'default' config initialized
[2026-07-27T01:19:40.319] [DEBUG] debug-file - Module 'entry' target 'default' build option initialized
[2026-07-27T01:19:40.319] [DEBUG] debug-file - End initialize module-target build option map, moduleName=entry
[2026-07-27T01:19:40.319] [DEBUG] debug-file - Start initialize module-target build option map, moduleName=entry, buildMode=release
[2026-07-27T01:19:40.319] [DEBUG] debug-file - Target 'default' config initialized
[2026-07-27T01:19:40.320] [DEBUG] debug-file - Module 'entry' target 'default' build option initialized
[2026-07-27T01:19:40.320] [DEBUG] debug-file - End initialize module-target build option map, moduleName=entry
[2026-07-27T01:19:40.320] [DEBUG] debug-file - Start initialize module-target build option map, moduleName=entry, buildMode=debug
[2026-07-27T01:19:40.320] [DEBUG] debug-file - Target 'default' config initialized
[2026-07-27T01:19:40.320] [DEBUG] debug-file - Module 'entry' target 'default' build option initialized
[2026-07-27T01:19:40.320] [DEBUG] debug-file - End initialize module-target build option map, moduleName=entry
[2026-07-27T01:19:40.320] [DEBUG] debug-file - Obtain build option for module 'entry' target 'default'in this build.
[2026-07-27T01:19:40.324] [DEBUG] debug-file - Module entry task initialization takes 3 ms 
[2026-07-27T01:19:40.324] [DEBUG] debug-file - Hap plugin register hook start...
[2026-07-27T01:19:40.324] [DEBUG] debug-file - Hap plugin register hook end...
[2026-07-27T01:19:40.324] [DEBUG] debug-file - Plugin build process completed
[2026-07-27T01:19:40.324] [DEBUG] debug-file - hvigorfile, begin to bind custom plugins...
[2026-07-27T01:19:40.324] [DEBUG] debug-file - hvigorfile, no custom plugins were found in D:\SLE-ID\slekey\entry\hvigorfile.ts
[2026-07-27T01:19:40.324] [DEBUG] debug-file - hvigorfile, resolve finished D:\SLE-ID\slekey\entry\hvigorfile.ts
[2026-07-27T01:19:40.371] [DEBUG] debug-file - hvigorfile, resolve hvigorfile dependencies in 47 ms 
[2026-07-27T01:19:40.372] [DEBUG] debug-file - project has submodules:entry
[2026-07-27T01:19:40.373] [DEBUG] debug-file - start to load updatedOhPackageInfo to the disk
[2026-07-27T01:19:40.374] [DEBUG] debug-file - load to the disk finished
[2026-07-27T01:19:40.375] [DEBUG] debug-file - Start to initialize dependency information.
[2026-07-27T01:19:40.379] [DEBUG] debug-file - Module slekey Collected Dependency: D:\SLE-ID\slekey\oh_modules\.ohpm\@ohos+hypium@1.0.19\oh_modules\@ohos\hypium
[2026-07-27T01:19:40.379] [DEBUG] debug-file - Module slekey's total dependency: 1
[2026-07-27T01:19:40.380] [DEBUG] debug-file - Start to initialize dependency information.
[2026-07-27T01:19:40.382] [DEBUG] debug-file - Module entry Collected Dependency: D:\SLE-ID\slekey\oh_modules\.ohpm\@ohos+hypium@1.0.19\oh_modules\@ohos\hypium
[2026-07-27T01:19:40.382] [DEBUG] debug-file - Module entry's total dependency: 1
[2026-07-27T01:19:40.384] [DEBUG] debug-file - Configuration phase cost:1 s 200 ms 
[2026-07-27T01:19:40.386] [DEBUG] debug-file - Configuration task cost before running: 1 s 211 ms 
[2026-07-27T01:19:40.390] [DEBUG] debug-file - Executing task :entry:default@PreBuild
[2026-07-27T01:19:40.391] [DEBUG] debug-file - Task 'entry:default@PreBuild' cost while wrapping incremental declarations: 1 ms 
[2026-07-27T01:19:40.396] [DEBUG] debug-file - entry:default@PreBuild is not up-to-date, since the task snapshots are different.
[2026-07-27T01:19:40.396] [DEBUG] debug-file - Incremental task entry:default@PreBuild pre-execution cost: 3 ms .
[2026-07-27T01:19:40.476] [DEBUG] debug-file - current product is not Atomic service.
[2026-07-27T01:19:40.477] [DEBUG] debug-file - Use tool [win32: JAVA_HOME, CLASSPATH]
 [
  { JAVA_HOME: 'C:\\Program Files\\Huawei\\DevEco Studio\\jbr' },
  { CLASSPATH: undefined }
]
[2026-07-27T01:19:40.477] [DEBUG] debug-file - Use tool [win32: NODE_HOME]
 [
  {
    NODE_HOME: 'C:\\Program Files\\Huawei\\DevEco Studio\\tools\\node'
  }
]
[2026-07-27T01:19:40.477] [DEBUG] debug-file - entry : default@PreBuild cost memory 14.740280151367188
[2026-07-27T01:19:40.479] [DEBUG] debug-file - runTaskFromQueue task cost before running: 1 s 304 ms 
[2026-07-27T01:19:40.480] [INFO] debug-file - Finished :entry:default@PreBuild... after 89 ms 
[2026-07-27T01:19:40.481] [DEBUG] debug-file - Executing task :entry:default@CreateModuleInfo
[2026-07-27T01:19:40.481] [DEBUG] debug-file - Task 'entry:default@CreateModuleInfo' cost while wrapping incremental declarations: 1 ms 
[2026-07-27T01:19:40.481] [DEBUG] debug-file - entry : default@CreateModuleInfo cost memory 0.04596710205078125
[2026-07-27T01:19:40.481] [DEBUG] debug-file - runTaskFromQueue task cost before running: 1 s 307 ms 
[2026-07-27T01:19:40.482] [INFO] debug-file - Finished :entry:default@CreateModuleInfo... after 1 ms 
[2026-07-27T01:19:40.483] [DEBUG] debug-file - Executing task :entry:default@GenerateMetadata
[2026-07-27T01:19:40.484] [DEBUG] debug-file - Task 'entry:default@GenerateMetadata' cost while wrapping incremental declarations: 1 ms 
[2026-07-27T01:19:40.485] [DEBUG] debug-file - Incremental task entry:default@GenerateMetadata pre-execution cost: 1 ms .
[2026-07-27T01:19:40.485] [DEBUG] debug-file - entry : default@GenerateMetadata cost memory 0.13323211669921875
[2026-07-27T01:19:40.485] [INFO] debug-file - UP-TO-DATE :entry:default@GenerateMetadata...  
[2026-07-27T01:19:40.486] [DEBUG] debug-file - Executing task :entry:default@ConfigureCmake
[2026-07-27T01:19:40.486] [DEBUG] debug-file - entry : default@ConfigureCmake cost memory 0.014739990234375
[2026-07-27T01:19:40.486] [DEBUG] debug-file - runTaskFromQueue task cost before running: 1 s 311 ms 
[2026-07-27T01:19:40.486] [INFO] debug-file - Finished :entry:default@ConfigureCmake... after 1 ms 
[2026-07-27T01:19:40.487] [DEBUG] debug-file - Executing task :entry:default@MergeProfile
[2026-07-27T01:19:40.487] [DEBUG] debug-file - Task 'entry:default@MergeProfile' cost while wrapping incremental declarations: 1 ms 
[2026-07-27T01:19:40.488] [DEBUG] debug-file - Incremental task entry:default@MergeProfile pre-execution cost: 1 ms .
[2026-07-27T01:19:40.488] [DEBUG] debug-file - entry : default@MergeProfile cost memory 0.37822723388671875
[2026-07-27T01:19:40.488] [INFO] debug-file - UP-TO-DATE :entry:default@MergeProfile...  
[2026-07-27T01:19:40.489] [DEBUG] debug-file - Executing task :entry:default@CreateBuildProfile
[2026-07-27T01:19:40.489] [DEBUG] debug-file - Task 'entry:default@CreateBuildProfile' cost while wrapping incremental declarations: 1 ms 
[2026-07-27T01:19:40.490] [DEBUG] debug-file - Incremental task entry:default@CreateBuildProfile pre-execution cost: 1 ms .
[2026-07-27T01:19:40.490] [DEBUG] debug-file - entry : default@CreateBuildProfile cost memory 0.11175537109375
[2026-07-27T01:19:40.490] [INFO] debug-file - UP-TO-DATE :entry:default@CreateBuildProfile...  
[2026-07-27T01:19:40.491] [DEBUG] debug-file - Executing task :entry:default@PreCheckSyscap
[2026-07-27T01:19:40.491] [DEBUG] debug-file - entry : default@PreCheckSyscap cost memory 0.01708984375
[2026-07-27T01:19:40.491] [DEBUG] debug-file - runTaskFromQueue task cost before running: 1 s 316 ms 
[2026-07-27T01:19:40.491] [INFO] debug-file - Finished :entry:default@PreCheckSyscap... after 1 ms 
[2026-07-27T01:19:40.492] [DEBUG] debug-file - Executing task :entry:default@GeneratePkgContextInfo
[2026-07-27T01:19:40.498] [DEBUG] debug-file - Task 'entry:default@GeneratePkgContextInfo' cost while wrapping incremental declarations: 1 ms 
[2026-07-27T01:19:40.499] [DEBUG] debug-file - Incremental task entry:default@GeneratePkgContextInfo pre-execution cost: 1 ms .
[2026-07-27T01:19:40.499] [DEBUG] debug-file - entry : default@GeneratePkgContextInfo cost memory 0.517486572265625
[2026-07-27T01:19:40.499] [INFO] debug-file - UP-TO-DATE :entry:default@GeneratePkgContextInfo...  
[2026-07-27T01:19:40.500] [DEBUG] debug-file - Executing task :entry:default@GeneratePkgSdkInfo
[2026-07-27T01:19:40.501] [DEBUG] debug-file - Dependency key: @ohos/hypium already exists, current dependency listed in devDependencies will be ignored.
[2026-07-27T01:19:40.501] [DEBUG] debug-file - Task 'entry:default@GeneratePkgSdkInfo' cost while wrapping incremental declarations: 1 ms 
[2026-07-27T01:19:40.502] [DEBUG] debug-file - entry : default@GeneratePkgSdkInfo cost memory -0.24311065673828125
[2026-07-27T01:19:40.502] [DEBUG] debug-file - runTaskFromQueue task cost before running: 1 s 327 ms 
[2026-07-27T01:19:40.502] [INFO] debug-file - Finished :entry:default@GeneratePkgSdkInfo... after 2 ms 
[2026-07-27T01:19:40.504] [DEBUG] debug-file - Executing task :entry:default@ProcessIntegratedHsp
[2026-07-27T01:19:40.504] [DEBUG] debug-file - entry:default@ProcessIntegratedHsp is not up-to-date, since the output file 'D:\SLE-ID\slekey\build\cache\default\integrated_hsp\integratedHspCache.json' does not exist.
[2026-07-27T01:19:40.504] [DEBUG] debug-file - Incremental task entry:default@ProcessIntegratedHsp pre-execution cost: 1 ms .
[2026-07-27T01:19:40.504] [DEBUG] debug-file - entry : default@ProcessIntegratedHsp cost memory 0.0524749755859375
[2026-07-27T01:19:40.504] [DEBUG] debug-file - runTaskFromQueue task cost before running: 1 s 329 ms 
[2026-07-27T01:19:40.504] [INFO] debug-file - Finished :entry:default@ProcessIntegratedHsp... after 1 ms 
[2026-07-27T01:19:40.505] [DEBUG] debug-file - Executing task :entry:default@BuildNativeWithCmake
[2026-07-27T01:19:40.505] [DEBUG] debug-file - entry : default@BuildNativeWithCmake cost memory 0.0149688720703125
[2026-07-27T01:19:40.506] [DEBUG] debug-file - runTaskFromQueue task cost before running: 1 s 331 ms 
[2026-07-27T01:19:40.506] [INFO] debug-file - Finished :entry:default@BuildNativeWithCmake... after 1 ms 
[2026-07-27T01:19:40.506] [DEBUG] debug-file - Executing task :entry:default@MakePackInfo
[2026-07-27T01:19:40.507] [DEBUG] debug-file - Incremental task entry:default@MakePackInfo pre-execution cost: 1 ms .
[2026-07-27T01:19:40.508] [DEBUG] debug-file - entry : default@MakePackInfo cost memory 0.13843536376953125
[2026-07-27T01:19:40.508] [INFO] debug-file - UP-TO-DATE :entry:default@MakePackInfo...  
[2026-07-27T01:19:40.508] [DEBUG] debug-file - Executing task :entry:default@SyscapTransform
[2026-07-27T01:19:40.508] [DEBUG] debug-file - File: 'D:\SLE-ID\slekey\entry\src\main\syscap.json' from 'sysCapJsonPath' is not exists, just ignore.
[2026-07-27T01:19:40.509] [DEBUG] debug-file - Task 'entry:default@SyscapTransform' cost while wrapping incremental declarations: 1 ms 
[2026-07-27T01:19:40.517] [DEBUG] debug-file - entry:default@SyscapTransform is not up-to-date, since the output file 'D:\SLE-ID\slekey\entry\build\default\intermediates\syscap\default\rpcid.sc' does not exist.
[2026-07-27T01:19:40.517] [DEBUG] debug-file - Incremental task entry:default@SyscapTransform pre-execution cost: 8 ms .
[2026-07-27T01:19:40.517] [DEBUG] debug-file - entry : default@SyscapTransform cost memory 0.149566650390625
[2026-07-27T01:19:40.518] [DEBUG] debug-file - runTaskFromQueue task cost before running: 1 s 343 ms 
[2026-07-27T01:19:40.518] [INFO] debug-file - Finished :entry:default@SyscapTransform... after 10 ms 
[2026-07-27T01:19:40.519] [DEBUG] debug-file - Executing task :entry:default@ProcessProfile
[2026-07-27T01:19:40.520] [DEBUG] debug-file - Task 'entry:default@ProcessProfile' cost while wrapping incremental declarations: 1 ms 
[2026-07-27T01:19:40.521] [DEBUG] debug-file - Incremental task entry:default@ProcessProfile pre-execution cost: 1 ms .
[2026-07-27T01:19:40.521] [DEBUG] debug-file - entry : default@ProcessProfile cost memory 0.1433868408203125
[2026-07-27T01:19:40.521] [INFO] debug-file - UP-TO-DATE :entry:default@ProcessProfile...  
[2026-07-27T01:19:40.522] [DEBUG] debug-file - Executing task :entry:default@ProcessRouterMap
[2026-07-27T01:19:40.523] [DEBUG] debug-file - Incremental task entry:default@ProcessRouterMap pre-execution cost: 1 ms .
[2026-07-27T01:19:40.523] [DEBUG] debug-file - entry : default@ProcessRouterMap cost memory 0.149261474609375
[2026-07-27T01:19:40.523] [INFO] debug-file - UP-TO-DATE :entry:default@ProcessRouterMap...  
[2026-07-27T01:19:40.524] [DEBUG] debug-file - Executing task :entry:default@ProcessShareConfig
[2026-07-27T01:19:40.525] [DEBUG] debug-file - Incremental task entry:default@ProcessShareConfig pre-execution cost: 1 ms .
[2026-07-27T01:19:40.525] [DEBUG] debug-file - entry : default@ProcessShareConfig cost memory 0.13626861572265625
[2026-07-27T01:19:40.526] [INFO] debug-file - UP-TO-DATE :entry:default@ProcessShareConfig...  
[2026-07-27T01:19:40.526] [DEBUG] debug-file - Executing task :entry:default@ProcessStartupConfig
[2026-07-27T01:19:40.526] [DEBUG] debug-file - Task 'entry:default@ProcessStartupConfig' cost while wrapping incremental declarations: 1 ms 
[2026-07-27T01:19:40.527] [DEBUG] debug-file - entry:default@ProcessStartupConfig is not up-to-date, since the output file 'D:\SLE-ID\slekey\entry\build\default\intermediates\startup\default\startup_config.json' does not exist.
[2026-07-27T01:19:40.527] [DEBUG] debug-file - Incremental task entry:default@ProcessStartupConfig pre-execution cost: 1 ms .
[2026-07-27T01:19:40.528] [DEBUG] debug-file - entry : default@ProcessStartupConfig cost memory 0.12665557861328125
[2026-07-27T01:19:40.528] [DEBUG] debug-file - runTaskFromQueue task cost before running: 1 s 353 ms 
[2026-07-27T01:19:40.528] [INFO] debug-file - Finished :entry:default@ProcessStartupConfig... after 2 ms 
[2026-07-27T01:19:40.529] [DEBUG] debug-file - Executing task :entry:default@BuildNativeWithNinja
[2026-07-27T01:19:40.529] [DEBUG] debug-file - entry : default@BuildNativeWithNinja cost memory 0.0207061767578125
[2026-07-27T01:19:40.529] [DEBUG] debug-file - runTaskFromQueue task cost before running: 1 s 354 ms 
[2026-07-27T01:19:40.529] [INFO] debug-file - Finished :entry:default@BuildNativeWithNinja... after 1 ms 
[2026-07-27T01:19:40.530] [DEBUG] debug-file - restool module names: entry; moduleName=entry, taskName=default@ProcessResource
[2026-07-27T01:19:40.532] [DEBUG] debug-file - Executing task :entry:default@ProcessResource
[2026-07-27T01:19:40.532] [DEBUG] debug-file - Task 'entry:default@ProcessResource' cost while wrapping incremental declarations: 1 ms 
[2026-07-27T01:19:40.533] [DEBUG] debug-file - Incremental task entry:default@ProcessResource pre-execution cost: 1 ms .
[2026-07-27T01:19:40.533] [DEBUG] debug-file - entry : default@ProcessResource cost memory 0.13098907470703125
[2026-07-27T01:19:40.533] [INFO] debug-file - UP-TO-DATE :entry:default@ProcessResource...  
[2026-07-27T01:19:40.535] [DEBUG] debug-file - Executing task :entry:default@GenerateLoaderJson
[2026-07-27T01:19:40.536] [DEBUG] debug-file - Task 'entry:default@GenerateLoaderJson' cost while wrapping incremental declarations: 1 ms 
[2026-07-27T01:19:40.540] [DEBUG] debug-file - Incremental task entry:default@GenerateLoaderJson pre-execution cost: 3 ms .
[2026-07-27T01:19:40.541] [DEBUG] debug-file - entry : default@GenerateLoaderJson cost memory 0.5066680908203125
[2026-07-27T01:19:40.542] [INFO] debug-file - UP-TO-DATE :entry:default@GenerateLoaderJson...  
[2026-07-27T01:19:40.543] [DEBUG] debug-file - Executing task :entry:default@ProcessLibs
[2026-07-27T01:19:40.545] [DEBUG] debug-file - Incremental task entry:default@ProcessLibs pre-execution cost: 1 ms .
[2026-07-27T01:19:40.545] [DEBUG] debug-file - entry : default@ProcessLibs cost memory 0.193023681640625
[2026-07-27T01:19:40.545] [INFO] debug-file - UP-TO-DATE :entry:default@ProcessLibs...  
[2026-07-27T01:19:40.546] [DEBUG] debug-file - restool module names: entry; moduleName=entry, taskName=default@CompileResource
[2026-07-27T01:19:40.547] [DEBUG] debug-file - Executing task :entry:default@CompileResource
[2026-07-27T01:19:40.551] [DEBUG] debug-file - Incremental task entry:default@CompileResource pre-execution cost: 4 ms .
[2026-07-27T01:19:40.551] [DEBUG] debug-file - entry : default@CompileResource cost memory 0.48095703125
[2026-07-27T01:19:40.551] [INFO] debug-file - UP-TO-DATE :entry:default@CompileResource...  
[2026-07-27T01:19:40.553] [DEBUG] debug-file - Executing task :entry:default@DoNativeStrip
[2026-07-27T01:19:40.553] [DEBUG] debug-file - File: 'D:\SLE-ID\slekey\entry\build\default\intermediates\binxo\default' from 'doBinxoNativeLibs' is not exists, just ignore.
[2026-07-27T01:19:40.553] [DEBUG] debug-file - Task 'entry:default@DoNativeStrip' cost while wrapping incremental declarations: 1 ms 
[2026-07-27T01:19:40.554] [DEBUG] debug-file - Incremental task entry:default@DoNativeStrip pre-execution cost: 1 ms .
[2026-07-27T01:19:40.554] [DEBUG] debug-file - entry : default@DoNativeStrip cost memory 0.07794952392578125
[2026-07-27T01:19:40.554] [INFO] debug-file - UP-TO-DATE :entry:default@DoNativeStrip...  
[2026-07-27T01:19:40.555] [DEBUG] debug-file - Executing task :entry:default@CompileArkTS
[2026-07-27T01:19:40.556] [DEBUG] debug-file - obfuscationOptions: undefined
[2026-07-27T01:19:40.558] [DEBUG] debug-file - Task 'entry:default@CompileArkTS' cost while wrapping incremental declarations: 1 ms 
[2026-07-27T01:19:40.563] [DEBUG] debug-file - entry:default@CompileArkTS is not up-to-date, since the input file 'D:\SLE-ID\slekey\entry\src\main\ets' has been changed.
[2026-07-27T01:19:40.563] [DEBUG] debug-file - Incremental task entry:default@CompileArkTS pre-execution cost: 4 ms .
[2026-07-27T01:19:40.571] [DEBUG] debug-file - build config:
[2026-07-27T01:19:40.572] [DEBUG] debug-file - {
  moduleType: 'entry',
  perf: 0,
  targetName: '.default',
  packageManagerType: 'ohpm',
  localPropertiesPath: 'D:\\SLE-ID\\slekey\\local.properties',
  isPreview: false,
  isOhosTest: false,
  isLocalTest: false,
  buildMode: 'Debug',
  hotReloadBuild: undefined,
  watchMode: 'false',
  aceProfilePath: 'D:\\SLE-ID\\slekey\\entry\\build\\default\\intermediates\\res\\default\\resources\\base\\profile',
  etsLoaderPath: 'C:\\Program Files\\Huawei\\DevEco Studio\\sdk\\default\\openharmony\\ets\\build-tools\\ets-loader',
  modulePath: 'D:\\SLE-ID\\slekey\\entry',
  testFrameworkPar: {
    testMode: undefined,
    coveragePathFilter: undefined,
    coverageMode: undefined
  },
  needCoverageInsert: false,
  debugLine: false,
  projectTopDir: 'D:\\SLE-ID\\slekey',
  compileSdkVersion: 23,
  compatibleSdkVersion: 12,
  originCompatibleSdkVersion: '5.0.0(12)',
  compatibleSdkVersionStage: 'beta1',
  bundleName: 'c***p',
  etsLoaderVersion: '6.1.0.105',
  etsLoaderReleaseType: 'Release',
  aotCompileMode: 'type',
  apPath: 'D:\\SLE-ID\\slekey\\entry\\modules.ap',
  entryModuleName: 'entry',
  entryModuleVersion: '1.0.0',
  entryPackageName: 'entry',
  allModuleNameHash: 'f50575914c85e3183d91a020539fc5ec331fa18837794d3ea3a2aada5c34fdd7',
  externalApiPaths: [
    'C:\\Program Files\\Huawei\\DevEco Studio\\sdk\\default\\hms\\ets'
  ],
  compilerTypes: [],
  isCrossplatform: false,
  hvigorPluginFile: undefined,
  compilePluginPath: undefined,
  buildGeneratedProfilePath: 'D:\\SLE-ID\\slekey\\entry\\build\\default\\generated\\profile\\default',
  bundleType: 'app',
  arkTSVersion: '1.0',
  apiVersion: 23,
  needCompleteSourcesMap: false,
  isFaMode: false,
  buildDir: 'D:\\SLE-ID\\slekey\\entry\\build',
  deviceTypes: [ 'phone', 'tablet' ],
  pkgContextInfo: {
    '@ohos/hypium': {
      packageName: '@ohos/hypium',
      bundleName: '*****',
      moduleName: '',
      version: '1.0.19',
      entryPath: 'index.js',
      isSO: false,
      dependencyAlias: ''
    },
    entry: {
      packageName: 'entry',
      bundleName: '*****',
      moduleName: '',
      version: '',
      entryPath: 'src/main/',
      isSO: false,
      dependencyAlias: ''
    }
  },
  ohPackagePathMap: {},
  dependencyAliasMap: {},
  permission: { requestPermissions: [], definePermissions: undefined },
  useGetCurrentBundleName: false,
  projectArkOption: undefined,
  sourceMapDir: undefined,
  branchElimination: false,
  transformLib: undefined,
  tsImportSendable: false,
  resolveConflictMode: true,
  depName2RootPath: {},
  depName2DepInfo: {},
  depName2OhExports: {},
  rootPathSet: [ 'D:\\SLE-ID\\slekey' ],
  useNativeResolver: true,
  shouldEmitJs: true,
  useTscResolve: false,
  singleFileEmit: false,
  userProjectConfig: {
    autoLazyImport: false,
    allowEmptyBundleName: false,
    reExportCheckMode: 'noCheck',
    executionMode: 'memory',
    usePathPlaceholder: false,
    writeRollupCache: true,
    isExpandImportEnabled: false,
    expandImportExclude: '',
    lazyImportExclude: '',
    lazyImportInclude: '',
    ignoreCrossplatformCheck: false,
    isHarDeduplicateEnabled: false,
    skipOhModulesLint: false,
    enableStrictCheckOHModule: false,
    disableSendableCheckRules: [],
    useDeclarationFileSignature: false,
    customizedOptions: undefined,
    integratedHsp: false,
    isPreloadSoEnabled: false
  },
  executionMode: 'memory',
  arkCompileCachePath: 'D:\\SLE-ID\\slekey\\entry\\build\\default\\cache\\default\\default@CompileArkTS\\esmodule',
  autoLazyFilter: undefined,
  isHarDeduplicateEnabled: false,
  intermediateHarDuplicateDirPath: 'D:\\SLE-ID\\slekey\\entry\\build\\default\\intermediates\\har_duplicate\\default',
  autoLazyImport: false,
  allowEmptyBundleName: false,
  reExportCheckMode: 'noCheck',
  usePathPlaceholder: false,
  writeRollupCache: true,
  isExpandImportEnabled: false,
  expandImportExclude: '',
  lazyImportExclude: '',
  lazyImportInclude: '',
  ignoreCrossplatformCheck: false,
  skipOhModulesLint: false,
  enableStrictCheckOHModule: false,
  disableSendableCheckRules: [],
  useDeclarationFileSignature: false,
  customizedOptions: undefined,
  integratedHsp: false,
  isPreloadSoEnabled: false,
  strictMode: {
    caseSensitiveCheck: true,
    useNormalizedOHMUrl: true,
    noExternalImportByPath: true
  },
  useNormalizedOHMUrl: true,
  caseSensitiveCheck: true,
  aceModuleJsonPath: 'D:\\SLE-ID\\slekey\\entry\\build\\default\\intermediates\\res\\default\\ark_module.json',
  appResource: 'D:\\SLE-ID\\slekey\\entry\\build\\default\\intermediates\\res\\default\\ResourceTable.txt',
  rawFileResource: 'D:\\SLE-ID\\slekey\\entry\\build\\default\\intermediates\\res\\default\\resources\\rawfile',
  resourceTableHash: '8d499eae98a35ebfd449f640cb0204dc46fbfe126b8cecf18b5dae055c1b4570',
  runtimeOS: 'HarmonyOS',
  sdkInfo: 'false:23:6.1.0.105:Release',
  aceModuleRoot: 'D:\\SLE-ID\\slekey\\entry\\src\\main\\ets',
  compileMode: 'esmodule',
  aceSuperVisualPath: 'D:\\SLE-ID\\slekey\\entry\\src\\main\\supervisual',
  aceBuildJson: 'D:\\SLE-ID\\slekey\\entry\\build\\default\\intermediates\\loader\\default\\loader.json',
  cachePath: 'D:\\SLE-ID\\slekey\\entry\\build\\default\\cache\\default\\default@CompileArkTS\\esmodule\\debug',
  aceModuleBuild: 'D:\\SLE-ID\\slekey\\entry\\build\\default\\intermediates\\loader_out\\default\\ets',
  supportChunks: true,
  declaredFilesPath: undefined,
  shouldCollectDirectImportees: false,
  isByteCodeHarOptimize: false,
  expandImportPath: undefined,
  resourceTableTs: 'D:\\SLE-ID\\slekey\\entry\\build\\default\\generated\\r\\default\\ResourceTable.ts',
  moduleMetaInfoFiles: [
    {
      filePath: 'D:\\SLE-ID\\slekey\\entry\\build\\default\\generated\\r\\default\\ResourceTable.ts',
      ohmurl: '&entry/build/generated/r/ResourceTable&'
    }
  ],
  pkgNameToPkgBriefInfo: {
    '@ohos/hypium': {
      pkgRoot: 'D:\\SLE-ID\\slekey\\oh_modules\\.ohpm\\@ohos+hypium@1.0.19\\oh_modules\\@ohos\\hypium',
      pkgName: '@ohos/hypium',
      sourceRoots: undefined
    },
    entry: {
      pkgRoot: 'D:\\SLE-ID\\slekey\\entry',
      originalSourceRoots: undefined,
      sourceRoots: [Array],
      pkgName: 'entry'
    }
  },
  projectModel: {
    'D:\\SLE-ID\\slekey\\entry\\src\\main': {
      moduleName: 'entry',
      modulePkgPath: 'D:\\SLE-ID\\slekey\\entry',
      belongProjectPath: 'D:\\SLE-ID\\slekey'
    },
    'D:\\SLE-ID\\slekey\\entry': {
      moduleName: 'entry',
      modulePkgPath: 'D:\\SLE-ID\\slekey\\entry',
      belongProjectPath: 'D:\\SLE-ID\\slekey'
    },
    'D:\\SLE-ID\\slekey': {
      moduleName: 'slekey',
      modulePkgPath: 'D:\\SLE-ID\\slekey',
      belongProjectPath: 'D:\\SLE-ID\\slekey'
    }
  },
  pkgJsonFileHash: 'ec6406b50c1f0667f15176d21572c003d2c01d5ebca6edba903080a6bf4e4385',
  allModulePaths: [ 'D:\\SLE-ID\\slekey\\entry' ],
  routerMap: {},
  obfuscationOptions: undefined,
  byteCodeHarToDependencyKeys: undefined,
  compileBlockPkg: [],
  mockParams: {
    decorator: '@MockSetup',
    packageName: '@ohos/hamock',
    etsSourceRootPath: 'src/main/ets',
    mockConfigPath: undefined,
    mockConfigKey2ModuleInfo: {},
    source2ModuleIdMap: {}
  },
  copyCodeResourceEnable: true,
  copyCodeResourceExcludes: [],
  copyCodeResourceIncludes: undefined,
  uiTransformOptimization: false,
  sdkPath: 'C:/Program Files/Huawei/DevEco Studio/sdk',
  needPreloadSoFileSet: {},
  preloadSoFilePath: 'D:\\SLE-ID\\slekey\\entry\\build\\default\\intermediates\\preload\\default\\preload.json',
  useSourceHash: false,
  localModuleParamMap: {},
  otherPaths: {
    'entry/*': [
      '..\\*',
      '..\\..\\..\\build\\default\\generated\\profile\\default\\*'
    ]
  },
  collectImportersConfig: undefined
}
[2026-07-27T01:19:40.572] [DEBUG] debug-file - Compile arkts with external api path: C:\Program Files\Huawei\DevEco Studio\sdk\default\hms\ets
[2026-07-27T01:19:40.573] [DEBUG] debug-file - default@CompileArkTS work[0] is submitted.
[2026-07-27T01:19:40.573] [DEBUG] debug-file - default@CompileArkTS work[0] is pushed to ready queue.
[2026-07-27T01:19:40.573] [DEBUG] debug-file - A work dispatched to worker[23] failed because unable to get work from ready queue.
[2026-07-27T01:19:40.573] [DEBUG] debug-file - A work dispatched to worker[22] failed because unable to get work from ready queue.
[2026-07-27T01:19:40.573] [DEBUG] debug-file - A work dispatched to worker[21] failed because unable to get work from ready queue.
[2026-07-27T01:19:40.573] [DEBUG] debug-file - A work dispatched to worker[20] failed because unable to get work from ready queue.
[2026-07-27T01:19:40.573] [DEBUG] debug-file - A work dispatched to worker[19] failed because unable to get work from ready queue.
[2026-07-27T01:19:40.574] [DEBUG] debug-file - A work dispatched to worker[18] failed because unable to get work from ready queue.
[2026-07-27T01:19:40.574] [DEBUG] debug-file - A work dispatched to worker[17] failed because unable to get work from ready queue.
[2026-07-27T01:19:40.574] [DEBUG] debug-file - A work dispatched to worker[16] failed because unable to get work from ready queue.
[2026-07-27T01:19:40.574] [DEBUG] debug-file - A work dispatched to worker[15] failed because unable to get work from ready queue.
[2026-07-27T01:19:40.574] [DEBUG] debug-file - A work dispatched to worker[14] failed because unable to get work from ready queue.
[2026-07-27T01:19:40.574] [DEBUG] debug-file - A work dispatched to worker[13] failed because unable to get work from ready queue.
[2026-07-27T01:19:40.574] [DEBUG] debug-file - A work dispatched to worker[12] failed because unable to get work from ready queue.
[2026-07-27T01:19:40.574] [DEBUG] debug-file - A work dispatched to worker[11] failed because unable to get work from ready queue.
[2026-07-27T01:19:40.574] [DEBUG] debug-file - A work dispatched to worker[10] failed because unable to get work from ready queue.
[2026-07-27T01:19:40.574] [DEBUG] debug-file - A work dispatched to worker[9] failed because unable to get work from ready queue.
[2026-07-27T01:19:40.574] [DEBUG] debug-file - A work dispatched to worker[8] failed because unable to get work from ready queue.
[2026-07-27T01:19:40.574] [DEBUG] debug-file - A work dispatched to worker[7] failed because unable to get work from ready queue.
[2026-07-27T01:19:40.574] [DEBUG] debug-file - A work dispatched to worker[6] failed because unable to get work from ready queue.
[2026-07-27T01:19:40.574] [DEBUG] debug-file - A work dispatched to worker[5] failed because unable to get work from ready queue.
[2026-07-27T01:19:40.574] [DEBUG] debug-file - Create  resident worker with id: 4.
[2026-07-27T01:19:40.575] [DEBUG] debug-file - default@CompileArkTS work[0] has been dispatched to worker[4].
[2026-07-27T01:19:40.575] [DEBUG] debug-file - default@CompileArkTS work[0] is dispatched.
[2026-07-27T01:19:40.575] [DEBUG] debug-file - CopyResources startTime: 137679858350000
[2026-07-27T01:19:40.575] [DEBUG] debug-file - default@CompileArkTS work[1] is submitted.
[2026-07-27T01:19:40.575] [DEBUG] debug-file - default@CompileArkTS work[1] is pushed to ready queue.
[2026-07-27T01:19:40.575] [DEBUG] debug-file - A work dispatched to worker[23] failed because unable to get work from ready queue.
[2026-07-27T01:19:40.575] [DEBUG] debug-file - Create  resident worker with id: 22.
[2026-07-27T01:19:40.576] [DEBUG] debug-file - default@CompileArkTS work[1] has been dispatched to worker[22].
[2026-07-27T01:19:40.576] [DEBUG] debug-file - default@CompileArkTS work[1] is dispatched.
[2026-07-27T01:19:40.576] [DEBUG] debug-file - entry : default@CompileArkTS cost memory 1.941253662109375
[2026-07-27T01:19:40.577] [DEBUG] debug-file - Executing task :entry:default@BuildJS
[2026-07-27T01:19:40.577] [DEBUG] debug-file - Task 'entry:default@BuildJS' cost while wrapping incremental declarations: 1 ms 
[2026-07-27T01:19:40.578] [DEBUG] debug-file - entry : default@BuildJS cost memory 0.1184844970703125
[2026-07-27T01:19:40.579] [DEBUG] debug-file - runTaskFromQueue task cost before running: 1 s 404 ms 
[2026-07-27T01:19:40.579] [INFO] debug-file - Finished :entry:default@BuildJS... after 2 ms 
[2026-07-27T01:19:40.579] [DEBUG] debug-file - Executing task :entry:default@CacheNativeLibs
[2026-07-27T01:19:40.580] [DEBUG] debug-file - File: 'D:\SLE-ID\slekey\entry\build\default\intermediates\binxo\default' from 'cacheBinxoNativeLibs' is not exists, just ignore.
[2026-07-27T01:19:40.580] [DEBUG] debug-file - Task 'entry:default@CacheNativeLibs' cost while wrapping incremental declarations: 1 ms 
[2026-07-27T01:19:40.581] [DEBUG] debug-file - Incremental task entry:default@CacheNativeLibs pre-execution cost: 1 ms .
[2026-07-27T01:19:40.581] [DEBUG] debug-file - entry : default@CacheNativeLibs cost memory 0.09197998046875
[2026-07-27T01:19:40.581] [INFO] debug-file - UP-TO-DATE :entry:default@CacheNativeLibs...  
[2026-07-27T01:19:41.071] [DEBUG] debug-file - worker[22] has one work done.
[2026-07-27T01:19:41.071] [DEBUG] debug-file - CopyResources is end, endTime: 137680354454200
[2026-07-27T01:19:41.071] [DEBUG] debug-file - default@CompileArkTS work[1] done.
[2026-07-27T01:19:41.071] [DEBUG] debug-file - A work dispatched to worker[22] failed because unable to get work from ready queue.
[2026-07-27T01:19:45.291] [DEBUG] debug-file - worker[4] has one work done.
[2026-07-27T01:19:45.291] [DEBUG] debug-file - Ark compile task finished.finished time is 137684574277100
[2026-07-27T01:19:45.293] [DEBUG] debug-file - default@CompileArkTS work[0] done.
[2026-07-27T01:19:45.293] [DEBUG] debug-file - A work dispatched to worker[4] failed because unable to get work from ready queue.
[2026-07-27T01:19:45.294] [INFO] debug-file - Finished :entry:default@CompileArkTS... after 3 s 565 ms 
[2026-07-27T01:19:45.294] [DEBUG] debug-file - Executing task :entry:default@GeneratePkgModuleJson
[2026-07-27T01:19:45.294] [DEBUG] debug-file - File: 'D:\SLE-ID\slekey\entry\build\default\intermediates\preload\default\preload.json' from 'preloadSoJsonPath' is not exists, just ignore.
[2026-07-27T01:19:45.295] [DEBUG] debug-file - Error occurs while handling @Input 'shouldDeduplicateHar': The "data" argument must be of type string or an instance of Buffer, TypedArray, or DataView. Received undefined
[2026-07-27T01:19:45.295] [DEBUG] debug-file - Task 'entry:default@GeneratePkgModuleJson' cost while wrapping incremental declarations: 1 ms 
[2026-07-27T01:19:45.295] [DEBUG] debug-file - Incremental task entry:default@GeneratePkgModuleJson pre-execution cost: 1 ms .
[2026-07-27T01:19:45.295] [DEBUG] debug-file - entry : default@GeneratePkgModuleJson cost memory 0.09709930419921875
[2026-07-27T01:19:45.295] [INFO] debug-file - UP-TO-DATE :entry:default@GeneratePkgModuleJson...  
[2026-07-27T01:19:45.296] [DEBUG] debug-file - Executing task :entry:default@ProcessCompiledResources
[2026-07-27T01:19:45.296] [DEBUG] debug-file - File: 'D:\SLE-ID\slekey\entry\build\default\intermediates\preload\default\preload.json' from 'preloadSoJsonPath' is not exists, just ignore.
[2026-07-27T01:19:45.296] [DEBUG] debug-file - Task 'entry:default@ProcessCompiledResources' cost while wrapping incremental declarations: 1 ms 
[2026-07-27T01:19:45.296] [DEBUG] debug-file - entry : default@ProcessCompiledResources cost memory 0.05268096923828125
[2026-07-27T01:19:45.296] [DEBUG] debug-file - runTaskFromQueue task cost before running: 6 s 121 ms 
[2026-07-27T01:19:45.296] [INFO] debug-file - Finished :entry:default@ProcessCompiledResources... after 1 ms 
[2026-07-27T01:19:45.297] [DEBUG] debug-file - Executing task :entry:default@PackageHap
[2026-07-27T01:19:45.300] [DEBUG] debug-file - entry:default@PackageHap is not up-to-date, since the input file 'D:\SLE-ID\slekey\entry\build\default\intermediates\loader_out\default\ets' has been changed.
[2026-07-27T01:19:45.300] [DEBUG] debug-file - Incremental task entry:default@PackageHap pre-execution cost: 2 ms .
[2026-07-27T01:19:45.301] [DEBUG] debug-file - Use tool [C:\Program Files\Huawei\DevEco Studio\sdk\default\openharmony\toolchains\lib\app_packing_tool.jar]
 [
  'java',
  '-Dfile.encoding=GBK',
  '-jar',
  'C:\\Program Files\\Huawei\\DevEco Studio\\sdk\\default\\openharmony\\toolchains\\lib\\app_packing_tool.jar',
  '--mode',
  'hap',
  '--force',
  'true',
  '--lib-path',
  'D:\\SLE-ID\\slekey\\entry\\build\\default\\intermediates\\stripped_native_libs\\default',
  '--json-path',
  'D:\\SLE-ID\\slekey\\entry\\build\\default\\intermediates\\package\\default\\module.json',
  '--resources-path',
  'D:\\SLE-ID\\slekey\\entry\\build\\default\\intermediates\\res\\default\\resources',
  '--index-path',
  'D:\\SLE-ID\\slekey\\entry\\build\\default\\intermediates\\res\\default\\resources.index',
  '--pack-info-path',
  'D:\\SLE-ID\\slekey\\entry\\build\\default\\outputs\\default\\pack.info',
  '--out-path',
  'D:\\SLE-ID\\slekey\\entry\\build\\default\\outputs\\default\\entry-default-unsigned.hap',
  '--ets-path',
  'D:\\SLE-ID\\slekey\\entry\\build\\default\\intermediates\\loader_out\\default\\ets',
  '--pkg-context-path',
  'D:\\SLE-ID\\slekey\\entry\\build\\default\\intermediates\\loader\\default\\pkgContextInfo.json'
]
[2026-07-27T01:19:45.301] [DEBUG] debug-file - default@PackageHap work[2] is submitted.
[2026-07-27T01:19:45.301] [DEBUG] debug-file - default@PackageHap work[2] is pushed to ready queue.
[2026-07-27T01:19:45.301] [DEBUG] debug-file - A work dispatched to worker[23] failed because unable to get work from ready queue.
[2026-07-27T01:19:45.301] [DEBUG] debug-file - default@PackageHap work[2] has been dispatched to worker[22].
[2026-07-27T01:19:45.301] [DEBUG] debug-file - default@PackageHap work[2] is dispatched.
[2026-07-27T01:19:45.303] [DEBUG] debug-file - entry : default@PackageHap cost memory 0.44475555419921875
[2026-07-27T01:19:45.429] [DEBUG] debug-file - current process  memoryUsage: {
  rss: 780664832,
  heapTotal: 80031744,
  heapUsed: 54282232,
  external: 4176555,
  arrayBuffers: 22783
} os memoryUsage :14.05428695678711
[2026-07-27T01:19:45.809] [DEBUG] debug-file - worker[22] has one work done.
[2026-07-27T01:19:45.809] [DEBUG] debug-file - default@PackageHap work[2] done.
[2026-07-27T01:19:45.809] [DEBUG] debug-file - A work dispatched to worker[22] failed because unable to get work from ready queue.
[2026-07-27T01:19:45.810] [INFO] debug-file - Finished :entry:default@PackageHap... after 389 ms 
[2026-07-27T01:19:45.811] [DEBUG] debug-file - Executing task :entry:default@PackingCheck
[2026-07-27T01:19:45.814] [DEBUG] debug-file - entry : default@PackingCheck cost memory 0.5050811767578125
[2026-07-27T01:19:45.814] [DEBUG] debug-file - runTaskFromQueue task cost before running: 6 s 639 ms 
[2026-07-27T01:19:45.814] [INFO] debug-file - Finished :entry:default@PackingCheck... after 4 ms 
[2026-07-27T01:19:45.815] [DEBUG] debug-file - Executing task :entry:default@SignHap
[2026-07-27T01:19:45.816] [DEBUG] debug-file - entry:default@SignHap is not up-to-date, since the input file 'D:\SLE-ID\slekey\entry\build\default\outputs\default\entry-default-unsigned.hap' has been changed.
[2026-07-27T01:19:45.816] [DEBUG] debug-file - Incremental task entry:default@SignHap pre-execution cost: 1 ms .
[2026-07-27T01:19:45.851] [DEBUG] debug-file - java daemon socket received message:{"code":0,"message":"verify profile success"}
[2026-07-27T01:19:45.857] [DEBUG] debug-file - java daemon socket close code:1000 reason:close by user
[2026-07-27T01:19:45.949] [DEBUG] debug-file - java daemon socket received message:{"code":0,"message":"sign app success"}
[2026-07-27T01:19:45.950] [DEBUG] debug-file - entry : default@SignHap cost memory 0.9581146240234375
[2026-07-27T01:19:45.950] [DEBUG] debug-file - runTaskFromQueue task cost before running: 6 s 775 ms 
[2026-07-27T01:19:45.951] [INFO] debug-file - Finished :entry:default@SignHap... after 135 ms 
[2026-07-27T01:19:45.953] [DEBUG] debug-file - Executing task :entry:default@CollectDebugSymbol
[2026-07-27T01:19:45.954] [DEBUG] debug-file - entry : default@CollectDebugSymbol cost memory 0.07509613037109375
[2026-07-27T01:19:45.955] [DEBUG] debug-file - runTaskFromQueue task cost before running: 6 s 780 ms 
[2026-07-27T01:19:45.955] [INFO] debug-file - Finished :entry:default@CollectDebugSymbol... after 2 ms 
[2026-07-27T01:19:45.955] [DEBUG] debug-file - Executing task :entry:assembleHap
[2026-07-27T01:19:45.956] [DEBUG] debug-file - entry : assembleHap cost memory 0.014678955078125
[2026-07-27T01:19:45.956] [DEBUG] debug-file - runTaskFromQueue task cost before running: 6 s 781 ms 
[2026-07-27T01:19:45.956] [INFO] debug-file - Finished :entry:assembleHap... after 1 ms 
[2026-07-27T01:19:45.958] [INFO] debug-file - BUILD SUCCESSFUL in 6 s 783 ms 
[2026-07-27T01:19:45.960] [DEBUG] debug-file - Update task entry:default@PreBuild input file:D:\SLE-ID\slekey\AppScope\app.json5 cache by regenerate.
[2026-07-27T01:19:45.960] [DEBUG] debug-file - Update task entry:default@PreBuild input file:D:\SLE-ID\slekey\entry\src\main\module.json5 cache by regenerate.
[2026-07-27T01:19:45.960] [DEBUG] debug-file - Update task entry:default@PreBuild input file:D:\SLE-ID\slekey\build-profile.json5 cache by regenerate.
[2026-07-27T01:19:45.961] [DEBUG] debug-file - Update task entry:default@PreBuild input file:D:\SLE-ID\slekey\entry\build-profile.json5 cache by regenerate.
[2026-07-27T01:19:45.961] [DEBUG] debug-file - Update task entry:default@PreBuild input file:D:\SLE-ID\slekey\entry\src\main\resources\base\profile\main_pages.json cache by regenerate.
[2026-07-27T01:19:45.961] [DEBUG] debug-file - Update task entry:default@PreBuild input file:D:\SLE-ID\slekey\hvigor\hvigor-config.json5 cache by regenerate.
[2026-07-27T01:19:45.961] [DEBUG] debug-file - Update task entry:default@PreBuild input file:D:\SLE-ID\slekey\entry\oh-package.json5 cache by regenerate.
[2026-07-27T01:19:45.961] [DEBUG] debug-file - Update task entry:default@PreBuild input file:D:\SLE-ID\slekey\oh-package.json5 cache by regenerate.
[2026-07-27T01:19:45.962] [DEBUG] debug-file - Incremental task entry:default@PreBuild post-execution cost:3 ms .
[2026-07-27T01:19:45.962] [DEBUG] debug-file - Update task entry:default@CreateModuleInfo output file:D:\SLE-ID\slekey\entry\build\default\generated\profile\default\ModuleInfo.ts cache.
[2026-07-27T01:19:45.962] [DEBUG] debug-file - Incremental task entry:default@CreateModuleInfo post-execution cost:1 ms .
[2026-07-27T01:19:45.962] [DEBUG] debug-file - There is no need to refresh cache, since the incremental task entry:default@GenerateMetadata is up-to-date.
[2026-07-27T01:19:45.962] [DEBUG] debug-file - There is no need to refresh cache, since the incremental task entry:default@MergeProfile is up-to-date.
[2026-07-27T01:19:45.963] [DEBUG] debug-file - There is no need to refresh cache, since the incremental task entry:default@CreateBuildProfile is up-to-date.
[2026-07-27T01:19:45.963] [DEBUG] debug-file - There is no need to refresh cache, since the incremental task entry:default@GeneratePkgContextInfo is up-to-date.
[2026-07-27T01:19:45.963] [DEBUG] debug-file - Update task entry:default@GeneratePkgSdkInfo output file:D:\SLE-ID\slekey\entry\build\default\intermediates\loader\default\pkgSdkInfo.json cache.
[2026-07-27T01:19:45.963] [DEBUG] debug-file - Incremental task entry:default@GeneratePkgSdkInfo post-execution cost:1 ms .
[2026-07-27T01:19:45.963] [DEBUG] debug-file - Update task entry:default@ProcessIntegratedHsp output file:D:\SLE-ID\slekey\build\cache\default\integrated_hsp\integratedHspCache.json cache.
[2026-07-27T01:19:45.963] [DEBUG] debug-file - Incremental task entry:default@ProcessIntegratedHsp post-execution cost:1 ms .
[2026-07-27T01:19:45.963] [DEBUG] debug-file - There is no need to refresh cache, since the incremental task entry:default@MakePackInfo is up-to-date.
[2026-07-27T01:19:45.963] [DEBUG] debug-file - Update task entry:default@SyscapTransform input file:C:\Program Files\Huawei\DevEco Studio\sdk\default\openharmony\toolchains\syscap_tool.exe cache by regenerate.
[2026-07-27T01:19:45.964] [DEBUG] debug-file - Update task entry:default@SyscapTransform input file:C:\Program Files\Huawei\DevEco Studio\sdk\default\openharmony\ets\api\device-define cache by regenerate.
[2026-07-27T01:19:45.965] [DEBUG] debug-file - Update task entry:default@SyscapTransform output file:D:\SLE-ID\slekey\entry\build\default\intermediates\syscap\default\rpcid.sc cache.
[2026-07-27T01:19:45.965] [DEBUG] debug-file - Incremental task entry:default@SyscapTransform post-execution cost:2 ms .
[2026-07-27T01:19:45.965] [DEBUG] debug-file - There is no need to refresh cache, since the incremental task entry:default@ProcessProfile is up-to-date.
[2026-07-27T01:19:45.965] [DEBUG] debug-file - There is no need to refresh cache, since the incremental task entry:default@ProcessRouterMap is up-to-date.
[2026-07-27T01:19:45.965] [DEBUG] debug-file - There is no need to refresh cache, since the incremental task entry:default@ProcessShareConfig is up-to-date.
[2026-07-27T01:19:45.965] [DEBUG] debug-file - Update task entry:default@ProcessStartupConfig input file:D:\SLE-ID\slekey\entry\build\default\intermediates\loader\default\pkgContextInfo.json cache by regenerate.
[2026-07-27T01:19:45.966] [DEBUG] debug-file - Update task entry:default@ProcessStartupConfig output file:D:\SLE-ID\slekey\entry\build\default\intermediates\startup\default\startup_config.json cache.
[2026-07-27T01:19:45.966] [DEBUG] debug-file - Incremental task entry:default@ProcessStartupConfig post-execution cost:1 ms .
[2026-07-27T01:19:45.966] [DEBUG] debug-file - There is no need to refresh cache, since the incremental task entry:default@ProcessResource is up-to-date.
[2026-07-27T01:19:45.966] [DEBUG] debug-file - There is no need to refresh cache, since the incremental task entry:default@GenerateLoaderJson is up-to-date.
[2026-07-27T01:19:45.966] [DEBUG] debug-file - There is no need to refresh cache, since the incremental task entry:default@ProcessLibs is up-to-date.
[2026-07-27T01:19:45.966] [DEBUG] debug-file - There is no need to refresh cache, since the incremental task entry:default@CompileResource is up-to-date.
[2026-07-27T01:19:45.966] [DEBUG] debug-file - There is no need to refresh cache, since the incremental task entry:default@DoNativeStrip is up-to-date.
[2026-07-27T01:19:45.968] [DEBUG] debug-file - Update task entry:default@CompileArkTS input file:D:\SLE-ID\slekey\entry\build\default\intermediates\loader\default cache by regenerate.
[2026-07-27T01:19:45.968] [DEBUG] debug-file - Update task entry:default@CompileArkTS input file:D:\SLE-ID\slekey\oh_modules\.ohpm\@ohos+hypium@1.0.19\oh_modules\@ohos\hypium\index.js cache by regenerate.
[2026-07-27T01:19:45.968] [DEBUG] debug-file - Update task entry:default@CompileArkTS input file:D:\SLE-ID\slekey\entry\build\default\intermediates\res\default\resources\rawfile cache by regenerate.
[2026-07-27T01:19:45.969] [DEBUG] debug-file - Update task entry:default@CompileArkTS input file:D:\SLE-ID\slekey\entry\build\default\intermediates\res\default\ResourceTable.txt cache by regenerate.
[2026-07-27T01:19:45.969] [DEBUG] debug-file - Update task entry:default@CompileArkTS input file:D:\SLE-ID\slekey\entry\build\default\intermediates\res\default\ark_module.json cache by regenerate.
[2026-07-27T01:19:45.969] [DEBUG] debug-file - Update task entry:default@CompileArkTS input file:D:\SLE-ID\slekey\entry\build\default\intermediates\res\default\resources\base\profile cache by regenerate.
[2026-07-27T01:19:45.970] [DEBUG] debug-file - Update task entry:default@CompileArkTS input file:D:\SLE-ID\slekey\entry\src\main\ets cache from map.
[2026-07-27T01:19:45.970] [DEBUG] debug-file - Update task entry:default@CompileArkTS input file:D:\SLE-ID\slekey\entry\build\default\intermediates\loader\default\pkgContextInfo.json cache by regenerate.
[2026-07-27T01:19:45.970] [DEBUG] debug-file - Update task entry:default@CompileArkTS input file:D:\SLE-ID\slekey\entry\build\default\generated\profile\default\BuildProfile.ets cache by regenerate.
[2026-07-27T01:19:45.970] [DEBUG] debug-file - Update task entry:default@CompileArkTS output file:D:\SLE-ID\slekey\entry\build\default\intermediates\loader_out\default\ets cache.
[2026-07-27T01:19:45.970] [DEBUG] debug-file - Incremental task entry:default@CompileArkTS post-execution cost:5 ms .
[2026-07-27T01:19:45.971] [DEBUG] debug-file - Update task entry:default@BuildJS input file:D:\SLE-ID\slekey\entry\build\default\intermediates\loader\default cache by regenerate.
[2026-07-27T01:19:45.972] [DEBUG] debug-file - Update task entry:default@BuildJS input file:D:\SLE-ID\slekey\oh_modules\.ohpm\@ohos+hypium@1.0.19\oh_modules\@ohos\hypium\index.js cache by regenerate.
[2026-07-27T01:19:45.972] [DEBUG] debug-file - Update task entry:default@BuildJS input file:D:\SLE-ID\slekey\entry\build\default\intermediates\res\default\resources\rawfile cache by regenerate.
[2026-07-27T01:19:45.973] [DEBUG] debug-file - Update task entry:default@BuildJS input file:D:\SLE-ID\slekey\entry\build\default\intermediates\res\default\ResourceTable.txt cache by regenerate.
[2026-07-27T01:19:45.973] [DEBUG] debug-file - Update task entry:default@BuildJS input file:D:\SLE-ID\slekey\entry\build\default\intermediates\res\default\ark_module.json cache by regenerate.
[2026-07-27T01:19:45.973] [DEBUG] debug-file - Update task entry:default@BuildJS input file:D:\SLE-ID\slekey\entry\build\default\intermediates\res\default\resources\base\profile cache by regenerate.
[2026-07-27T01:19:45.973] [DEBUG] debug-file - Update task entry:default@BuildJS input file:D:\SLE-ID\slekey\entry\build\default\intermediates\loader\default\pkgContextInfo.json cache by regenerate.
[2026-07-27T01:19:45.973] [DEBUG] debug-file - Update task entry:default@BuildJS output file:D:\SLE-ID\slekey\entry\build\default\intermediates\loader_out\default\js cache.
[2026-07-27T01:19:45.974] [DEBUG] debug-file - Incremental task entry:default@BuildJS post-execution cost:4 ms .
[2026-07-27T01:19:45.974] [DEBUG] debug-file - There is no need to refresh cache, since the incremental task entry:default@CacheNativeLibs is up-to-date.
[2026-07-27T01:19:45.974] [DEBUG] debug-file - There is no need to refresh cache, since the incremental task entry:default@GeneratePkgModuleJson is up-to-date.
[2026-07-27T01:19:45.974] [DEBUG] debug-file - Incremental task entry:default@ProcessCompiledResources post-execution cost:1 ms .
[2026-07-27T01:19:45.975] [DEBUG] debug-file - Update task entry:default@PackageHap input file:D:\SLE-ID\slekey\entry\build\default\intermediates\stripped_native_libs\default cache by regenerate.
[2026-07-27T01:19:45.975] [DEBUG] debug-file - Update task entry:default@PackageHap input file:D:\SLE-ID\slekey\entry\build\default\intermediates\res\default\module.json cache by regenerate.
[2026-07-27T01:19:45.975] [DEBUG] debug-file - Update task entry:default@PackageHap input file:D:\SLE-ID\slekey\entry\build\default\intermediates\res\default\resources cache by regenerate.
[2026-07-27T01:19:45.976] [DEBUG] debug-file - Update task entry:default@PackageHap input file:D:\SLE-ID\slekey\entry\build\default\intermediates\res\default\resources.index cache by regenerate.
[2026-07-27T01:19:45.977] [DEBUG] debug-file - Update task entry:default@PackageHap input file:D:\SLE-ID\slekey\entry\build\default\outputs\default\pack.info cache by regenerate.
[2026-07-27T01:19:45.977] [DEBUG] debug-file - Update task entry:default@PackageHap input file:D:\SLE-ID\slekey\entry\build\default\intermediates\loader_out\default\ets cache from map.
[2026-07-27T01:19:45.977] [DEBUG] debug-file - Update task entry:default@PackageHap input file:D:\SLE-ID\slekey\entry\build\default\intermediates\loader\default\pkgContextInfo.json cache by regenerate.
[2026-07-27T01:19:45.977] [DEBUG] debug-file - Update task entry:default@PackageHap input file:D:\SLE-ID\slekey\entry\build\default\intermediates\loader_out\default\ets\sourceMaps.map cache by regenerate.
[2026-07-27T01:19:45.977] [DEBUG] debug-file - Update task entry:default@PackageHap input file:D:\SLE-ID\slekey\entry\build\default\generated\profile\default\BuildProfile.ets cache by regenerate.
[2026-07-27T01:19:45.978] [DEBUG] debug-file - Update task entry:default@PackageHap output file:D:\SLE-ID\slekey\entry\build\default\outputs\default\entry-default-unsigned.hap cache.
[2026-07-27T01:19:45.978] [DEBUG] debug-file - Update task entry:default@PackageHap output file:D:\SLE-ID\slekey\entry\build\default\intermediates\source_map\default\sourceMaps.map cache.
[2026-07-27T01:19:45.978] [DEBUG] debug-file - Update task entry:default@PackageHap output file:D:\SLE-ID\slekey\entry\build\default\outputs\default\mapping\sourceMaps.map cache.
[2026-07-27T01:19:45.978] [DEBUG] debug-file - Incremental task entry:default@PackageHap post-execution cost:5 ms .
[2026-07-27T01:19:45.978] [DEBUG] debug-file - Update task entry:default@SignHap input file:C:\Users\32569\.ohos\config\default_slekey_UdSWNgKqYUi41KW_P95ww1Ca7HcZmrBKmrk2w4ao7DE=.cer cache by regenerate.
[2026-07-27T01:19:45.978] [DEBUG] debug-file - Update task entry:default@SignHap input file:C:\Users\32569\.ohos\config\default_slekey_UdSWNgKqYUi41KW_P95ww1Ca7HcZmrBKmrk2w4ao7DE=.p7b cache by regenerate.
[2026-07-27T01:19:45.979] [DEBUG] debug-file - Update task entry:default@SignHap input file:C:\Users\32569\.ohos\config\default_slekey_UdSWNgKqYUi41KW_P95ww1Ca7HcZmrBKmrk2w4ao7DE=.p12 cache by regenerate.
[2026-07-27T01:19:45.979] [DEBUG] debug-file - Update task entry:default@SignHap input file:D:\SLE-ID\slekey\entry\build\default\outputs\default\entry-default-unsigned.hap cache from map.
[2026-07-27T01:19:45.979] [DEBUG] debug-file - Update task entry:default@SignHap output file:D:\SLE-ID\slekey\entry\build\default\outputs\default\entry-default-signed.hap cache.
[2026-07-27T01:19:45.979] [DEBUG] debug-file - Incremental task entry:default@SignHap post-execution cost:1 ms .
[2026-07-27T01:19:45.979] [DEBUG] debug-file - Update task entry:default@CollectDebugSymbol input file:D:\SLE-ID\slekey\entry\build\default\intermediates\loader_out\default\ets\sourceMaps.map cache by regenerate.
[2026-07-27T01:19:45.979] [DEBUG] debug-file - Update task entry:default@CollectDebugSymbol input file:D:\SLE-ID\slekey\entry\build\default\intermediates\libs\default cache by regenerate.
[2026-07-27T01:19:45.979] [DEBUG] debug-file - Update task entry:default@CollectDebugSymbol output file:D:\SLE-ID\slekey\entry\build\default\outputs\default\symbol cache.
[2026-07-27T01:19:45.979] [DEBUG] debug-file - Incremental task entry:default@CollectDebugSymbol post-execution cost:1 ms .
[2026-07-27T01:19:45.995] [DEBUG] debug-file - Cleanup worker 0.
[2026-07-27T01:19:45.995] [DEBUG] debug-file - Worker 0 has been cleaned up.
[2026-07-27T01:19:45.996] [DEBUG] debug-file - Current idle worker size: 3.
[2026-07-27T01:19:45.996] [DEBUG] debug-file - Current resident worker size: 4.
[2026-07-27T01:19:45.996] [DEBUG] debug-file - Cleanup worker 1.
[2026-07-27T01:19:45.996] [DEBUG] debug-file - Worker 1 has been cleaned up.
[2026-07-27T01:19:45.996] [DEBUG] debug-file - Current idle worker size: 2.
[2026-07-27T01:19:45.999] [DEBUG] debug-file - session manager: send message to worker process.
[2026-07-27T01:19:45.999] [DEBUG] debug-file - session manager: send message to worker process.
[2026-07-27T01:19:45.996] [DEBUG] debug-file - Current resident worker size: 4.
[2026-07-27T01:19:45.996] [DEBUG] debug-file - Cleanup worker 22.
[2026-07-27T01:19:45.996] [DEBUG] debug-file - Worker 22 has been cleaned up.
[2026-07-27T01:19:45.996] [DEBUG] debug-file - Current idle worker size: 1.
[2026-07-27T01:19:45.996] [DEBUG] debug-file - Current resident worker size: 4.
[2026-07-27T01:19:45.996] [DEBUG] debug-file - hvigor build process will be closed.
[2026-07-27T01:19:45.997] [DEBUG] debug-file - java daemon socket close code:1000 reason:close by user
[2026-07-27T01:19:45.999] [DEBUG] debug-file - worker[1] exits with exit code 1.
[2026-07-27T01:19:45.999] [DEBUG] debug-file - worker[0] exits with exit code 1.
[2026-07-27T01:19:45.999] [DEBUG] debug-file - watch worker: worker id should be larger than 0. Nothing will be sent to any worker thread.
[2026-07-27T01:19:46.000] [DEBUG] debug-file - watch worker: worker id should be larger than 0. Nothing will be sent to any worker thread.
[2026-07-27T01:19:46.002] [DEBUG] debug-file - worker[22] exits with exit code 1.
[2026-07-27T01:20:13.252] [DEBUG] debug-file - env: nodejsVersion=v18.20.1
[2026-07-27T01:20:13.328] [DEBUG] debug-file - env: daemon=true
[2026-07-27T01:20:13.253] [DEBUG] debug-file - env: hvigor-config.json5 content = {
  modelVersion: '5.0.0',
  dependencies: {},
  execution: {},
  logging: {},
  debugging: {},
  nodeOptions: {}
}
[2026-07-27T01:20:13.908] [DEBUG] debug-file - hvigor java daemon: Starting java daemon. jvmXmxValue=512m, jarPath=C:\Program Files\Huawei\DevEco Studio\tools\hvigor\hvigor\lib\hvigor-java-daemon.jar
[2026-07-27T01:20:13.909] [DEBUG] debug-file - hvigor java daemon: Read cache file, 
    port=45050, pid=15400, sessionId exists=true
[2026-07-27T01:20:13.932] [DEBUG] debug-file - hvigor java daemon: tryConnect success
[2026-07-27T01:20:13.956] [DEBUG] debug-file - session manager: set active socket. socketId=bzf0Mppz4qrvTVu_AAAB
[2026-07-27T01:20:14.495] [DEBUG] debug-file - watch worker: worker id should be larger than 0. Nothing will be sent to any worker thread.
[2026-07-27T01:20:14.498] [DEBUG] debug-file - Since there is no instance or instance is terminated, create a new worker pool.
[2026-07-27T01:20:14.498] [DEBUG] debug-file - Worker pool is initialized with config:  {
  minPoolNum: 2,
  maxPoolNum: undefined,
  maxCoreSize: undefined,
  cacheCapacity: undefined,
  cacheTtl: undefined
}
[2026-07-27T01:20:14.499] [DEBUG] debug-file - Create  resident worker with id: 0.
[2026-07-27T01:20:14.501] [DEBUG] debug-file - Create  resident worker with id: 1.
[2026-07-27T01:20:14.502] [DEBUG] debug-file - Workers' log level updated to INFO
[2026-07-27T01:20:14.509] [DEBUG] debug-file - Hvigor init with startParameters:{
  hvigorfileTypeCheck: false,
  parallelExecution: true,
  incrementalExecution: true,
  printStackTrace: false,
  daemon: true,
  analyze: 0,
  logLevel: Level { level: 20000, levelStr: 'INFO', colour: 'green' },
  optimizationStrategy: 'memory',
  hotCompile: undefined,
  hotReloadBuild: undefined,
  customizedParam: undefined
}
[2026-07-27T01:20:14.513] [DEBUG] debug-file - Cache service initialization finished in 4 ms 
[2026-07-27T01:20:14.514] [DEBUG] debug-file - hvigorfile, resolving D:\SLE-ID\slekey\hvigorfile.ts
[2026-07-27T01:20:15.830] [DEBUG] debug-file - hvigorfile, require result:  { default: { plugins: [] } }
[2026-07-27T01:20:15.830] [DEBUG] debug-file - hvigorfile, binding system plugins null
[2026-07-27T01:20:15.831] [DEBUG] debug-file - Starting plugin build process
[2026-07-27T01:20:15.831] [DEBUG] debug-file - App plugin prepare start...
[2026-07-27T01:20:15.831] [DEBUG] debug-file - App plugin prepare end...
[2026-07-27T01:20:15.831] [DEBUG] debug-file - App plugin creating...
[2026-07-27T01:20:15.992] [DEBUG] debug-file - App plugin register hook start...
[2026-07-27T01:20:15.993] [DEBUG] debug-file - App plugin register hook end...
[2026-07-27T01:20:15.993] [DEBUG] debug-file - Plugin build process completed
[2026-07-27T01:20:15.994] [DEBUG] debug-file - Start initialize project's product build option map with build mode debug.
[2026-07-27T01:20:15.994] [DEBUG] debug-file - Picking option from product 'default' with build mode 'debug'.
[2026-07-27T01:20:15.995] [DEBUG] debug-file - Product 'default' build option initialized
[2026-07-27T01:20:15.995] [DEBUG] debug-file - End initialize project's product build option map with build mode 'debug'.
[2026-07-27T01:20:15.996] [DEBUG] debug-file - Obtain build option for product 'default'in this build.
[2026-07-27T01:20:15.998] [DEBUG] debug-file - D:\SLE-ID\slekey\build\cache\default\remote_hsp\remoteHspCache.json not exists.
[2026-07-27T01:20:15.999] [DEBUG] debug-file - Local scan or download HarmonyOS sdk components toolchains,ets,js,native,previewer
[2026-07-27T01:20:16.002] [DEBUG] debug-file - Local scan or download hmscore sdk components toolchains,ets,native
[2026-07-27T01:20:16.004] [DEBUG] debug-file - Start recording SDK configuration permission data.
[2026-07-27T01:20:16.034] [DEBUG] debug-file - Sdk init in 36 ms 
[2026-07-27T01:20:16.041] [DEBUG] debug-file - Project task initialization takes 6 ms 
[2026-07-27T01:20:16.041] [DEBUG] debug-file - hvigorfile, begin to bind custom plugins...
[2026-07-27T01:20:16.041] [DEBUG] debug-file - hvigorfile, no custom plugins were found in D:\SLE-ID\slekey\hvigorfile.ts
[2026-07-27T01:20:16.041] [DEBUG] debug-file - hvigorfile, resolve finished D:\SLE-ID\slekey\hvigorfile.ts
[2026-07-27T01:20:16.042] [DEBUG] debug-file - hvigorfile, resolving D:\SLE-ID\slekey\entry\hvigorfile.ts
[2026-07-27T01:20:16.046] [DEBUG] debug-file - hvigorfile, require result:  { default: { plugins: [] } }
[2026-07-27T01:20:16.047] [DEBUG] debug-file - hvigorfile, binding system plugins null
[2026-07-27T01:20:16.047] [DEBUG] debug-file - Starting plugin build process
[2026-07-27T01:20:16.047] [DEBUG] debug-file - Hap plugin creating...
[2026-07-27T01:20:16.048] [DEBUG] debug-file - failed to load cangjie to dynamically generate schemas: Error: Cannot find module '@ohos/cangjie-build-support/index'
Require stack:
- C:\Program Files\Huawei\DevEco Studio\tools\hvigor\hvigor-ohos-plugin\src\plugin\hooks\cangjie-register.js
- C:\Program Files\Huawei\DevEco Studio\tools\hvigor\hvigor-ohos-plugin\src\plugin\strategy\stage-init-strategy.js
- C:\Program Files\Huawei\DevEco Studio\tools\hvigor\hvigor-ohos-plugin\src\plugin\builder\abstract-plugin-builder.js
- C:\Program Files\Huawei\DevEco Studio\tools\hvigor\hvigor-ohos-plugin\src\plugin\builder\app-plugin-builder.js
- C:\Program Files\Huawei\DevEco Studio\tools\hvigor\hvigor-ohos-plugin\src\plugin\factory\plugin-factory.js
- C:\Program Files\Huawei\DevEco Studio\tools\hvigor\hvigor-ohos-plugin\index.js
- D:\SLE-ID\slekey\hvigorfile.ts
- C:\Program Files\Huawei\DevEco Studio\tools\hvigor\hvigor\src\base\internal\lifecycle\configuration.js
- C:\Program Files\Huawei\DevEco Studio\tools\hvigor\hvigor\src\base\boot\index.js
- C:\Program Files\Huawei\DevEco Studio\tools\hvigor\hvigor\src\base\daemon\cluster\worker-process-lifecycle.js
- C:\Program Files\Huawei\DevEco Studio\tools\hvigor\hvigor\src\base\daemon\process\daemon-process-boot-script.js
[2026-07-27T01:20:16.059] [DEBUG] debug-file - Start initialize module-target build option map, moduleName=entry, buildMode=debug
[2026-07-27T01:20:16.060] [DEBUG] debug-file - Target 'default' config initialized
[2026-07-27T01:20:16.060] [DEBUG] debug-file - Module 'entry' target 'default' build option initialized
[2026-07-27T01:20:16.060] [DEBUG] debug-file - End initialize module-target build option map, moduleName=entry
[2026-07-27T01:20:16.061] [DEBUG] debug-file - Start initialize module-target build option map, moduleName=entry, buildMode=release
[2026-07-27T01:20:16.061] [DEBUG] debug-file - Target 'default' config initialized
[2026-07-27T01:20:16.061] [DEBUG] debug-file - Module 'entry' target 'default' build option initialized
[2026-07-27T01:20:16.061] [DEBUG] debug-file - End initialize module-target build option map, moduleName=entry
[2026-07-27T01:20:16.061] [DEBUG] debug-file - Start initialize module-target build option map, moduleName=entry, buildMode=debug
[2026-07-27T01:20:16.061] [DEBUG] debug-file - Target 'default' config initialized
[2026-07-27T01:20:16.061] [DEBUG] debug-file - Module 'entry' target 'default' build option initialized
[2026-07-27T01:20:16.061] [DEBUG] debug-file - End initialize module-target build option map, moduleName=entry
[2026-07-27T01:20:16.062] [DEBUG] debug-file - Obtain build option for module 'entry' target 'default'in this build.
[2026-07-27T01:20:16.067] [DEBUG] debug-file - Module entry task initialization takes 4 ms 
[2026-07-27T01:20:16.067] [DEBUG] debug-file - Hap plugin register hook start...
[2026-07-27T01:20:16.067] [DEBUG] debug-file - Hap plugin register hook end...
[2026-07-27T01:20:16.067] [DEBUG] debug-file - Plugin build process completed
[2026-07-27T01:20:16.067] [DEBUG] debug-file - hvigorfile, begin to bind custom plugins...
[2026-07-27T01:20:16.067] [DEBUG] debug-file - hvigorfile, no custom plugins were found in D:\SLE-ID\slekey\entry\hvigorfile.ts
[2026-07-27T01:20:16.067] [DEBUG] debug-file - hvigorfile, resolve finished D:\SLE-ID\slekey\entry\hvigorfile.ts
[2026-07-27T01:20:16.126] [DEBUG] debug-file - hvigorfile, resolve hvigorfile dependencies in 59 ms 
[2026-07-27T01:20:16.126] [DEBUG] debug-file - project has submodules:entry
[2026-07-27T01:20:16.128] [DEBUG] debug-file - start to load updatedOhPackageInfo to the disk
[2026-07-27T01:20:16.129] [DEBUG] debug-file - load to the disk finished
[2026-07-27T01:20:16.130] [DEBUG] debug-file - Start to initialize dependency information.
[2026-07-27T01:20:16.134] [DEBUG] debug-file - Module slekey Collected Dependency: D:\SLE-ID\slekey\oh_modules\.ohpm\@ohos+hypium@1.0.19\oh_modules\@ohos\hypium
[2026-07-27T01:20:16.135] [DEBUG] debug-file - Module slekey's total dependency: 1
[2026-07-27T01:20:16.135] [DEBUG] debug-file - Start to initialize dependency information.
[2026-07-27T01:20:16.137] [DEBUG] debug-file - Module entry Collected Dependency: D:\SLE-ID\slekey\oh_modules\.ohpm\@ohos+hypium@1.0.19\oh_modules\@ohos\hypium
[2026-07-27T01:20:16.137] [DEBUG] debug-file - Module entry's total dependency: 1
[2026-07-27T01:20:16.140] [DEBUG] debug-file - Configuration phase cost:1 s 627 ms 
[2026-07-27T01:20:16.142] [DEBUG] debug-file - Configuration task cost before running: 1 s 640 ms 
[2026-07-27T01:20:16.147] [DEBUG] debug-file - Executing task :entry:default@PreBuild
[2026-07-27T01:20:16.149] [DEBUG] debug-file - Task 'entry:default@PreBuild' cost while wrapping incremental declarations: 1 ms 
[2026-07-27T01:20:16.155] [DEBUG] debug-file - entry:default@PreBuild is not up-to-date, since the task snapshots are different.
[2026-07-27T01:20:16.155] [DEBUG] debug-file - Incremental task entry:default@PreBuild pre-execution cost: 4 ms .
[2026-07-27T01:20:16.259] [DEBUG] debug-file - current product is not Atomic service.
[2026-07-27T01:20:16.259] [DEBUG] debug-file - Use tool [win32: JAVA_HOME, CLASSPATH]
 [
  { JAVA_HOME: 'C:\\Program Files\\Huawei\\DevEco Studio\\jbr' },
  { CLASSPATH: undefined }
]
[2026-07-27T01:20:16.259] [DEBUG] debug-file - Use tool [win32: NODE_HOME]
 [
  {
    NODE_HOME: 'C:\\Program Files\\Huawei\\DevEco Studio\\tools\\node'
  }
]
[2026-07-27T01:20:16.260] [DEBUG] debug-file - entry : default@PreBuild cost memory 13.6473388671875
[2026-07-27T01:20:16.260] [DEBUG] debug-file - runTaskFromQueue task cost before running: 1 s 757 ms 
[2026-07-27T01:20:16.261] [INFO] debug-file - Finished :entry:default@PreBuild... after 113 ms 
[2026-07-27T01:20:16.262] [DEBUG] debug-file - Executing task :entry:default@CreateModuleInfo
[2026-07-27T01:20:16.262] [DEBUG] debug-file - Task 'entry:default@CreateModuleInfo' cost while wrapping incremental declarations: 1 ms 
[2026-07-27T01:20:16.262] [DEBUG] debug-file - entry : default@CreateModuleInfo cost memory 0.04248809814453125
[2026-07-27T01:20:16.262] [DEBUG] debug-file - runTaskFromQueue task cost before running: 1 s 760 ms 
[2026-07-27T01:20:16.263] [INFO] debug-file - Finished :entry:default@CreateModuleInfo... after 1 ms 
[2026-07-27T01:20:16.265] [DEBUG] debug-file - Executing task :entry:default@GenerateMetadata
[2026-07-27T01:20:16.266] [DEBUG] debug-file - Task 'entry:default@GenerateMetadata' cost while wrapping incremental declarations: 1 ms 
[2026-07-27T01:20:16.267] [DEBUG] debug-file - Incremental task entry:default@GenerateMetadata pre-execution cost: 1 ms .
[2026-07-27T01:20:16.267] [DEBUG] debug-file - entry : default@GenerateMetadata cost memory 0.08798980712890625
[2026-07-27T01:20:16.267] [INFO] debug-file - UP-TO-DATE :entry:default@GenerateMetadata...  
[2026-07-27T01:20:16.268] [DEBUG] debug-file - Executing task :entry:default@ConfigureCmake
[2026-07-27T01:20:16.268] [DEBUG] debug-file - entry : default@ConfigureCmake cost memory 0.014556884765625
[2026-07-27T01:20:16.268] [DEBUG] debug-file - runTaskFromQueue task cost before running: 1 s 766 ms 
[2026-07-27T01:20:16.268] [INFO] debug-file - Finished :entry:default@ConfigureCmake... after 1 ms 
[2026-07-27T01:20:16.269] [DEBUG] debug-file - Executing task :entry:default@MergeProfile
[2026-07-27T01:20:16.269] [DEBUG] debug-file - Task 'entry:default@MergeProfile' cost while wrapping incremental declarations: 1 ms 
[2026-07-27T01:20:16.271] [DEBUG] debug-file - Incremental task entry:default@MergeProfile pre-execution cost: 2 ms .
[2026-07-27T01:20:16.271] [DEBUG] debug-file - entry : default@MergeProfile cost memory 0.1460418701171875
[2026-07-27T01:20:16.271] [INFO] debug-file - UP-TO-DATE :entry:default@MergeProfile...  
[2026-07-27T01:20:16.272] [DEBUG] debug-file - Executing task :entry:default@CreateBuildProfile
[2026-07-27T01:20:16.273] [DEBUG] debug-file - Task 'entry:default@CreateBuildProfile' cost while wrapping incremental declarations: 1 ms 
[2026-07-27T01:20:16.273] [DEBUG] debug-file - Incremental task entry:default@CreateBuildProfile pre-execution cost: 1 ms .
[2026-07-27T01:20:16.273] [DEBUG] debug-file - entry : default@CreateBuildProfile cost memory 0.104217529296875
[2026-07-27T01:20:16.273] [INFO] debug-file - UP-TO-DATE :entry:default@CreateBuildProfile...  
[2026-07-27T01:20:16.274] [DEBUG] debug-file - Executing task :entry:default@PreCheckSyscap
[2026-07-27T01:20:16.274] [DEBUG] debug-file - entry : default@PreCheckSyscap cost memory 0.01479339599609375
[2026-07-27T01:20:16.274] [DEBUG] debug-file - runTaskFromQueue task cost before running: 1 s 772 ms 
[2026-07-27T01:20:16.274] [INFO] debug-file - Finished :entry:default@PreCheckSyscap... after 1 ms 
[2026-07-27T01:20:16.275] [DEBUG] debug-file - Executing task :entry:default@GeneratePkgContextInfo
[2026-07-27T01:20:16.282] [DEBUG] debug-file - Task 'entry:default@GeneratePkgContextInfo' cost while wrapping incremental declarations: 1 ms 
[2026-07-27T01:20:16.283] [DEBUG] debug-file - Incremental task entry:default@GeneratePkgContextInfo pre-execution cost: 1 ms .
[2026-07-27T01:20:16.283] [DEBUG] debug-file - entry : default@GeneratePkgContextInfo cost memory 0.82000732421875
[2026-07-27T01:20:16.283] [INFO] debug-file - UP-TO-DATE :entry:default@GeneratePkgContextInfo...  
[2026-07-27T01:20:16.284] [DEBUG] debug-file - Executing task :entry:default@GeneratePkgSdkInfo
[2026-07-27T01:20:16.285] [DEBUG] debug-file - Dependency key: @ohos/hypium already exists, current dependency listed in devDependencies will be ignored.
[2026-07-27T01:20:16.285] [DEBUG] debug-file - Task 'entry:default@GeneratePkgSdkInfo' cost while wrapping incremental declarations: 1 ms 
[2026-07-27T01:20:16.286] [DEBUG] debug-file - entry : default@GeneratePkgSdkInfo cost memory 0.1297607421875
[2026-07-27T01:20:16.286] [DEBUG] debug-file - runTaskFromQueue task cost before running: 1 s 783 ms 
[2026-07-27T01:20:16.286] [INFO] debug-file - Finished :entry:default@GeneratePkgSdkInfo... after 2 ms 
[2026-07-27T01:20:16.288] [DEBUG] debug-file - Executing task :entry:default@ProcessIntegratedHsp
[2026-07-27T01:20:16.288] [DEBUG] debug-file - entry:default@ProcessIntegratedHsp is not up-to-date, since the output file 'D:\SLE-ID\slekey\build\cache\default\integrated_hsp\integratedHspCache.json' does not exist.
[2026-07-27T01:20:16.289] [DEBUG] debug-file - Incremental task entry:default@ProcessIntegratedHsp pre-execution cost: 1 ms .
[2026-07-27T01:20:16.289] [DEBUG] debug-file - entry : default@ProcessIntegratedHsp cost memory 0.0550994873046875
[2026-07-27T01:20:16.289] [DEBUG] debug-file - runTaskFromQueue task cost before running: 1 s 786 ms 
[2026-07-27T01:20:16.289] [INFO] debug-file - Finished :entry:default@ProcessIntegratedHsp... after 1 ms 
[2026-07-27T01:20:16.292] [DEBUG] debug-file - Executing task :entry:default@BuildNativeWithCmake
[2026-07-27T01:20:16.292] [DEBUG] debug-file - entry : default@BuildNativeWithCmake cost memory 0.01513671875
[2026-07-27T01:20:16.292] [DEBUG] debug-file - runTaskFromQueue task cost before running: 1 s 790 ms 
[2026-07-27T01:20:16.292] [INFO] debug-file - Finished :entry:default@BuildNativeWithCmake... after 1 ms 
[2026-07-27T01:20:16.293] [DEBUG] debug-file - Executing task :entry:default@MakePackInfo
[2026-07-27T01:20:16.295] [DEBUG] debug-file - Incremental task entry:default@MakePackInfo pre-execution cost: 1 ms .
[2026-07-27T01:20:16.295] [DEBUG] debug-file - entry : default@MakePackInfo cost memory 0.10385894775390625
[2026-07-27T01:20:16.295] [INFO] debug-file - UP-TO-DATE :entry:default@MakePackInfo...  
[2026-07-27T01:20:16.296] [DEBUG] debug-file - Executing task :entry:default@SyscapTransform
[2026-07-27T01:20:16.296] [DEBUG] debug-file - File: 'D:\SLE-ID\slekey\entry\src\main\syscap.json' from 'sysCapJsonPath' is not exists, just ignore.
[2026-07-27T01:20:16.296] [DEBUG] debug-file - Task 'entry:default@SyscapTransform' cost while wrapping incremental declarations: 1 ms 
[2026-07-27T01:20:16.306] [DEBUG] debug-file - entry:default@SyscapTransform is not up-to-date, since the output file 'D:\SLE-ID\slekey\entry\build\default\intermediates\syscap\default\rpcid.sc' does not exist.
[2026-07-27T01:20:16.306] [DEBUG] debug-file - Incremental task entry:default@SyscapTransform pre-execution cost: 10 ms .
[2026-07-27T01:20:16.306] [DEBUG] debug-file - entry : default@SyscapTransform cost memory 0.15624237060546875
[2026-07-27T01:20:16.306] [DEBUG] debug-file - runTaskFromQueue task cost before running: 1 s 804 ms 
[2026-07-27T01:20:16.307] [INFO] debug-file - Finished :entry:default@SyscapTransform... after 11 ms 
[2026-07-27T01:20:16.308] [DEBUG] debug-file - Executing task :entry:default@ProcessProfile
[2026-07-27T01:20:16.309] [DEBUG] debug-file - Task 'entry:default@ProcessProfile' cost while wrapping incremental declarations: 1 ms 
[2026-07-27T01:20:16.310] [DEBUG] debug-file - Incremental task entry:default@ProcessProfile pre-execution cost: 1 ms .
[2026-07-27T01:20:16.310] [DEBUG] debug-file - entry : default@ProcessProfile cost memory 0.19109344482421875
[2026-07-27T01:20:16.310] [INFO] debug-file - UP-TO-DATE :entry:default@ProcessProfile...  
[2026-07-27T01:20:16.311] [DEBUG] debug-file - Executing task :entry:default@ProcessRouterMap
[2026-07-27T01:20:16.313] [DEBUG] debug-file - Incremental task entry:default@ProcessRouterMap pre-execution cost: 2 ms .
[2026-07-27T01:20:16.313] [DEBUG] debug-file - entry : default@ProcessRouterMap cost memory 0.17093658447265625
[2026-07-27T01:20:16.314] [INFO] debug-file - UP-TO-DATE :entry:default@ProcessRouterMap...  
[2026-07-27T01:20:16.315] [DEBUG] debug-file - Executing task :entry:default@ProcessShareConfig
[2026-07-27T01:20:16.316] [DEBUG] debug-file - Incremental task entry:default@ProcessShareConfig pre-execution cost: 2 ms .
[2026-07-27T01:20:16.316] [DEBUG] debug-file - entry : default@ProcessShareConfig cost memory 0.1458892822265625
[2026-07-27T01:20:16.317] [INFO] debug-file - UP-TO-DATE :entry:default@ProcessShareConfig...  
[2026-07-27T01:20:16.318] [DEBUG] debug-file - Executing task :entry:default@ProcessStartupConfig
[2026-07-27T01:20:16.318] [DEBUG] debug-file - Task 'entry:default@ProcessStartupConfig' cost while wrapping incremental declarations: 1 ms 
[2026-07-27T01:20:16.319] [DEBUG] debug-file - entry:default@ProcessStartupConfig is not up-to-date, since the output file 'D:\SLE-ID\slekey\entry\build\default\intermediates\startup\default\startup_config.json' does not exist.
[2026-07-27T01:20:16.319] [DEBUG] debug-file - Incremental task entry:default@ProcessStartupConfig pre-execution cost: 1 ms .
[2026-07-27T01:20:16.319] [DEBUG] debug-file - entry : default@ProcessStartupConfig cost memory 0.13816070556640625
[2026-07-27T01:20:16.320] [DEBUG] debug-file - runTaskFromQueue task cost before running: 1 s 817 ms 
[2026-07-27T01:20:16.320] [INFO] debug-file - Finished :entry:default@ProcessStartupConfig... after 2 ms 
[2026-07-27T01:20:16.321] [DEBUG] debug-file - Executing task :entry:default@BuildNativeWithNinja
[2026-07-27T01:20:16.321] [DEBUG] debug-file - entry : default@BuildNativeWithNinja cost memory 0.0200347900390625
[2026-07-27T01:20:16.321] [DEBUG] debug-file - runTaskFromQueue task cost before running: 1 s 819 ms 
[2026-07-27T01:20:16.321] [INFO] debug-file - Finished :entry:default@BuildNativeWithNinja... after 1 ms 
[2026-07-27T01:20:16.323] [DEBUG] debug-file - restool module names: entry; moduleName=entry, taskName=default@ProcessResource
[2026-07-27T01:20:16.325] [DEBUG] debug-file - Executing task :entry:default@ProcessResource
[2026-07-27T01:20:16.325] [DEBUG] debug-file - Task 'entry:default@ProcessResource' cost while wrapping incremental declarations: 1 ms 
[2026-07-27T01:20:16.325] [DEBUG] debug-file - Incremental task entry:default@ProcessResource pre-execution cost: 1 ms .
[2026-07-27T01:20:16.326] [DEBUG] debug-file - entry : default@ProcessResource cost memory 0.1303558349609375
[2026-07-27T01:20:16.327] [INFO] debug-file - UP-TO-DATE :entry:default@ProcessResource...  
[2026-07-27T01:20:16.328] [DEBUG] debug-file - Executing task :entry:default@GenerateLoaderJson
[2026-07-27T01:20:16.330] [DEBUG] debug-file - Task 'entry:default@GenerateLoaderJson' cost while wrapping incremental declarations: 1 ms 
[2026-07-27T01:20:16.335] [DEBUG] debug-file - Incremental task entry:default@GenerateLoaderJson pre-execution cost: 3 ms .
[2026-07-27T01:20:16.335] [DEBUG] debug-file - entry : default@GenerateLoaderJson cost memory 0.5245132446289062
[2026-07-27T01:20:16.337] [INFO] debug-file - UP-TO-DATE :entry:default@GenerateLoaderJson...  
[2026-07-27T01:20:16.338] [DEBUG] debug-file - Executing task :entry:default@ProcessLibs
[2026-07-27T01:20:16.341] [DEBUG] debug-file - Incremental task entry:default@ProcessLibs pre-execution cost: 1 ms .
[2026-07-27T01:20:16.341] [DEBUG] debug-file - entry : default@ProcessLibs cost memory 0.6476058959960938
[2026-07-27T01:20:16.341] [INFO] debug-file - UP-TO-DATE :entry:default@ProcessLibs...  
[2026-07-27T01:20:16.342] [DEBUG] debug-file - restool module names: entry; moduleName=entry, taskName=default@CompileResource
[2026-07-27T01:20:16.343] [DEBUG] debug-file - Executing task :entry:default@CompileResource
[2026-07-27T01:20:16.348] [DEBUG] debug-file - Incremental task entry:default@CompileResource pre-execution cost: 5 ms .
[2026-07-27T01:20:16.348] [DEBUG] debug-file - entry : default@CompileResource cost memory 0.5985870361328125
[2026-07-27T01:20:16.349] [INFO] debug-file - UP-TO-DATE :entry:default@CompileResource...  
[2026-07-27T01:20:16.350] [DEBUG] debug-file - Executing task :entry:default@DoNativeStrip
[2026-07-27T01:20:16.350] [DEBUG] debug-file - File: 'D:\SLE-ID\slekey\entry\build\default\intermediates\binxo\default' from 'doBinxoNativeLibs' is not exists, just ignore.
[2026-07-27T01:20:16.350] [DEBUG] debug-file - Task 'entry:default@DoNativeStrip' cost while wrapping incremental declarations: 1 ms 
[2026-07-27T01:20:16.351] [DEBUG] debug-file - Incremental task entry:default@DoNativeStrip pre-execution cost: 1 ms .
[2026-07-27T01:20:16.351] [DEBUG] debug-file - entry : default@DoNativeStrip cost memory 0.09267425537109375
[2026-07-27T01:20:16.351] [INFO] debug-file - UP-TO-DATE :entry:default@DoNativeStrip...  
[2026-07-27T01:20:16.352] [DEBUG] debug-file - Executing task :entry:default@CompileArkTS
[2026-07-27T01:20:16.352] [DEBUG] debug-file - obfuscationOptions: undefined
[2026-07-27T01:20:16.354] [DEBUG] debug-file - Task 'entry:default@CompileArkTS' cost while wrapping incremental declarations: 1 ms 
[2026-07-27T01:20:16.362] [DEBUG] debug-file - Incremental task entry:default@CompileArkTS pre-execution cost: 7 ms .
[2026-07-27T01:20:16.362] [DEBUG] debug-file - entry : default@CompileArkTS cost memory 0.9362335205078125
[2026-07-27T01:20:16.363] [INFO] debug-file - UP-TO-DATE :entry:default@CompileArkTS...  
[2026-07-27T01:20:16.364] [DEBUG] debug-file - Executing task :entry:default@BuildJS
[2026-07-27T01:20:16.365] [DEBUG] debug-file - Task 'entry:default@BuildJS' cost while wrapping incremental declarations: 1 ms 
[2026-07-27T01:20:16.367] [DEBUG] debug-file - entry : default@BuildJS cost memory 0.15972137451171875
[2026-07-27T01:20:16.367] [DEBUG] debug-file - runTaskFromQueue task cost before running: 1 s 864 ms 
[2026-07-27T01:20:16.367] [INFO] debug-file - Finished :entry:default@BuildJS... after 3 ms 
[2026-07-27T01:20:16.368] [DEBUG] debug-file - Executing task :entry:default@CacheNativeLibs
[2026-07-27T01:20:16.368] [DEBUG] debug-file - File: 'D:\SLE-ID\slekey\entry\build\default\intermediates\binxo\default' from 'cacheBinxoNativeLibs' is not exists, just ignore.
[2026-07-27T01:20:16.368] [DEBUG] debug-file - Task 'entry:default@CacheNativeLibs' cost while wrapping incremental declarations: 1 ms 
[2026-07-27T01:20:16.369] [DEBUG] debug-file - Incremental task entry:default@CacheNativeLibs pre-execution cost: 1 ms .
[2026-07-27T01:20:16.369] [DEBUG] debug-file - entry : default@CacheNativeLibs cost memory 0.1202850341796875
[2026-07-27T01:20:16.369] [INFO] debug-file - UP-TO-DATE :entry:default@CacheNativeLibs...  
[2026-07-27T01:20:16.370] [DEBUG] debug-file - Executing task :entry:default@GeneratePkgModuleJson
[2026-07-27T01:20:16.370] [DEBUG] debug-file - File: 'D:\SLE-ID\slekey\entry\build\default\intermediates\preload\default\preload.json' from 'preloadSoJsonPath' is not exists, just ignore.
[2026-07-27T01:20:16.370] [DEBUG] debug-file - Error occurs while handling @Input 'shouldDeduplicateHar': The "data" argument must be of type string or an instance of Buffer, TypedArray, or DataView. Received undefined
[2026-07-27T01:20:16.370] [DEBUG] debug-file - Task 'entry:default@GeneratePkgModuleJson' cost while wrapping incremental declarations: 1 ms 
[2026-07-27T01:20:16.371] [DEBUG] debug-file - Incremental task entry:default@GeneratePkgModuleJson pre-execution cost: 1 ms .
[2026-07-27T01:20:16.371] [DEBUG] debug-file - entry : default@GeneratePkgModuleJson cost memory 0.10357666015625
[2026-07-27T01:20:16.371] [INFO] debug-file - UP-TO-DATE :entry:default@GeneratePkgModuleJson...  
[2026-07-27T01:20:16.372] [DEBUG] debug-file - Executing task :entry:default@ProcessCompiledResources
[2026-07-27T01:20:16.372] [DEBUG] debug-file - File: 'D:\SLE-ID\slekey\entry\build\default\intermediates\preload\default\preload.json' from 'preloadSoJsonPath' is not exists, just ignore.
[2026-07-27T01:20:16.372] [DEBUG] debug-file - Task 'entry:default@ProcessCompiledResources' cost while wrapping incremental declarations: 1 ms 
[2026-07-27T01:20:16.372] [DEBUG] debug-file - entry : default@ProcessCompiledResources cost memory 0.0584716796875
[2026-07-27T01:20:16.372] [DEBUG] debug-file - runTaskFromQueue task cost before running: 1 s 870 ms 
[2026-07-27T01:20:16.373] [INFO] debug-file - Finished :entry:default@ProcessCompiledResources... after 1 ms 
[2026-07-27T01:20:16.374] [DEBUG] debug-file - Executing task :entry:default@PackageHap
[2026-07-27T01:20:16.378] [DEBUG] debug-file - Incremental task entry:default@PackageHap pre-execution cost: 3 ms .
[2026-07-27T01:20:16.378] [DEBUG] debug-file - entry : default@PackageHap cost memory 0.4400787353515625
[2026-07-27T01:20:16.379] [INFO] debug-file - UP-TO-DATE :entry:default@PackageHap...  
[2026-07-27T01:20:16.380] [DEBUG] debug-file - Executing task :entry:default@PackingCheck
[2026-07-27T01:20:16.384] [DEBUG] debug-file - entry : default@PackingCheck cost memory 0.5214385986328125
[2026-07-27T01:20:16.385] [DEBUG] debug-file - runTaskFromQueue task cost before running: 1 s 882 ms 
[2026-07-27T01:20:16.385] [INFO] debug-file - Finished :entry:default@PackingCheck... after 5 ms 
[2026-07-27T01:20:16.386] [DEBUG] debug-file - Executing task :entry:default@SignHap
[2026-07-27T01:20:16.388] [DEBUG] debug-file - Incremental task entry:default@SignHap pre-execution cost: 2 ms .
[2026-07-27T01:20:16.388] [DEBUG] debug-file - entry : default@SignHap cost memory 0.118408203125
[2026-07-27T01:20:16.389] [INFO] debug-file - UP-TO-DATE :entry:default@SignHap...  
[2026-07-27T01:20:16.390] [DEBUG] debug-file - Executing task :entry:default@CollectDebugSymbol
[2026-07-27T01:20:16.391] [DEBUG] debug-file - entry : default@CollectDebugSymbol cost memory 0.0905303955078125
[2026-07-27T01:20:16.391] [DEBUG] debug-file - runTaskFromQueue task cost before running: 1 s 889 ms 
[2026-07-27T01:20:16.391] [INFO] debug-file - Finished :entry:default@CollectDebugSymbol... after 1 ms 
[2026-07-27T01:20:16.391] [DEBUG] debug-file - Executing task :entry:assembleHap
[2026-07-27T01:20:16.391] [DEBUG] debug-file - entry : assembleHap cost memory 0.0128326416015625
[2026-07-27T01:20:16.391] [DEBUG] debug-file - runTaskFromQueue task cost before running: 1 s 889 ms 
[2026-07-27T01:20:16.392] [INFO] debug-file - Finished :entry:assembleHap... after 1 ms 
[2026-07-27T01:20:16.402] [INFO] debug-file - BUILD SUCCESSFUL in 1 s 900 ms 
[2026-07-27T01:20:16.403] [DEBUG] debug-file - Update task entry:default@PreBuild input file:D:\SLE-ID\slekey\AppScope\app.json5 cache by regenerate.
[2026-07-27T01:20:16.404] [DEBUG] debug-file - Update task entry:default@PreBuild input file:D:\SLE-ID\slekey\entry\src\main\module.json5 cache by regenerate.
[2026-07-27T01:20:16.404] [DEBUG] debug-file - Update task entry:default@PreBuild input file:D:\SLE-ID\slekey\build-profile.json5 cache by regenerate.
[2026-07-27T01:20:16.404] [DEBUG] debug-file - Update task entry:default@PreBuild input file:D:\SLE-ID\slekey\entry\build-profile.json5 cache by regenerate.
[2026-07-27T01:20:16.404] [DEBUG] debug-file - Update task entry:default@PreBuild input file:D:\SLE-ID\slekey\entry\src\main\resources\base\profile\main_pages.json cache by regenerate.
[2026-07-27T01:20:16.404] [DEBUG] debug-file - Update task entry:default@PreBuild input file:D:\SLE-ID\slekey\hvigor\hvigor-config.json5 cache by regenerate.
[2026-07-27T01:20:16.405] [DEBUG] debug-file - Update task entry:default@PreBuild input file:D:\SLE-ID\slekey\entry\oh-package.json5 cache by regenerate.
[2026-07-27T01:20:16.405] [DEBUG] debug-file - Update task entry:default@PreBuild input file:D:\SLE-ID\slekey\oh-package.json5 cache by regenerate.
[2026-07-27T01:20:16.405] [DEBUG] debug-file - Incremental task entry:default@PreBuild post-execution cost:3 ms .
[2026-07-27T01:20:16.406] [DEBUG] debug-file - Update task entry:default@CreateModuleInfo output file:D:\SLE-ID\slekey\entry\build\default\generated\profile\default\ModuleInfo.ts cache.
[2026-07-27T01:20:16.406] [DEBUG] debug-file - Incremental task entry:default@CreateModuleInfo post-execution cost:1 ms .
[2026-07-27T01:20:16.406] [DEBUG] debug-file - There is no need to refresh cache, since the incremental task entry:default@GenerateMetadata is up-to-date.
[2026-07-27T01:20:16.406] [DEBUG] debug-file - There is no need to refresh cache, since the incremental task entry:default@MergeProfile is up-to-date.
[2026-07-27T01:20:16.406] [DEBUG] debug-file - There is no need to refresh cache, since the incremental task entry:default@CreateBuildProfile is up-to-date.
[2026-07-27T01:20:16.406] [DEBUG] debug-file - There is no need to refresh cache, since the incremental task entry:default@GeneratePkgContextInfo is up-to-date.
[2026-07-27T01:20:16.406] [DEBUG] debug-file - Update task entry:default@GeneratePkgSdkInfo output file:D:\SLE-ID\slekey\entry\build\default\intermediates\loader\default\pkgSdkInfo.json cache.
[2026-07-27T01:20:16.406] [DEBUG] debug-file - Incremental task entry:default@GeneratePkgSdkInfo post-execution cost:1 ms .
[2026-07-27T01:20:16.406] [DEBUG] debug-file - Update task entry:default@ProcessIntegratedHsp output file:D:\SLE-ID\slekey\build\cache\default\integrated_hsp\integratedHspCache.json cache.
[2026-07-27T01:20:16.406] [DEBUG] debug-file - Incremental task entry:default@ProcessIntegratedHsp post-execution cost:1 ms .
[2026-07-27T01:20:16.406] [DEBUG] debug-file - There is no need to refresh cache, since the incremental task entry:default@MakePackInfo is up-to-date.
[2026-07-27T01:20:16.406] [DEBUG] debug-file - Update task entry:default@SyscapTransform input file:C:\Program Files\Huawei\DevEco Studio\sdk\default\openharmony\toolchains\syscap_tool.exe cache by regenerate.
[2026-07-27T01:20:16.407] [DEBUG] debug-file - Update task entry:default@SyscapTransform input file:C:\Program Files\Huawei\DevEco Studio\sdk\default\openharmony\ets\api\device-define cache by regenerate.
[2026-07-27T01:20:16.407] [DEBUG] debug-file - Update task entry:default@SyscapTransform output file:D:\SLE-ID\slekey\entry\build\default\intermediates\syscap\default\rpcid.sc cache.
[2026-07-27T01:20:16.407] [DEBUG] debug-file - Incremental task entry:default@SyscapTransform post-execution cost:1 ms .
[2026-07-27T01:20:16.407] [DEBUG] debug-file - There is no need to refresh cache, since the incremental task entry:default@ProcessProfile is up-to-date.
[2026-07-27T01:20:16.407] [DEBUG] debug-file - There is no need to refresh cache, since the incremental task entry:default@ProcessRouterMap is up-to-date.
[2026-07-27T01:20:16.407] [DEBUG] debug-file - There is no need to refresh cache, since the incremental task entry:default@ProcessShareConfig is up-to-date.
[2026-07-27T01:20:16.408] [DEBUG] debug-file - Update task entry:default@ProcessStartupConfig input file:D:\SLE-ID\slekey\entry\build\default\intermediates\loader\default\pkgContextInfo.json cache by regenerate.
[2026-07-27T01:20:16.408] [DEBUG] debug-file - Update task entry:default@ProcessStartupConfig output file:D:\SLE-ID\slekey\entry\build\default\intermediates\startup\default\startup_config.json cache.
[2026-07-27T01:20:16.408] [DEBUG] debug-file - Incremental task entry:default@ProcessStartupConfig post-execution cost:1 ms .
[2026-07-27T01:20:16.408] [DEBUG] debug-file - There is no need to refresh cache, since the incremental task entry:default@ProcessResource is up-to-date.
[2026-07-27T01:20:16.408] [DEBUG] debug-file - There is no need to refresh cache, since the incremental task entry:default@GenerateLoaderJson is up-to-date.
[2026-07-27T01:20:16.408] [DEBUG] debug-file - There is no need to refresh cache, since the incremental task entry:default@ProcessLibs is up-to-date.
[2026-07-27T01:20:16.408] [DEBUG] debug-file - There is no need to refresh cache, since the incremental task entry:default@CompileResource is up-to-date.
[2026-07-27T01:20:16.408] [DEBUG] debug-file - There is no need to refresh cache, since the incremental task entry:default@DoNativeStrip is up-to-date.
[2026-07-27T01:20:16.408] [DEBUG] debug-file - There is no need to refresh cache, since the incremental task entry:default@CompileArkTS is up-to-date.
[2026-07-27T01:20:16.409] [DEBUG] debug-file - Update task entry:default@BuildJS input file:D:\SLE-ID\slekey\entry\build\default\intermediates\loader\default cache by regenerate.
[2026-07-27T01:20:16.409] [DEBUG] debug-file - Update task entry:default@BuildJS input file:D:\SLE-ID\slekey\oh_modules\.ohpm\@ohos+hypium@1.0.19\oh_modules\@ohos\hypium\index.js cache by regenerate.
[2026-07-27T01:20:16.409] [DEBUG] debug-file - Update task entry:default@BuildJS input file:D:\SLE-ID\slekey\entry\build\default\intermediates\res\default\resources\rawfile cache by regenerate.
[2026-07-27T01:20:16.410] [DEBUG] debug-file - Update task entry:default@BuildJS input file:D:\SLE-ID\slekey\entry\build\default\intermediates\res\default\ResourceTable.txt cache by regenerate.
[2026-07-27T01:20:16.410] [DEBUG] debug-file - Update task entry:default@BuildJS input file:D:\SLE-ID\slekey\entry\build\default\intermediates\res\default\ark_module.json cache by regenerate.
[2026-07-27T01:20:16.410] [DEBUG] debug-file - Update task entry:default@BuildJS input file:D:\SLE-ID\slekey\entry\build\default\intermediates\res\default\resources\base\profile cache by regenerate.
[2026-07-27T01:20:16.410] [DEBUG] debug-file - Update task entry:default@BuildJS input file:D:\SLE-ID\slekey\entry\build\default\intermediates\loader\default\pkgContextInfo.json cache by regenerate.
[2026-07-27T01:20:16.410] [DEBUG] debug-file - Update task entry:default@BuildJS output file:D:\SLE-ID\slekey\entry\build\default\intermediates\loader_out\default\js cache.
[2026-07-27T01:20:16.411] [DEBUG] debug-file - Incremental task entry:default@BuildJS post-execution cost:3 ms .
[2026-07-27T01:20:16.411] [DEBUG] debug-file - There is no need to refresh cache, since the incremental task entry:default@CacheNativeLibs is up-to-date.
[2026-07-27T01:20:16.411] [DEBUG] debug-file - There is no need to refresh cache, since the incremental task entry:default@GeneratePkgModuleJson is up-to-date.
[2026-07-27T01:20:16.411] [DEBUG] debug-file - Incremental task entry:default@ProcessCompiledResources post-execution cost:1 ms .
[2026-07-27T01:20:16.411] [DEBUG] debug-file - There is no need to refresh cache, since the incremental task entry:default@PackageHap is up-to-date.
[2026-07-27T01:20:16.411] [DEBUG] debug-file - There is no need to refresh cache, since the incremental task entry:default@SignHap is up-to-date.
[2026-07-27T01:20:16.411] [DEBUG] debug-file - Update task entry:default@CollectDebugSymbol input file:D:\SLE-ID\slekey\entry\build\default\intermediates\loader_out\default\ets\sourceMaps.map cache by regenerate.
[2026-07-27T01:20:16.411] [DEBUG] debug-file - Update task entry:default@CollectDebugSymbol input file:D:\SLE-ID\slekey\entry\build\default\intermediates\libs\default cache by regenerate.
[2026-07-27T01:20:16.411] [DEBUG] debug-file - Update task entry:default@CollectDebugSymbol output file:D:\SLE-ID\slekey\entry\build\default\outputs\default\symbol cache.
[2026-07-27T01:20:16.411] [DEBUG] debug-file - Incremental task entry:default@CollectDebugSymbol post-execution cost:1 ms .
[2026-07-27T01:20:16.435] [DEBUG] debug-file - session manager: send message to worker process.
[2026-07-27T01:20:16.436] [DEBUG] debug-file - session manager: send message to worker process.
[2026-07-27T01:20:16.543] [DEBUG] debug-file - Cleanup worker 0.
[2026-07-27T01:20:16.544] [DEBUG] debug-file - Worker 0 has been cleaned up.
[2026-07-27T01:20:16.544] [DEBUG] debug-file - Current idle worker size: 1.
[2026-07-27T01:20:16.544] [DEBUG] debug-file - Current resident worker size: 2.
[2026-07-27T01:20:16.544] [DEBUG] debug-file - Cleanup worker 1.
[2026-07-27T01:20:16.544] [DEBUG] debug-file - Worker 1 has been cleaned up.
[2026-07-27T01:20:16.544] [DEBUG] debug-file - Current idle worker size: 0.
[2026-07-27T01:20:16.544] [DEBUG] debug-file - Current resident worker size: 2.
[2026-07-27T01:20:16.545] [DEBUG] debug-file - hvigor build process will be closed.
[2026-07-27T01:20:16.553] [DEBUG] debug-file - worker[1] exits with exit code 1.
[2026-07-27T01:20:16.553] [DEBUG] debug-file - worker[0] exits with exit code 1.
[2026-07-27T01:20:16.556] [DEBUG] debug-file - watch worker: worker id should be larger than 0. Nothing will be sent to any worker thread.
[2026-07-27T01:20:16.556] [DEBUG] debug-file - watch worker: worker id should be larger than 0. Nothing will be sent to any worker thread.
[2026-07-27T01:22:47.753] [DEBUG] debug-file - env: nodejsVersion=v24.16.0
[2026-07-27T01:22:47.814] [WARN] debug-file - 'C:\Windows\System32\wbem\wmic' 不是内部或外部命令，也不是可运行的程序
或批处理文件。

[2026-07-27T01:22:47.753] [DEBUG] debug-file - env: hvigor-config.json5 content = {
  modelVersion: '5.0.0',
  dependencies: {},
  execution: {},
  logging: {},
  debugging: {},
  nodeOptions: {}
}
[2026-07-27T01:22:48.677] [DEBUG] debug-file - env: daemon=true
[2026-07-27T01:22:49.097] [DEBUG] debug-file - hvigor java daemon: Starting java daemon. jvmXmxValue=512m, jarPath=C:\Program Files\Huawei\DevEco Studio\tools\hvigor\hvigor\lib\hvigor-java-daemon.jar
[2026-07-27T01:22:49.098] [DEBUG] debug-file - hvigor java daemon: Read cache file, 
    port=45050, pid=15400, sessionId exists=true
[2026-07-27T01:22:49.122] [DEBUG] debug-file - hvigor java daemon: tryConnect success
[2026-07-27T01:22:49.142] [DEBUG] debug-file - session manager: set active socket. socketId=s-xxPdk5bLeff1GfAAAB
[2026-07-27T01:22:49.506] [DEBUG] debug-file - watch worker: worker id should be larger than 0. Nothing will be sent to any worker thread.
[2026-07-27T01:22:49.508] [DEBUG] debug-file - Since there is no instance or instance is terminated, create a new worker pool.
[2026-07-27T01:22:49.508] [DEBUG] debug-file - Worker pool is initialized with config:  {
  minPoolNum: 2,
  maxPoolNum: undefined,
  maxCoreSize: undefined,
  cacheCapacity: undefined,
  cacheTtl: undefined
}
[2026-07-27T01:22:49.508] [DEBUG] debug-file - Create  resident worker with id: 0.
[2026-07-27T01:22:49.509] [DEBUG] debug-file - Create  resident worker with id: 1.
[2026-07-27T01:22:49.511] [DEBUG] debug-file - Workers' log level updated to INFO
[2026-07-27T01:22:49.516] [DEBUG] debug-file - Hvigor init with startParameters:{
  hvigorfileTypeCheck: false,
  parallelExecution: true,
  incrementalExecution: true,
  printStackTrace: false,
  daemon: true,
  analyze: 0,
  logLevel: Level { level: 20000, levelStr: 'INFO', colour: 'green' },
  optimizationStrategy: 'memory',
  hotCompile: undefined,
  hotReloadBuild: undefined,
  customizedParam: undefined
}
[2026-07-27T01:22:49.520] [DEBUG] debug-file - Cache service initialization finished in 4 ms 
[2026-07-27T01:22:49.521] [DEBUG] debug-file - hvigorfile, resolving D:\SLE-ID\slekey\hvigorfile.ts
[2026-07-27T01:22:50.508] [DEBUG] debug-file - hvigorfile, require result:  { default: { plugins: [] } }
[2026-07-27T01:22:50.508] [DEBUG] debug-file - hvigorfile, binding system plugins null
[2026-07-27T01:22:50.509] [DEBUG] debug-file - Starting plugin build process
[2026-07-27T01:22:50.509] [DEBUG] debug-file - App plugin prepare start...
[2026-07-27T01:22:50.509] [DEBUG] debug-file - App plugin prepare end...
[2026-07-27T01:22:50.509] [DEBUG] debug-file - App plugin creating...
[2026-07-27T01:22:50.635] [DEBUG] debug-file - App plugin register hook start...
[2026-07-27T01:22:50.635] [DEBUG] debug-file - App plugin register hook end...
[2026-07-27T01:22:50.635] [DEBUG] debug-file - Plugin build process completed
[2026-07-27T01:22:50.637] [DEBUG] debug-file - Start initialize project's product build option map with build mode debug.
[2026-07-27T01:22:50.637] [DEBUG] debug-file - Picking option from product 'default' with build mode 'debug'.
[2026-07-27T01:22:50.637] [DEBUG] debug-file - Product 'default' build option initialized
[2026-07-27T01:22:50.637] [DEBUG] debug-file - End initialize project's product build option map with build mode 'debug'.
[2026-07-27T01:22:50.639] [DEBUG] debug-file - Obtain build option for product 'default'in this build.
[2026-07-27T01:22:50.640] [DEBUG] debug-file - D:\SLE-ID\slekey\build\cache\default\remote_hsp\remoteHspCache.json not exists.
[2026-07-27T01:22:50.642] [DEBUG] debug-file - Local scan or download HarmonyOS sdk components toolchains,ets,js,native,previewer
[2026-07-27T01:22:50.644] [DEBUG] debug-file - Local scan or download hmscore sdk components toolchains,ets,native
[2026-07-27T01:22:50.646] [DEBUG] debug-file - Start recording SDK configuration permission data.
[2026-07-27T01:22:50.670] [DEBUG] debug-file - Sdk init in 29 ms 
[2026-07-27T01:22:50.674] [DEBUG] debug-file - Project task initialization takes 4 ms 
[2026-07-27T01:22:50.674] [DEBUG] debug-file - hvigorfile, begin to bind custom plugins...
[2026-07-27T01:22:50.674] [DEBUG] debug-file - hvigorfile, no custom plugins were found in D:\SLE-ID\slekey\hvigorfile.ts
[2026-07-27T01:22:50.674] [DEBUG] debug-file - hvigorfile, resolve finished D:\SLE-ID\slekey\hvigorfile.ts
[2026-07-27T01:22:50.675] [DEBUG] debug-file - hvigorfile, resolving D:\SLE-ID\slekey\entry\hvigorfile.ts
[2026-07-27T01:22:50.679] [DEBUG] debug-file - hvigorfile, require result:  { default: { plugins: [] } }
[2026-07-27T01:22:50.679] [DEBUG] debug-file - hvigorfile, binding system plugins null
[2026-07-27T01:22:50.679] [DEBUG] debug-file - Starting plugin build process
[2026-07-27T01:22:50.679] [DEBUG] debug-file - Hap plugin creating...
[2026-07-27T01:22:50.680] [DEBUG] debug-file - failed to load cangjie to dynamically generate schemas: Error: Cannot find module '@ohos/cangjie-build-support/index'
Require stack:
- C:\Program Files\Huawei\DevEco Studio\tools\hvigor\hvigor-ohos-plugin\src\plugin\hooks\cangjie-register.js
- C:\Program Files\Huawei\DevEco Studio\tools\hvigor\hvigor-ohos-plugin\src\plugin\strategy\stage-init-strategy.js
- C:\Program Files\Huawei\DevEco Studio\tools\hvigor\hvigor-ohos-plugin\src\plugin\builder\abstract-plugin-builder.js
- C:\Program Files\Huawei\DevEco Studio\tools\hvigor\hvigor-ohos-plugin\src\plugin\builder\app-plugin-builder.js
- C:\Program Files\Huawei\DevEco Studio\tools\hvigor\hvigor-ohos-plugin\src\plugin\factory\plugin-factory.js
- C:\Program Files\Huawei\DevEco Studio\tools\hvigor\hvigor-ohos-plugin\index.js
- D:\SLE-ID\slekey\hvigorfile.ts
- C:\Program Files\Huawei\DevEco Studio\tools\hvigor\hvigor\src\base\internal\lifecycle\configuration.js
- C:\Program Files\Huawei\DevEco Studio\tools\hvigor\hvigor\src\base\boot\index.js
- C:\Program Files\Huawei\DevEco Studio\tools\hvigor\hvigor\src\base\daemon\cluster\worker-process-lifecycle.js
- C:\Program Files\Huawei\DevEco Studio\tools\hvigor\hvigor\src\base\daemon\process\daemon-process-boot-script.js
[2026-07-27T01:22:50.688] [DEBUG] debug-file - Start initialize module-target build option map, moduleName=entry, buildMode=debug
[2026-07-27T01:22:50.688] [DEBUG] debug-file - Target 'default' config initialized
[2026-07-27T01:22:50.688] [DEBUG] debug-file - Module 'entry' target 'default' build option initialized
[2026-07-27T01:22:50.688] [DEBUG] debug-file - End initialize module-target build option map, moduleName=entry
[2026-07-27T01:22:50.688] [DEBUG] debug-file - Start initialize module-target build option map, moduleName=entry, buildMode=release
[2026-07-27T01:22:50.688] [DEBUG] debug-file - Target 'default' config initialized
[2026-07-27T01:22:50.689] [DEBUG] debug-file - Module 'entry' target 'default' build option initialized
[2026-07-27T01:22:50.689] [DEBUG] debug-file - End initialize module-target build option map, moduleName=entry
[2026-07-27T01:22:50.689] [DEBUG] debug-file - Start initialize module-target build option map, moduleName=entry, buildMode=debug
[2026-07-27T01:22:50.689] [DEBUG] debug-file - Target 'default' config initialized
[2026-07-27T01:22:50.689] [DEBUG] debug-file - Module 'entry' target 'default' build option initialized
[2026-07-27T01:22:50.689] [DEBUG] debug-file - End initialize module-target build option map, moduleName=entry
[2026-07-27T01:22:50.689] [DEBUG] debug-file - Obtain build option for module 'entry' target 'default'in this build.
[2026-07-27T01:22:50.692] [DEBUG] debug-file - Module entry task initialization takes 3 ms 
[2026-07-27T01:22:50.692] [DEBUG] debug-file - Hap plugin register hook start...
[2026-07-27T01:22:50.692] [DEBUG] debug-file - Hap plugin register hook end...
[2026-07-27T01:22:50.692] [DEBUG] debug-file - Plugin build process completed
[2026-07-27T01:22:50.692] [DEBUG] debug-file - hvigorfile, begin to bind custom plugins...
[2026-07-27T01:22:50.692] [DEBUG] debug-file - hvigorfile, no custom plugins were found in D:\SLE-ID\slekey\entry\hvigorfile.ts
[2026-07-27T01:22:50.692] [DEBUG] debug-file - hvigorfile, resolve finished D:\SLE-ID\slekey\entry\hvigorfile.ts
[2026-07-27T01:22:50.742] [DEBUG] debug-file - hvigorfile, resolve hvigorfile dependencies in 50 ms 
[2026-07-27T01:22:50.743] [DEBUG] debug-file - project has submodules:entry
[2026-07-27T01:22:50.744] [DEBUG] debug-file - start to load updatedOhPackageInfo to the disk
[2026-07-27T01:22:50.746] [DEBUG] debug-file - load to the disk finished
[2026-07-27T01:22:50.746] [DEBUG] debug-file - Start to initialize dependency information.
[2026-07-27T01:22:50.750] [DEBUG] debug-file - Module slekey Collected Dependency: D:\SLE-ID\slekey\oh_modules\.ohpm\@ohos+hypium@1.0.19\oh_modules\@ohos\hypium
[2026-07-27T01:22:50.750] [DEBUG] debug-file - Module slekey's total dependency: 1
[2026-07-27T01:22:50.751] [DEBUG] debug-file - Start to initialize dependency information.
[2026-07-27T01:22:50.753] [DEBUG] debug-file - Module entry Collected Dependency: D:\SLE-ID\slekey\oh_modules\.ohpm\@ohos+hypium@1.0.19\oh_modules\@ohos\hypium
[2026-07-27T01:22:50.753] [DEBUG] debug-file - Module entry's total dependency: 1
[2026-07-27T01:22:50.756] [DEBUG] debug-file - Configuration phase cost:1 s 237 ms 
[2026-07-27T01:22:50.758] [DEBUG] debug-file - Configuration task cost before running: 1 s 247 ms 
[2026-07-27T01:22:50.766] [DEBUG] debug-file - Executing task :entry:default@PreBuild
[2026-07-27T01:22:50.768] [DEBUG] debug-file - Task 'entry:default@PreBuild' cost while wrapping incremental declarations: 1 ms 
[2026-07-27T01:22:50.773] [DEBUG] debug-file - entry:default@PreBuild is not up-to-date, since the task snapshots are different.
[2026-07-27T01:22:50.773] [DEBUG] debug-file - Incremental task entry:default@PreBuild pre-execution cost: 4 ms .
[2026-07-27T01:22:50.863] [DEBUG] debug-file - current product is not Atomic service.
[2026-07-27T01:22:50.863] [DEBUG] debug-file - Use tool [win32: JAVA_HOME, CLASSPATH]
 [
  { JAVA_HOME: 'C:\\Program Files\\Huawei\\DevEco Studio\\jbr' },
  { CLASSPATH: undefined }
]
[2026-07-27T01:22:50.863] [DEBUG] debug-file - Use tool [win32: NODE_HOME]
 [
  {
    NODE_HOME: 'C:\\Program Files\\Huawei\\DevEco Studio\\tools\\node'
  }
]
[2026-07-27T01:22:50.864] [DEBUG] debug-file - entry : default@PreBuild cost memory 12.946060180664062
[2026-07-27T01:22:50.864] [DEBUG] debug-file - runTaskFromQueue task cost before running: 1 s 353 ms 
[2026-07-27T01:22:50.865] [INFO] debug-file - Finished :entry:default@PreBuild... after 98 ms 
[2026-07-27T01:22:50.866] [DEBUG] debug-file - Executing task :entry:default@CreateModuleInfo
[2026-07-27T01:22:50.866] [DEBUG] debug-file - Task 'entry:default@CreateModuleInfo' cost while wrapping incremental declarations: 1 ms 
[2026-07-27T01:22:50.866] [DEBUG] debug-file - entry : default@CreateModuleInfo cost memory 0.05861663818359375
[2026-07-27T01:22:50.866] [DEBUG] debug-file - runTaskFromQueue task cost before running: 1 s 355 ms 
[2026-07-27T01:22:50.866] [INFO] debug-file - Finished :entry:default@CreateModuleInfo... after 1 ms 
[2026-07-27T01:22:50.869] [DEBUG] debug-file - Executing task :entry:default@GenerateMetadata
[2026-07-27T01:22:50.869] [DEBUG] debug-file - Task 'entry:default@GenerateMetadata' cost while wrapping incremental declarations: 1 ms 
[2026-07-27T01:22:50.870] [DEBUG] debug-file - Incremental task entry:default@GenerateMetadata pre-execution cost: 1 ms .
[2026-07-27T01:22:50.870] [DEBUG] debug-file - entry : default@GenerateMetadata cost memory 0.146484375
[2026-07-27T01:22:50.871] [INFO] debug-file - UP-TO-DATE :entry:default@GenerateMetadata...  
[2026-07-27T01:22:50.872] [DEBUG] debug-file - Executing task :entry:default@ConfigureCmake
[2026-07-27T01:22:50.872] [DEBUG] debug-file - entry : default@ConfigureCmake cost memory 0.01755523681640625
[2026-07-27T01:22:50.872] [DEBUG] debug-file - runTaskFromQueue task cost before running: 1 s 361 ms 
[2026-07-27T01:22:50.872] [INFO] debug-file - Finished :entry:default@ConfigureCmake... after 1 ms 
[2026-07-27T01:22:50.873] [DEBUG] debug-file - Executing task :entry:default@MergeProfile
[2026-07-27T01:22:50.873] [DEBUG] debug-file - Task 'entry:default@MergeProfile' cost while wrapping incremental declarations: 1 ms 
[2026-07-27T01:22:50.875] [DEBUG] debug-file - Incremental task entry:default@MergeProfile pre-execution cost: 1 ms .
[2026-07-27T01:22:50.875] [DEBUG] debug-file - entry : default@MergeProfile cost memory 0.40032196044921875
[2026-07-27T01:22:50.875] [INFO] debug-file - UP-TO-DATE :entry:default@MergeProfile...  
[2026-07-27T01:22:50.876] [DEBUG] debug-file - Executing task :entry:default@CreateBuildProfile
[2026-07-27T01:22:50.876] [DEBUG] debug-file - Task 'entry:default@CreateBuildProfile' cost while wrapping incremental declarations: 1 ms 
[2026-07-27T01:22:50.877] [DEBUG] debug-file - Incremental task entry:default@CreateBuildProfile pre-execution cost: 1 ms .
[2026-07-27T01:22:50.877] [DEBUG] debug-file - entry : default@CreateBuildProfile cost memory 0.12664031982421875
[2026-07-27T01:22:50.877] [INFO] debug-file - UP-TO-DATE :entry:default@CreateBuildProfile...  
[2026-07-27T01:22:50.878] [DEBUG] debug-file - Executing task :entry:default@PreCheckSyscap
[2026-07-27T01:22:50.878] [DEBUG] debug-file - entry : default@PreCheckSyscap cost memory 0.0200653076171875
[2026-07-27T01:22:50.878] [DEBUG] debug-file - runTaskFromQueue task cost before running: 1 s 367 ms 
[2026-07-27T01:22:50.878] [INFO] debug-file - Finished :entry:default@PreCheckSyscap... after 1 ms 
[2026-07-27T01:22:50.879] [DEBUG] debug-file - Executing task :entry:default@GeneratePkgContextInfo
[2026-07-27T01:22:50.885] [DEBUG] debug-file - Task 'entry:default@GeneratePkgContextInfo' cost while wrapping incremental declarations: 1 ms 
[2026-07-27T01:22:50.886] [DEBUG] debug-file - Incremental task entry:default@GeneratePkgContextInfo pre-execution cost: 1 ms .
[2026-07-27T01:22:50.886] [DEBUG] debug-file - entry : default@GeneratePkgContextInfo cost memory 0.5328521728515625
[2026-07-27T01:22:50.886] [INFO] debug-file - UP-TO-DATE :entry:default@GeneratePkgContextInfo...  
[2026-07-27T01:22:50.887] [DEBUG] debug-file - Executing task :entry:default@GeneratePkgSdkInfo
[2026-07-27T01:22:50.888] [DEBUG] debug-file - Dependency key: @ohos/hypium already exists, current dependency listed in devDependencies will be ignored.
[2026-07-27T01:22:50.888] [DEBUG] debug-file - Task 'entry:default@GeneratePkgSdkInfo' cost while wrapping incremental declarations: 1 ms 
[2026-07-27T01:22:50.888] [DEBUG] debug-file - entry : default@GeneratePkgSdkInfo cost memory 0.1515960693359375
[2026-07-27T01:22:50.888] [DEBUG] debug-file - runTaskFromQueue task cost before running: 1 s 377 ms 
[2026-07-27T01:22:50.888] [INFO] debug-file - Finished :entry:default@GeneratePkgSdkInfo... after 2 ms 
[2026-07-27T01:22:50.890] [DEBUG] debug-file - Executing task :entry:default@ProcessIntegratedHsp
[2026-07-27T01:22:50.891] [DEBUG] debug-file - entry:default@ProcessIntegratedHsp is not up-to-date, since the output file 'D:\SLE-ID\slekey\build\cache\default\integrated_hsp\integratedHspCache.json' does not exist.
[2026-07-27T01:22:50.891] [DEBUG] debug-file - Incremental task entry:default@ProcessIntegratedHsp pre-execution cost: 1 ms .
[2026-07-27T01:22:50.891] [DEBUG] debug-file - entry : default@ProcessIntegratedHsp cost memory 0.05816650390625
[2026-07-27T01:22:50.891] [DEBUG] debug-file - runTaskFromQueue task cost before running: 1 s 380 ms 
[2026-07-27T01:22:50.891] [INFO] debug-file - Finished :entry:default@ProcessIntegratedHsp... after 1 ms 
[2026-07-27T01:22:50.892] [DEBUG] debug-file - Executing task :entry:default@BuildNativeWithCmake
[2026-07-27T01:22:50.892] [DEBUG] debug-file - entry : default@BuildNativeWithCmake cost memory 0.01796722412109375
[2026-07-27T01:22:50.892] [DEBUG] debug-file - runTaskFromQueue task cost before running: 1 s 381 ms 
[2026-07-27T01:22:50.892] [INFO] debug-file - Finished :entry:default@BuildNativeWithCmake... after 1 ms 
[2026-07-27T01:22:50.893] [DEBUG] debug-file - Executing task :entry:default@MakePackInfo
[2026-07-27T01:22:50.894] [DEBUG] debug-file - Incremental task entry:default@MakePackInfo pre-execution cost: 1 ms .
[2026-07-27T01:22:50.894] [DEBUG] debug-file - entry : default@MakePackInfo cost memory 0.15024566650390625
[2026-07-27T01:22:50.894] [INFO] debug-file - UP-TO-DATE :entry:default@MakePackInfo...  
[2026-07-27T01:22:50.895] [DEBUG] debug-file - Executing task :entry:default@SyscapTransform
[2026-07-27T01:22:50.895] [DEBUG] debug-file - File: 'D:\SLE-ID\slekey\entry\src\main\syscap.json' from 'sysCapJsonPath' is not exists, just ignore.
[2026-07-27T01:22:50.896] [DEBUG] debug-file - Task 'entry:default@SyscapTransform' cost while wrapping incremental declarations: 1 ms 
[2026-07-27T01:22:50.903] [DEBUG] debug-file - entry:default@SyscapTransform is not up-to-date, since the output file 'D:\SLE-ID\slekey\entry\build\default\intermediates\syscap\default\rpcid.sc' does not exist.
[2026-07-27T01:22:50.904] [DEBUG] debug-file - Incremental task entry:default@SyscapTransform pre-execution cost: 8 ms .
[2026-07-27T01:22:50.904] [DEBUG] debug-file - entry : default@SyscapTransform cost memory 0.15677642822265625
[2026-07-27T01:22:50.904] [DEBUG] debug-file - runTaskFromQueue task cost before running: 1 s 393 ms 
[2026-07-27T01:22:50.904] [INFO] debug-file - Finished :entry:default@SyscapTransform... after 9 ms 
[2026-07-27T01:22:50.905] [DEBUG] debug-file - Executing task :entry:default@ProcessProfile
[2026-07-27T01:22:50.906] [DEBUG] debug-file - Task 'entry:default@ProcessProfile' cost while wrapping incremental declarations: 1 ms 
[2026-07-27T01:22:50.907] [DEBUG] debug-file - Incremental task entry:default@ProcessProfile pre-execution cost: 1 ms .
[2026-07-27T01:22:50.907] [DEBUG] debug-file - entry : default@ProcessProfile cost memory 0.16655731201171875
[2026-07-27T01:22:50.907] [INFO] debug-file - UP-TO-DATE :entry:default@ProcessProfile...  
[2026-07-27T01:22:50.908] [DEBUG] debug-file - Executing task :entry:default@ProcessRouterMap
[2026-07-27T01:22:50.909] [DEBUG] debug-file - Incremental task entry:default@ProcessRouterMap pre-execution cost: 1 ms .
[2026-07-27T01:22:50.909] [DEBUG] debug-file - entry : default@ProcessRouterMap cost memory 0.16242218017578125
[2026-07-27T01:22:50.910] [INFO] debug-file - UP-TO-DATE :entry:default@ProcessRouterMap...  
[2026-07-27T01:22:50.910] [DEBUG] debug-file - Executing task :entry:default@ProcessShareConfig
[2026-07-27T01:22:50.913] [DEBUG] debug-file - Incremental task entry:default@ProcessShareConfig pre-execution cost: 3 ms .
[2026-07-27T01:22:50.913] [DEBUG] debug-file - entry : default@ProcessShareConfig cost memory -11.437705993652344
[2026-07-27T01:22:50.913] [INFO] debug-file - UP-TO-DATE :entry:default@ProcessShareConfig...  
[2026-07-27T01:22:50.914] [DEBUG] debug-file - Executing task :entry:default@ProcessStartupConfig
[2026-07-27T01:22:50.914] [DEBUG] debug-file - Task 'entry:default@ProcessStartupConfig' cost while wrapping incremental declarations: 1 ms 
[2026-07-27T01:22:50.915] [DEBUG] debug-file - entry:default@ProcessStartupConfig is not up-to-date, since the output file 'D:\SLE-ID\slekey\entry\build\default\intermediates\startup\default\startup_config.json' does not exist.
[2026-07-27T01:22:50.915] [DEBUG] debug-file - Incremental task entry:default@ProcessStartupConfig pre-execution cost: 1 ms .
[2026-07-27T01:22:50.916] [DEBUG] debug-file - entry : default@ProcessStartupConfig cost memory 0.13323211669921875
[2026-07-27T01:22:50.916] [DEBUG] debug-file - runTaskFromQueue task cost before running: 1 s 405 ms 
[2026-07-27T01:22:50.916] [INFO] debug-file - Finished :entry:default@ProcessStartupConfig... after 2 ms 
[2026-07-27T01:22:50.917] [DEBUG] debug-file - Executing task :entry:default@BuildNativeWithNinja
[2026-07-27T01:22:50.917] [DEBUG] debug-file - entry : default@BuildNativeWithNinja cost memory 0.023681640625
[2026-07-27T01:22:50.917] [DEBUG] debug-file - runTaskFromQueue task cost before running: 1 s 406 ms 
[2026-07-27T01:22:50.918] [INFO] debug-file - Finished :entry:default@BuildNativeWithNinja... after 1 ms 
[2026-07-27T01:22:50.919] [DEBUG] debug-file - restool module names: entry; moduleName=entry, taskName=default@ProcessResource
[2026-07-27T01:22:50.920] [DEBUG] debug-file - Executing task :entry:default@ProcessResource
[2026-07-27T01:22:50.920] [DEBUG] debug-file - Task 'entry:default@ProcessResource' cost while wrapping incremental declarations: 1 ms 
[2026-07-27T01:22:50.921] [DEBUG] debug-file - Incremental task entry:default@ProcessResource pre-execution cost: 1 ms .
[2026-07-27T01:22:50.921] [DEBUG] debug-file - entry : default@ProcessResource cost memory 0.14110565185546875
[2026-07-27T01:22:50.922] [INFO] debug-file - UP-TO-DATE :entry:default@ProcessResource...  
[2026-07-27T01:22:50.924] [DEBUG] debug-file - Executing task :entry:default@GenerateLoaderJson
[2026-07-27T01:22:50.925] [DEBUG] debug-file - Task 'entry:default@GenerateLoaderJson' cost while wrapping incremental declarations: 1 ms 
[2026-07-27T01:22:50.931] [DEBUG] debug-file - Incremental task entry:default@GenerateLoaderJson pre-execution cost: 4 ms .
[2026-07-27T01:22:50.931] [DEBUG] debug-file - entry : default@GenerateLoaderJson cost memory 0.5241851806640625
[2026-07-27T01:22:50.933] [INFO] debug-file - UP-TO-DATE :entry:default@GenerateLoaderJson...  
[2026-07-27T01:22:50.934] [DEBUG] debug-file - Executing task :entry:default@ProcessLibs
[2026-07-27T01:22:50.936] [DEBUG] debug-file - Incremental task entry:default@ProcessLibs pre-execution cost: 1 ms .
[2026-07-27T01:22:50.936] [DEBUG] debug-file - entry : default@ProcessLibs cost memory 0.20230865478515625
[2026-07-27T01:22:50.937] [INFO] debug-file - UP-TO-DATE :entry:default@ProcessLibs...  
[2026-07-27T01:22:50.937] [DEBUG] debug-file - restool module names: entry; moduleName=entry, taskName=default@CompileResource
[2026-07-27T01:22:50.938] [DEBUG] debug-file - Executing task :entry:default@CompileResource
[2026-07-27T01:22:50.942] [DEBUG] debug-file - Incremental task entry:default@CompileResource pre-execution cost: 3 ms .
[2026-07-27T01:22:50.942] [DEBUG] debug-file - entry : default@CompileResource cost memory 0.497039794921875
[2026-07-27T01:22:50.942] [INFO] debug-file - UP-TO-DATE :entry:default@CompileResource...  
[2026-07-27T01:22:50.943] [DEBUG] debug-file - Executing task :entry:default@DoNativeStrip
[2026-07-27T01:22:50.944] [DEBUG] debug-file - File: 'D:\SLE-ID\slekey\entry\build\default\intermediates\binxo\default' from 'doBinxoNativeLibs' is not exists, just ignore.
[2026-07-27T01:22:50.944] [DEBUG] debug-file - Task 'entry:default@DoNativeStrip' cost while wrapping incremental declarations: 1 ms 
[2026-07-27T01:22:50.945] [DEBUG] debug-file - Incremental task entry:default@DoNativeStrip pre-execution cost: 1 ms .
[2026-07-27T01:22:50.945] [DEBUG] debug-file - entry : default@DoNativeStrip cost memory 0.086181640625
[2026-07-27T01:22:50.945] [INFO] debug-file - UP-TO-DATE :entry:default@DoNativeStrip...  
[2026-07-27T01:22:50.946] [DEBUG] debug-file - Executing task :entry:default@CompileArkTS
[2026-07-27T01:22:50.947] [DEBUG] debug-file - obfuscationOptions: undefined
[2026-07-27T01:22:50.948] [DEBUG] debug-file - Task 'entry:default@CompileArkTS' cost while wrapping incremental declarations: 1 ms 
[2026-07-27T01:22:50.953] [DEBUG] debug-file - entry:default@CompileArkTS is not up-to-date, since the input file 'D:\SLE-ID\slekey\entry\src\main\ets' has been changed.
[2026-07-27T01:22:50.953] [DEBUG] debug-file - Incremental task entry:default@CompileArkTS pre-execution cost: 3 ms .
[2026-07-27T01:22:50.961] [DEBUG] debug-file - build config:
[2026-07-27T01:22:50.961] [DEBUG] debug-file - {
  moduleType: 'entry',
  perf: 0,
  targetName: '.default',
  packageManagerType: 'ohpm',
  localPropertiesPath: 'D:\\SLE-ID\\slekey\\local.properties',
  isPreview: false,
  isOhosTest: false,
  isLocalTest: false,
  buildMode: 'Debug',
  hotReloadBuild: undefined,
  watchMode: 'false',
  aceProfilePath: 'D:\\SLE-ID\\slekey\\entry\\build\\default\\intermediates\\res\\default\\resources\\base\\profile',
  etsLoaderPath: 'C:\\Program Files\\Huawei\\DevEco Studio\\sdk\\default\\openharmony\\ets\\build-tools\\ets-loader',
  modulePath: 'D:\\SLE-ID\\slekey\\entry',
  testFrameworkPar: {
    testMode: undefined,
    coveragePathFilter: undefined,
    coverageMode: undefined
  },
  needCoverageInsert: false,
  debugLine: false,
  projectTopDir: 'D:\\SLE-ID\\slekey',
  compileSdkVersion: 23,
  compatibleSdkVersion: 12,
  originCompatibleSdkVersion: '5.0.0(12)',
  compatibleSdkVersionStage: 'beta1',
  bundleName: 'c***p',
  etsLoaderVersion: '6.1.0.105',
  etsLoaderReleaseType: 'Release',
  aotCompileMode: 'type',
  apPath: 'D:\\SLE-ID\\slekey\\entry\\modules.ap',
  entryModuleName: 'entry',
  entryModuleVersion: '1.0.0',
  entryPackageName: 'entry',
  allModuleNameHash: 'f50575914c85e3183d91a020539fc5ec331fa18837794d3ea3a2aada5c34fdd7',
  externalApiPaths: [
    'C:\\Program Files\\Huawei\\DevEco Studio\\sdk\\default\\hms\\ets'
  ],
  compilerTypes: [],
  isCrossplatform: false,
  hvigorPluginFile: undefined,
  compilePluginPath: undefined,
  buildGeneratedProfilePath: 'D:\\SLE-ID\\slekey\\entry\\build\\default\\generated\\profile\\default',
  bundleType: 'app',
  arkTSVersion: '1.0',
  apiVersion: 23,
  needCompleteSourcesMap: false,
  isFaMode: false,
  buildDir: 'D:\\SLE-ID\\slekey\\entry\\build',
  deviceTypes: [ 'phone', 'tablet' ],
  pkgContextInfo: {
    '@ohos/hypium': {
      packageName: '@ohos/hypium',
      bundleName: '*****',
      moduleName: '',
      version: '1.0.19',
      entryPath: 'index.js',
      isSO: false,
      dependencyAlias: ''
    },
    entry: {
      packageName: 'entry',
      bundleName: '*****',
      moduleName: '',
      version: '',
      entryPath: 'src/main/',
      isSO: false,
      dependencyAlias: ''
    }
  },
  ohPackagePathMap: {},
  dependencyAliasMap: {},
  permission: { requestPermissions: [], definePermissions: undefined },
  useGetCurrentBundleName: false,
  projectArkOption: undefined,
  sourceMapDir: undefined,
  branchElimination: false,
  transformLib: undefined,
  tsImportSendable: false,
  resolveConflictMode: true,
  depName2RootPath: {},
  depName2DepInfo: {},
  depName2OhExports: {},
  rootPathSet: [ 'D:\\SLE-ID\\slekey' ],
  useNativeResolver: true,
  shouldEmitJs: true,
  useTscResolve: false,
  singleFileEmit: false,
  userProjectConfig: {
    autoLazyImport: false,
    allowEmptyBundleName: false,
    reExportCheckMode: 'noCheck',
    executionMode: 'memory',
    usePathPlaceholder: false,
    writeRollupCache: true,
    isExpandImportEnabled: false,
    expandImportExclude: '',
    lazyImportExclude: '',
    lazyImportInclude: '',
    ignoreCrossplatformCheck: false,
    isHarDeduplicateEnabled: false,
    skipOhModulesLint: false,
    enableStrictCheckOHModule: false,
    disableSendableCheckRules: [],
    useDeclarationFileSignature: false,
    customizedOptions: undefined,
    integratedHsp: false,
    isPreloadSoEnabled: false
  },
  executionMode: 'memory',
  arkCompileCachePath: 'D:\\SLE-ID\\slekey\\entry\\build\\default\\cache\\default\\default@CompileArkTS\\esmodule',
  autoLazyFilter: undefined,
  isHarDeduplicateEnabled: false,
  intermediateHarDuplicateDirPath: 'D:\\SLE-ID\\slekey\\entry\\build\\default\\intermediates\\har_duplicate\\default',
  autoLazyImport: false,
  allowEmptyBundleName: false,
  reExportCheckMode: 'noCheck',
  usePathPlaceholder: false,
  writeRollupCache: true,
  isExpandImportEnabled: false,
  expandImportExclude: '',
  lazyImportExclude: '',
  lazyImportInclude: '',
  ignoreCrossplatformCheck: false,
  skipOhModulesLint: false,
  enableStrictCheckOHModule: false,
  disableSendableCheckRules: [],
  useDeclarationFileSignature: false,
  customizedOptions: undefined,
  integratedHsp: false,
  isPreloadSoEnabled: false,
  strictMode: {
    caseSensitiveCheck: true,
    useNormalizedOHMUrl: true,
    noExternalImportByPath: true
  },
  useNormalizedOHMUrl: true,
  caseSensitiveCheck: true,
  aceModuleJsonPath: 'D:\\SLE-ID\\slekey\\entry\\build\\default\\intermediates\\res\\default\\ark_module.json',
  appResource: 'D:\\SLE-ID\\slekey\\entry\\build\\default\\intermediates\\res\\default\\ResourceTable.txt',
  rawFileResource: 'D:\\SLE-ID\\slekey\\entry\\build\\default\\intermediates\\res\\default\\resources\\rawfile',
  resourceTableHash: '8d499eae98a35ebfd449f640cb0204dc46fbfe126b8cecf18b5dae055c1b4570',
  runtimeOS: 'HarmonyOS',
  sdkInfo: 'false:23:6.1.0.105:Release',
  aceModuleRoot: 'D:\\SLE-ID\\slekey\\entry\\src\\main\\ets',
  compileMode: 'esmodule',
  aceSuperVisualPath: 'D:\\SLE-ID\\slekey\\entry\\src\\main\\supervisual',
  aceBuildJson: 'D:\\SLE-ID\\slekey\\entry\\build\\default\\intermediates\\loader\\default\\loader.json',
  cachePath: 'D:\\SLE-ID\\slekey\\entry\\build\\default\\cache\\default\\default@CompileArkTS\\esmodule\\debug',
  aceModuleBuild: 'D:\\SLE-ID\\slekey\\entry\\build\\default\\intermediates\\loader_out\\default\\ets',
  supportChunks: true,
  declaredFilesPath: undefined,
  shouldCollectDirectImportees: false,
  isByteCodeHarOptimize: false,
  expandImportPath: undefined,
  resourceTableTs: 'D:\\SLE-ID\\slekey\\entry\\build\\default\\generated\\r\\default\\ResourceTable.ts',
  moduleMetaInfoFiles: [
    {
      filePath: 'D:\\SLE-ID\\slekey\\entry\\build\\default\\generated\\r\\default\\ResourceTable.ts',
      ohmurl: '&entry/build/generated/r/ResourceTable&'
    }
  ],
  pkgNameToPkgBriefInfo: {
    '@ohos/hypium': {
      pkgRoot: 'D:\\SLE-ID\\slekey\\oh_modules\\.ohpm\\@ohos+hypium@1.0.19\\oh_modules\\@ohos\\hypium',
      pkgName: '@ohos/hypium',
      sourceRoots: undefined
    },
    entry: {
      pkgRoot: 'D:\\SLE-ID\\slekey\\entry',
      originalSourceRoots: undefined,
      sourceRoots: [Array],
      pkgName: 'entry'
    }
  },
  projectModel: {
    'D:\\SLE-ID\\slekey\\entry\\src\\main': {
      moduleName: 'entry',
      modulePkgPath: 'D:\\SLE-ID\\slekey\\entry',
      belongProjectPath: 'D:\\SLE-ID\\slekey'
    },
    'D:\\SLE-ID\\slekey\\entry': {
      moduleName: 'entry',
      modulePkgPath: 'D:\\SLE-ID\\slekey\\entry',
      belongProjectPath: 'D:\\SLE-ID\\slekey'
    },
    'D:\\SLE-ID\\slekey': {
      moduleName: 'slekey',
      modulePkgPath: 'D:\\SLE-ID\\slekey',
      belongProjectPath: 'D:\\SLE-ID\\slekey'
    }
  },
  pkgJsonFileHash: 'ec6406b50c1f0667f15176d21572c003d2c01d5ebca6edba903080a6bf4e4385',
  allModulePaths: [ 'D:\\SLE-ID\\slekey\\entry' ],
  routerMap: {},
  obfuscationOptions: undefined,
  byteCodeHarToDependencyKeys: undefined,
  compileBlockPkg: [],
  mockParams: {
    decorator: '@MockSetup',
    packageName: '@ohos/hamock',
    etsSourceRootPath: 'src/main/ets',
    mockConfigPath: undefined,
    mockConfigKey2ModuleInfo: {},
    source2ModuleIdMap: {}
  },
  copyCodeResourceEnable: true,
  copyCodeResourceExcludes: [],
  copyCodeResourceIncludes: undefined,
  uiTransformOptimization: false,
  sdkPath: 'C:/Program Files/Huawei/DevEco Studio/sdk',
  needPreloadSoFileSet: {},
  preloadSoFilePath: 'D:\\SLE-ID\\slekey\\entry\\build\\default\\intermediates\\preload\\default\\preload.json',
  useSourceHash: false,
  localModuleParamMap: {},
  otherPaths: {
    'entry/*': [
      '..\\*',
      '..\\..\\..\\build\\default\\generated\\profile\\default\\*'
    ]
  },
  collectImportersConfig: undefined
}
[2026-07-27T01:22:50.961] [DEBUG] debug-file - Compile arkts with external api path: C:\Program Files\Huawei\DevEco Studio\sdk\default\hms\ets
[2026-07-27T01:22:50.963] [DEBUG] debug-file - default@CompileArkTS work[0] is submitted.
[2026-07-27T01:22:50.963] [DEBUG] debug-file - default@CompileArkTS work[0] is pushed to ready queue.
[2026-07-27T01:22:50.963] [DEBUG] debug-file - A work dispatched to worker[23] failed because unable to get work from ready queue.
[2026-07-27T01:22:50.963] [DEBUG] debug-file - A work dispatched to worker[22] failed because unable to get work from ready queue.
[2026-07-27T01:22:50.963] [DEBUG] debug-file - A work dispatched to worker[21] failed because unable to get work from ready queue.
[2026-07-27T01:22:50.963] [DEBUG] debug-file - A work dispatched to worker[20] failed because unable to get work from ready queue.
[2026-07-27T01:22:50.963] [DEBUG] debug-file - A work dispatched to worker[19] failed because unable to get work from ready queue.
[2026-07-27T01:22:50.963] [DEBUG] debug-file - A work dispatched to worker[18] failed because unable to get work from ready queue.
[2026-07-27T01:22:50.963] [DEBUG] debug-file - A work dispatched to worker[17] failed because unable to get work from ready queue.
[2026-07-27T01:22:50.963] [DEBUG] debug-file - A work dispatched to worker[16] failed because unable to get work from ready queue.
[2026-07-27T01:22:50.964] [DEBUG] debug-file - A work dispatched to worker[15] failed because unable to get work from ready queue.
[2026-07-27T01:22:50.964] [DEBUG] debug-file - A work dispatched to worker[14] failed because unable to get work from ready queue.
[2026-07-27T01:22:50.964] [DEBUG] debug-file - A work dispatched to worker[13] failed because unable to get work from ready queue.
[2026-07-27T01:22:50.964] [DEBUG] debug-file - A work dispatched to worker[12] failed because unable to get work from ready queue.
[2026-07-27T01:22:50.964] [DEBUG] debug-file - A work dispatched to worker[11] failed because unable to get work from ready queue.
[2026-07-27T01:22:50.964] [DEBUG] debug-file - A work dispatched to worker[10] failed because unable to get work from ready queue.
[2026-07-27T01:22:50.964] [DEBUG] debug-file - A work dispatched to worker[9] failed because unable to get work from ready queue.
[2026-07-27T01:22:50.964] [DEBUG] debug-file - A work dispatched to worker[8] failed because unable to get work from ready queue.
[2026-07-27T01:22:50.964] [DEBUG] debug-file - A work dispatched to worker[7] failed because unable to get work from ready queue.
[2026-07-27T01:22:50.964] [DEBUG] debug-file - A work dispatched to worker[6] failed because unable to get work from ready queue.
[2026-07-27T01:22:50.964] [DEBUG] debug-file - A work dispatched to worker[5] failed because unable to get work from ready queue.
[2026-07-27T01:22:50.964] [DEBUG] debug-file - Create  resident worker with id: 4.
[2026-07-27T01:22:50.965] [DEBUG] debug-file - default@CompileArkTS work[0] has been dispatched to worker[4].
[2026-07-27T01:22:50.965] [DEBUG] debug-file - default@CompileArkTS work[0] is dispatched.
[2026-07-27T01:22:50.966] [DEBUG] debug-file - CopyResources startTime: 137870249626100
[2026-07-27T01:22:50.966] [DEBUG] debug-file - default@CompileArkTS work[1] is submitted.
[2026-07-27T01:22:50.966] [DEBUG] debug-file - default@CompileArkTS work[1] is pushed to ready queue.
[2026-07-27T01:22:50.966] [DEBUG] debug-file - A work dispatched to worker[23] failed because unable to get work from ready queue.
[2026-07-27T01:22:50.966] [DEBUG] debug-file - Create  resident worker with id: 22.
[2026-07-27T01:22:50.966] [DEBUG] debug-file - default@CompileArkTS work[1] has been dispatched to worker[22].
[2026-07-27T01:22:50.966] [DEBUG] debug-file - default@CompileArkTS work[1] is dispatched.
[2026-07-27T01:22:50.967] [DEBUG] debug-file - entry : default@CompileArkTS cost memory 2.0545120239257812
[2026-07-27T01:22:50.967] [DEBUG] debug-file - Executing task :entry:default@BuildJS
[2026-07-27T01:22:50.968] [DEBUG] debug-file - Task 'entry:default@BuildJS' cost while wrapping incremental declarations: 1 ms 
[2026-07-27T01:22:50.969] [DEBUG] debug-file - entry : default@BuildJS cost memory 0.15164947509765625
[2026-07-27T01:22:50.969] [DEBUG] debug-file - runTaskFromQueue task cost before running: 1 s 458 ms 
[2026-07-27T01:22:50.969] [INFO] debug-file - Finished :entry:default@BuildJS... after 2 ms 
[2026-07-27T01:22:50.970] [DEBUG] debug-file - Executing task :entry:default@CacheNativeLibs
[2026-07-27T01:22:50.970] [DEBUG] debug-file - File: 'D:\SLE-ID\slekey\entry\build\default\intermediates\binxo\default' from 'cacheBinxoNativeLibs' is not exists, just ignore.
[2026-07-27T01:22:50.970] [DEBUG] debug-file - Task 'entry:default@CacheNativeLibs' cost while wrapping incremental declarations: 1 ms 
[2026-07-27T01:22:50.971] [DEBUG] debug-file - Incremental task entry:default@CacheNativeLibs pre-execution cost: 1 ms .
[2026-07-27T01:22:50.971] [DEBUG] debug-file - entry : default@CacheNativeLibs cost memory 0.1000518798828125
[2026-07-27T01:22:50.971] [INFO] debug-file - UP-TO-DATE :entry:default@CacheNativeLibs...  
[2026-07-27T01:22:51.421] [DEBUG] debug-file - worker[22] has one work done.
[2026-07-27T01:22:51.421] [DEBUG] debug-file - CopyResources is end, endTime: 137870705121900
[2026-07-27T01:22:51.421] [DEBUG] debug-file - default@CompileArkTS work[1] done.
[2026-07-27T01:22:51.421] [DEBUG] debug-file - A work dispatched to worker[22] failed because unable to get work from ready queue.
[2026-07-27T01:22:55.694] [DEBUG] debug-file - worker[4] has one work done.
[2026-07-27T01:22:55.695] [DEBUG] debug-file - Ark compile task finished.finished time is 137874978528500
[2026-07-27T01:22:55.697] [DEBUG] debug-file - default@CompileArkTS work[0] done.
[2026-07-27T01:22:55.697] [DEBUG] debug-file - A work dispatched to worker[4] failed because unable to get work from ready queue.
[2026-07-27T01:22:55.699] [INFO] debug-file - Finished :entry:default@CompileArkTS... after 3 s 668 ms 
[2026-07-27T01:22:55.700] [DEBUG] debug-file - Executing task :entry:default@GeneratePkgModuleJson
[2026-07-27T01:22:55.700] [DEBUG] debug-file - File: 'D:\SLE-ID\slekey\entry\build\default\intermediates\preload\default\preload.json' from 'preloadSoJsonPath' is not exists, just ignore.
[2026-07-27T01:22:55.700] [DEBUG] debug-file - Error occurs while handling @Input 'shouldDeduplicateHar': The "data" argument must be of type string or an instance of Buffer, TypedArray, or DataView. Received undefined
[2026-07-27T01:22:55.701] [DEBUG] debug-file - Task 'entry:default@GeneratePkgModuleJson' cost while wrapping incremental declarations: 1 ms 
[2026-07-27T01:22:55.701] [DEBUG] debug-file - Incremental task entry:default@GeneratePkgModuleJson pre-execution cost: 1 ms .
[2026-07-27T01:22:55.701] [DEBUG] debug-file - entry : default@GeneratePkgModuleJson cost memory 0.0992431640625
[2026-07-27T01:22:55.701] [INFO] debug-file - UP-TO-DATE :entry:default@GeneratePkgModuleJson...  
[2026-07-27T01:22:55.702] [DEBUG] debug-file - Executing task :entry:default@ProcessCompiledResources
[2026-07-27T01:22:55.702] [DEBUG] debug-file - File: 'D:\SLE-ID\slekey\entry\build\default\intermediates\preload\default\preload.json' from 'preloadSoJsonPath' is not exists, just ignore.
[2026-07-27T01:22:55.703] [DEBUG] debug-file - Task 'entry:default@ProcessCompiledResources' cost while wrapping incremental declarations: 1 ms 
[2026-07-27T01:22:55.703] [DEBUG] debug-file - entry : default@ProcessCompiledResources cost memory 0.05895233154296875
[2026-07-27T01:22:55.703] [DEBUG] debug-file - runTaskFromQueue task cost before running: 6 s 192 ms 
[2026-07-27T01:22:55.703] [INFO] debug-file - Finished :entry:default@ProcessCompiledResources... after 1 ms 
[2026-07-27T01:22:55.705] [DEBUG] debug-file - Executing task :entry:default@PackageHap
[2026-07-27T01:22:55.710] [DEBUG] debug-file - entry:default@PackageHap is not up-to-date, since the input file 'D:\SLE-ID\slekey\entry\build\default\intermediates\loader_out\default\ets' has been changed.
[2026-07-27T01:22:55.710] [DEBUG] debug-file - Incremental task entry:default@PackageHap pre-execution cost: 4 ms .
[2026-07-27T01:22:55.711] [DEBUG] debug-file - Use tool [C:\Program Files\Huawei\DevEco Studio\sdk\default\openharmony\toolchains\lib\app_packing_tool.jar]
 [
  'java',
  '-Dfile.encoding=GBK',
  '-jar',
  'C:\\Program Files\\Huawei\\DevEco Studio\\sdk\\default\\openharmony\\toolchains\\lib\\app_packing_tool.jar',
  '--mode',
  'hap',
  '--force',
  'true',
  '--lib-path',
  'D:\\SLE-ID\\slekey\\entry\\build\\default\\intermediates\\stripped_native_libs\\default',
  '--json-path',
  'D:\\SLE-ID\\slekey\\entry\\build\\default\\intermediates\\package\\default\\module.json',
  '--resources-path',
  'D:\\SLE-ID\\slekey\\entry\\build\\default\\intermediates\\res\\default\\resources',
  '--index-path',
  'D:\\SLE-ID\\slekey\\entry\\build\\default\\intermediates\\res\\default\\resources.index',
  '--pack-info-path',
  'D:\\SLE-ID\\slekey\\entry\\build\\default\\outputs\\default\\pack.info',
  '--out-path',
  'D:\\SLE-ID\\slekey\\entry\\build\\default\\outputs\\default\\entry-default-unsigned.hap',
  '--ets-path',
  'D:\\SLE-ID\\slekey\\entry\\build\\default\\intermediates\\loader_out\\default\\ets',
  '--pkg-context-path',
  'D:\\SLE-ID\\slekey\\entry\\build\\default\\intermediates\\loader\\default\\pkgContextInfo.json'
]
[2026-07-27T01:22:55.712] [DEBUG] debug-file - default@PackageHap work[2] is submitted.
[2026-07-27T01:22:55.712] [DEBUG] debug-file - default@PackageHap work[2] is pushed to ready queue.
[2026-07-27T01:22:55.712] [DEBUG] debug-file - A work dispatched to worker[23] failed because unable to get work from ready queue.
[2026-07-27T01:22:55.712] [DEBUG] debug-file - default@PackageHap work[2] has been dispatched to worker[22].
[2026-07-27T01:22:55.712] [DEBUG] debug-file - default@PackageHap work[2] is dispatched.
[2026-07-27T01:22:55.715] [DEBUG] debug-file - entry : default@PackageHap cost memory 0.45366668701171875
[2026-07-27T01:22:55.891] [DEBUG] debug-file - current process  memoryUsage: {
  rss: 783077376,
  heapTotal: 80293888,
  heapUsed: 54089464,
  external: 4176555,
  arrayBuffers: 22783
} os memoryUsage :13.770137786865234
[2026-07-27T01:22:56.255] [DEBUG] debug-file - worker[22] has one work done.
[2026-07-27T01:22:56.255] [DEBUG] debug-file - default@PackageHap work[2] done.
[2026-07-27T01:22:56.255] [DEBUG] debug-file - A work dispatched to worker[22] failed because unable to get work from ready queue.
[2026-07-27T01:22:56.256] [INFO] debug-file - Finished :entry:default@PackageHap... after 377 ms 
[2026-07-27T01:22:56.257] [DEBUG] debug-file - Executing task :entry:default@PackingCheck
[2026-07-27T01:22:56.260] [DEBUG] debug-file - entry : default@PackingCheck cost memory 0.5149383544921875
[2026-07-27T01:22:56.260] [DEBUG] debug-file - runTaskFromQueue task cost before running: 6 s 749 ms 
[2026-07-27T01:22:56.260] [INFO] debug-file - Finished :entry:default@PackingCheck... after 4 ms 
[2026-07-27T01:22:56.261] [DEBUG] debug-file - Executing task :entry:default@SignHap
[2026-07-27T01:22:56.262] [DEBUG] debug-file - entry:default@SignHap is not up-to-date, since the input file 'D:\SLE-ID\slekey\entry\build\default\outputs\default\entry-default-unsigned.hap' has been changed.
[2026-07-27T01:22:56.262] [DEBUG] debug-file - Incremental task entry:default@SignHap pre-execution cost: 1 ms .
[2026-07-27T01:22:56.291] [DEBUG] debug-file - java daemon socket received message:{"code":0,"message":"verify profile success"}
[2026-07-27T01:22:56.295] [DEBUG] debug-file - java daemon socket close code:1000 reason:close by user
[2026-07-27T01:22:56.384] [DEBUG] debug-file - java daemon socket received message:{"code":0,"message":"sign app success"}
[2026-07-27T01:22:56.386] [DEBUG] debug-file - entry : default@SignHap cost memory 0.7864456176757812
[2026-07-27T01:22:56.386] [DEBUG] debug-file - runTaskFromQueue task cost before running: 6 s 875 ms 
[2026-07-27T01:22:56.387] [INFO] debug-file - Finished :entry:default@SignHap... after 125 ms 
[2026-07-27T01:22:56.388] [DEBUG] debug-file - Executing task :entry:default@CollectDebugSymbol
[2026-07-27T01:22:56.389] [DEBUG] debug-file - entry : default@CollectDebugSymbol cost memory 0.07498931884765625
[2026-07-27T01:22:56.389] [DEBUG] debug-file - runTaskFromQueue task cost before running: 6 s 879 ms 
[2026-07-27T01:22:56.390] [INFO] debug-file - Finished :entry:default@CollectDebugSymbol... after 2 ms 
[2026-07-27T01:22:56.390] [DEBUG] debug-file - Executing task :entry:assembleHap
[2026-07-27T01:22:56.390] [DEBUG] debug-file - entry : assembleHap cost memory 0.0147552490234375
[2026-07-27T01:22:56.390] [DEBUG] debug-file - runTaskFromQueue task cost before running: 6 s 879 ms 
[2026-07-27T01:22:56.390] [INFO] debug-file - Finished :entry:assembleHap... after 1 ms 
[2026-07-27T01:22:56.392] [INFO] debug-file - BUILD SUCCESSFUL in 6 s 881 ms 
[2026-07-27T01:22:56.394] [DEBUG] debug-file - Update task entry:default@PreBuild input file:D:\SLE-ID\slekey\AppScope\app.json5 cache by regenerate.
[2026-07-27T01:22:56.394] [DEBUG] debug-file - Update task entry:default@PreBuild input file:D:\SLE-ID\slekey\entry\src\main\module.json5 cache by regenerate.
[2026-07-27T01:22:56.395] [DEBUG] debug-file - Update task entry:default@PreBuild input file:D:\SLE-ID\slekey\build-profile.json5 cache by regenerate.
[2026-07-27T01:22:56.395] [DEBUG] debug-file - Update task entry:default@PreBuild input file:D:\SLE-ID\slekey\entry\build-profile.json5 cache by regenerate.
[2026-07-27T01:22:56.395] [DEBUG] debug-file - Update task entry:default@PreBuild input file:D:\SLE-ID\slekey\entry\src\main\resources\base\profile\main_pages.json cache by regenerate.
[2026-07-27T01:22:56.395] [DEBUG] debug-file - Update task entry:default@PreBuild input file:D:\SLE-ID\slekey\hvigor\hvigor-config.json5 cache by regenerate.
[2026-07-27T01:22:56.395] [DEBUG] debug-file - Update task entry:default@PreBuild input file:D:\SLE-ID\slekey\entry\oh-package.json5 cache by regenerate.
[2026-07-27T01:22:56.396] [DEBUG] debug-file - Update task entry:default@PreBuild input file:D:\SLE-ID\slekey\oh-package.json5 cache by regenerate.
[2026-07-27T01:22:56.396] [DEBUG] debug-file - Incremental task entry:default@PreBuild post-execution cost:3 ms .
[2026-07-27T01:22:56.396] [DEBUG] debug-file - Update task entry:default@CreateModuleInfo output file:D:\SLE-ID\slekey\entry\build\default\generated\profile\default\ModuleInfo.ts cache.
[2026-07-27T01:22:56.397] [DEBUG] debug-file - Incremental task entry:default@CreateModuleInfo post-execution cost:1 ms .
[2026-07-27T01:22:56.397] [DEBUG] debug-file - There is no need to refresh cache, since the incremental task entry:default@GenerateMetadata is up-to-date.
[2026-07-27T01:22:56.397] [DEBUG] debug-file - There is no need to refresh cache, since the incremental task entry:default@MergeProfile is up-to-date.
[2026-07-27T01:22:56.397] [DEBUG] debug-file - There is no need to refresh cache, since the incremental task entry:default@CreateBuildProfile is up-to-date.
[2026-07-27T01:22:56.397] [DEBUG] debug-file - There is no need to refresh cache, since the incremental task entry:default@GeneratePkgContextInfo is up-to-date.
[2026-07-27T01:22:56.397] [DEBUG] debug-file - Update task entry:default@GeneratePkgSdkInfo output file:D:\SLE-ID\slekey\entry\build\default\intermediates\loader\default\pkgSdkInfo.json cache.
[2026-07-27T01:22:56.397] [DEBUG] debug-file - Incremental task entry:default@GeneratePkgSdkInfo post-execution cost:1 ms .
[2026-07-27T01:22:56.398] [DEBUG] debug-file - Update task entry:default@ProcessIntegratedHsp output file:D:\SLE-ID\slekey\build\cache\default\integrated_hsp\integratedHspCache.json cache.
[2026-07-27T01:22:56.398] [DEBUG] debug-file - Incremental task entry:default@ProcessIntegratedHsp post-execution cost:1 ms .
[2026-07-27T01:22:56.398] [DEBUG] debug-file - There is no need to refresh cache, since the incremental task entry:default@MakePackInfo is up-to-date.
[2026-07-27T01:22:56.398] [DEBUG] debug-file - Update task entry:default@SyscapTransform input file:C:\Program Files\Huawei\DevEco Studio\sdk\default\openharmony\toolchains\syscap_tool.exe cache by regenerate.
[2026-07-27T01:22:56.398] [DEBUG] debug-file - Update task entry:default@SyscapTransform input file:C:\Program Files\Huawei\DevEco Studio\sdk\default\openharmony\ets\api\device-define cache by regenerate.
[2026-07-27T01:22:56.399] [DEBUG] debug-file - Update task entry:default@SyscapTransform output file:D:\SLE-ID\slekey\entry\build\default\intermediates\syscap\default\rpcid.sc cache.
[2026-07-27T01:22:56.399] [DEBUG] debug-file - Incremental task entry:default@SyscapTransform post-execution cost:1 ms .
[2026-07-27T01:22:56.399] [DEBUG] debug-file - There is no need to refresh cache, since the incremental task entry:default@ProcessProfile is up-to-date.
[2026-07-27T01:22:56.399] [DEBUG] debug-file - There is no need to refresh cache, since the incremental task entry:default@ProcessRouterMap is up-to-date.
[2026-07-27T01:22:56.399] [DEBUG] debug-file - There is no need to refresh cache, since the incremental task entry:default@ProcessShareConfig is up-to-date.
[2026-07-27T01:22:56.399] [DEBUG] debug-file - Update task entry:default@ProcessStartupConfig input file:D:\SLE-ID\slekey\entry\build\default\intermediates\loader\default\pkgContextInfo.json cache by regenerate.
[2026-07-27T01:22:56.399] [DEBUG] debug-file - Update task entry:default@ProcessStartupConfig output file:D:\SLE-ID\slekey\entry\build\default\intermediates\startup\default\startup_config.json cache.
[2026-07-27T01:22:56.400] [DEBUG] debug-file - Incremental task entry:default@ProcessStartupConfig post-execution cost:1 ms .
[2026-07-27T01:22:56.400] [DEBUG] debug-file - There is no need to refresh cache, since the incremental task entry:default@ProcessResource is up-to-date.
[2026-07-27T01:22:56.400] [DEBUG] debug-file - There is no need to refresh cache, since the incremental task entry:default@GenerateLoaderJson is up-to-date.
[2026-07-27T01:22:56.400] [DEBUG] debug-file - There is no need to refresh cache, since the incremental task entry:default@ProcessLibs is up-to-date.
[2026-07-27T01:22:56.400] [DEBUG] debug-file - There is no need to refresh cache, since the incremental task entry:default@CompileResource is up-to-date.
[2026-07-27T01:22:56.400] [DEBUG] debug-file - There is no need to refresh cache, since the incremental task entry:default@DoNativeStrip is up-to-date.
[2026-07-27T01:22:56.401] [DEBUG] debug-file - Update task entry:default@CompileArkTS input file:D:\SLE-ID\slekey\entry\build\default\intermediates\loader\default cache by regenerate.
[2026-07-27T01:22:56.401] [DEBUG] debug-file - Update task entry:default@CompileArkTS input file:D:\SLE-ID\slekey\oh_modules\.ohpm\@ohos+hypium@1.0.19\oh_modules\@ohos\hypium\index.js cache by regenerate.
[2026-07-27T01:22:56.401] [DEBUG] debug-file - Update task entry:default@CompileArkTS input file:D:\SLE-ID\slekey\entry\build\default\intermediates\res\default\resources\rawfile cache by regenerate.
[2026-07-27T01:22:56.402] [DEBUG] debug-file - Update task entry:default@CompileArkTS input file:D:\SLE-ID\slekey\entry\build\default\intermediates\res\default\ResourceTable.txt cache by regenerate.
[2026-07-27T01:22:56.402] [DEBUG] debug-file - Update task entry:default@CompileArkTS input file:D:\SLE-ID\slekey\entry\build\default\intermediates\res\default\ark_module.json cache by regenerate.
[2026-07-27T01:22:56.402] [DEBUG] debug-file - Update task entry:default@CompileArkTS input file:D:\SLE-ID\slekey\entry\build\default\intermediates\res\default\resources\base\profile cache by regenerate.
[2026-07-27T01:22:56.402] [DEBUG] debug-file - Update task entry:default@CompileArkTS input file:D:\SLE-ID\slekey\entry\src\main\ets cache from map.
[2026-07-27T01:22:56.402] [DEBUG] debug-file - Update task entry:default@CompileArkTS input file:D:\SLE-ID\slekey\entry\build\default\intermediates\loader\default\pkgContextInfo.json cache by regenerate.
[2026-07-27T01:22:56.402] [DEBUG] debug-file - Update task entry:default@CompileArkTS input file:D:\SLE-ID\slekey\entry\build\default\generated\profile\default\BuildProfile.ets cache by regenerate.
[2026-07-27T01:22:56.403] [DEBUG] debug-file - Update task entry:default@CompileArkTS output file:D:\SLE-ID\slekey\entry\build\default\intermediates\loader_out\default\ets cache.
[2026-07-27T01:22:56.403] [DEBUG] debug-file - Incremental task entry:default@CompileArkTS post-execution cost:3 ms .
[2026-07-27T01:22:56.404] [DEBUG] debug-file - Update task entry:default@BuildJS input file:D:\SLE-ID\slekey\entry\build\default\intermediates\loader\default cache by regenerate.
[2026-07-27T01:22:56.404] [DEBUG] debug-file - Update task entry:default@BuildJS input file:D:\SLE-ID\slekey\oh_modules\.ohpm\@ohos+hypium@1.0.19\oh_modules\@ohos\hypium\index.js cache by regenerate.
[2026-07-27T01:22:56.404] [DEBUG] debug-file - Update task entry:default@BuildJS input file:D:\SLE-ID\slekey\entry\build\default\intermediates\res\default\resources\rawfile cache by regenerate.
[2026-07-27T01:22:56.404] [DEBUG] debug-file - Update task entry:default@BuildJS input file:D:\SLE-ID\slekey\entry\build\default\intermediates\res\default\ResourceTable.txt cache by regenerate.
[2026-07-27T01:22:56.404] [DEBUG] debug-file - Update task entry:default@BuildJS input file:D:\SLE-ID\slekey\entry\build\default\intermediates\res\default\ark_module.json cache by regenerate.
[2026-07-27T01:22:56.404] [DEBUG] debug-file - Update task entry:default@BuildJS input file:D:\SLE-ID\slekey\entry\build\default\intermediates\res\default\resources\base\profile cache by regenerate.
[2026-07-27T01:22:56.405] [DEBUG] debug-file - Update task entry:default@BuildJS input file:D:\SLE-ID\slekey\entry\build\default\intermediates\loader\default\pkgContextInfo.json cache by regenerate.
[2026-07-27T01:22:56.405] [DEBUG] debug-file - Update task entry:default@BuildJS output file:D:\SLE-ID\slekey\entry\build\default\intermediates\loader_out\default\js cache.
[2026-07-27T01:22:56.405] [DEBUG] debug-file - Incremental task entry:default@BuildJS post-execution cost:3 ms .
[2026-07-27T01:22:56.405] [DEBUG] debug-file - There is no need to refresh cache, since the incremental task entry:default@CacheNativeLibs is up-to-date.
[2026-07-27T01:22:56.405] [DEBUG] debug-file - There is no need to refresh cache, since the incremental task entry:default@GeneratePkgModuleJson is up-to-date.
[2026-07-27T01:22:56.405] [DEBUG] debug-file - Incremental task entry:default@ProcessCompiledResources post-execution cost:1 ms .
[2026-07-27T01:22:56.406] [DEBUG] debug-file - Update task entry:default@PackageHap input file:D:\SLE-ID\slekey\entry\build\default\intermediates\stripped_native_libs\default cache by regenerate.
[2026-07-27T01:22:56.406] [DEBUG] debug-file - Update task entry:default@PackageHap input file:D:\SLE-ID\slekey\entry\build\default\intermediates\res\default\module.json cache by regenerate.
[2026-07-27T01:22:56.406] [DEBUG] debug-file - Update task entry:default@PackageHap input file:D:\SLE-ID\slekey\entry\build\default\intermediates\res\default\resources cache by regenerate.
[2026-07-27T01:22:56.407] [DEBUG] debug-file - Update task entry:default@PackageHap input file:D:\SLE-ID\slekey\entry\build\default\intermediates\res\default\resources.index cache by regenerate.
[2026-07-27T01:22:56.407] [DEBUG] debug-file - Update task entry:default@PackageHap input file:D:\SLE-ID\slekey\entry\build\default\outputs\default\pack.info cache by regenerate.
[2026-07-27T01:22:56.407] [DEBUG] debug-file - Update task entry:default@PackageHap input file:D:\SLE-ID\slekey\entry\build\default\intermediates\loader_out\default\ets cache from map.
[2026-07-27T01:22:56.407] [DEBUG] debug-file - Update task entry:default@PackageHap input file:D:\SLE-ID\slekey\entry\build\default\intermediates\loader\default\pkgContextInfo.json cache by regenerate.
[2026-07-27T01:22:56.407] [DEBUG] debug-file - Update task entry:default@PackageHap input file:D:\SLE-ID\slekey\entry\build\default\intermediates\loader_out\default\ets\sourceMaps.map cache by regenerate.
[2026-07-27T01:22:56.407] [DEBUG] debug-file - Update task entry:default@PackageHap input file:D:\SLE-ID\slekey\entry\build\default\generated\profile\default\BuildProfile.ets cache by regenerate.
[2026-07-27T01:22:56.407] [DEBUG] debug-file - Update task entry:default@PackageHap output file:D:\SLE-ID\slekey\entry\build\default\outputs\default\entry-default-unsigned.hap cache.
[2026-07-27T01:22:56.407] [DEBUG] debug-file - Update task entry:default@PackageHap output file:D:\SLE-ID\slekey\entry\build\default\intermediates\source_map\default\sourceMaps.map cache.
[2026-07-27T01:22:56.407] [DEBUG] debug-file - Update task entry:default@PackageHap output file:D:\SLE-ID\slekey\entry\build\default\outputs\default\mapping\sourceMaps.map cache.
[2026-07-27T01:22:56.407] [DEBUG] debug-file - Incremental task entry:default@PackageHap post-execution cost:3 ms .
[2026-07-27T01:22:56.408] [DEBUG] debug-file - Update task entry:default@SignHap input file:C:\Users\32569\.ohos\config\default_slekey_UdSWNgKqYUi41KW_P95ww1Ca7HcZmrBKmrk2w4ao7DE=.cer cache by regenerate.
[2026-07-27T01:22:56.408] [DEBUG] debug-file - Update task entry:default@SignHap input file:C:\Users\32569\.ohos\config\default_slekey_UdSWNgKqYUi41KW_P95ww1Ca7HcZmrBKmrk2w4ao7DE=.p7b cache by regenerate.
[2026-07-27T01:22:56.408] [DEBUG] debug-file - Update task entry:default@SignHap input file:C:\Users\32569\.ohos\config\default_slekey_UdSWNgKqYUi41KW_P95ww1Ca7HcZmrBKmrk2w4ao7DE=.p12 cache by regenerate.
[2026-07-27T01:22:56.408] [DEBUG] debug-file - Update task entry:default@SignHap input file:D:\SLE-ID\slekey\entry\build\default\outputs\default\entry-default-unsigned.hap cache from map.
[2026-07-27T01:22:56.408] [DEBUG] debug-file - Update task entry:default@SignHap output file:D:\SLE-ID\slekey\entry\build\default\outputs\default\entry-default-signed.hap cache.
[2026-07-27T01:22:56.408] [DEBUG] debug-file - Incremental task entry:default@SignHap post-execution cost:1 ms .
[2026-07-27T01:22:56.408] [DEBUG] debug-file - Update task entry:default@CollectDebugSymbol input file:D:\SLE-ID\slekey\entry\build\default\intermediates\loader_out\default\ets\sourceMaps.map cache by regenerate.
[2026-07-27T01:22:56.408] [DEBUG] debug-file - Update task entry:default@CollectDebugSymbol input file:D:\SLE-ID\slekey\entry\build\default\intermediates\libs\default cache by regenerate.
[2026-07-27T01:22:56.409] [DEBUG] debug-file - Update task entry:default@CollectDebugSymbol output file:D:\SLE-ID\slekey\entry\build\default\outputs\default\symbol cache.
[2026-07-27T01:22:56.409] [DEBUG] debug-file - Incremental task entry:default@CollectDebugSymbol post-execution cost:1 ms .
[2026-07-27T01:22:56.423] [DEBUG] debug-file - Cleanup worker 0.
[2026-07-27T01:22:56.424] [DEBUG] debug-file - Worker 0 has been cleaned up.
[2026-07-27T01:22:56.424] [DEBUG] debug-file - Current idle worker size: 3.
[2026-07-27T01:22:56.424] [DEBUG] debug-file - Current resident worker size: 4.
[2026-07-27T01:22:56.424] [DEBUG] debug-file - Cleanup worker 1.
[2026-07-27T01:22:56.424] [DEBUG] debug-file - Worker 1 has been cleaned up.
[2026-07-27T01:22:56.424] [DEBUG] debug-file - Current idle worker size: 2.
[2026-07-27T01:22:56.424] [DEBUG] debug-file - Current resident worker size: 4.
[2026-07-27T01:22:56.424] [DEBUG] debug-file - Cleanup worker 22.
[2026-07-27T01:22:56.424] [DEBUG] debug-file - Worker 22 has been cleaned up.
[2026-07-27T01:22:56.424] [DEBUG] debug-file - Current idle worker size: 1.
[2026-07-27T01:22:56.424] [DEBUG] debug-file - Current resident worker size: 4.
[2026-07-27T01:22:56.425] [DEBUG] debug-file - hvigor build process will be closed.
[2026-07-27T01:22:56.430] [DEBUG] debug-file - session manager: send message to worker process.
[2026-07-27T01:22:56.431] [DEBUG] debug-file - session manager: send message to worker process.
[2026-07-27T01:22:56.425] [DEBUG] debug-file - java daemon socket close code:1000 reason:close by user
[2026-07-27T01:22:56.428] [DEBUG] debug-file - worker[1] exits with exit code 1.
[2026-07-27T01:22:56.428] [DEBUG] debug-file - worker[0] exits with exit code 1.
[2026-07-27T01:22:56.430] [DEBUG] debug-file - watch worker: worker id should be larger than 0. Nothing will be sent to any worker thread.
[2026-07-27T01:22:56.430] [DEBUG] debug-file - watch worker: worker id should be larger than 0. Nothing will be sent to any worker thread.
[2026-07-27T01:22:56.432] [DEBUG] debug-file - worker[22] exits with exit code 1.
[2026-07-27T01:23:24.618] [DEBUG] debug-file - env: nodejsVersion=v18.20.1
[2026-07-27T01:23:24.698] [DEBUG] debug-file - env: daemon=true
[2026-07-27T01:23:24.619] [DEBUG] debug-file - env: hvigor-config.json5 content = {
  modelVersion: '5.0.0',
  dependencies: {},
  execution: {},
  logging: {},
  debugging: {},
  nodeOptions: {}
}
[2026-07-27T01:23:25.272] [DEBUG] debug-file - hvigor java daemon: Starting java daemon. jvmXmxValue=512m, jarPath=C:\Program Files\Huawei\DevEco Studio\tools\hvigor\hvigor\lib\hvigor-java-daemon.jar
[2026-07-27T01:23:25.273] [DEBUG] debug-file - hvigor java daemon: Read cache file, 
    port=45050, pid=15400, sessionId exists=true
[2026-07-27T01:23:25.292] [DEBUG] debug-file - hvigor java daemon: tryConnect success
[2026-07-27T01:23:25.315] [DEBUG] debug-file - session manager: set active socket. socketId=2gYnqEHsOIYfLCrHAAAB
[2026-07-27T01:23:25.873] [DEBUG] debug-file - watch worker: worker id should be larger than 0. Nothing will be sent to any worker thread.
[2026-07-27T01:23:25.876] [DEBUG] debug-file - Since there is no instance or instance is terminated, create a new worker pool.
[2026-07-27T01:23:25.876] [DEBUG] debug-file - Worker pool is initialized with config:  {
  minPoolNum: 2,
  maxPoolNum: undefined,
  maxCoreSize: undefined,
  cacheCapacity: undefined,
  cacheTtl: undefined
}
[2026-07-27T01:23:25.877] [DEBUG] debug-file - Create  resident worker with id: 0.
[2026-07-27T01:23:25.878] [DEBUG] debug-file - Create  resident worker with id: 1.
[2026-07-27T01:23:25.880] [DEBUG] debug-file - Workers' log level updated to INFO
[2026-07-27T01:23:25.886] [DEBUG] debug-file - Hvigor init with startParameters:{
  hvigorfileTypeCheck: false,
  parallelExecution: true,
  incrementalExecution: true,
  printStackTrace: false,
  daemon: true,
  analyze: 0,
  logLevel: Level { level: 20000, levelStr: 'INFO', colour: 'green' },
  optimizationStrategy: 'memory',
  hotCompile: undefined,
  hotReloadBuild: undefined,
  customizedParam: undefined
}
[2026-07-27T01:23:25.890] [DEBUG] debug-file - Cache service initialization finished in 4 ms 
[2026-07-27T01:23:25.892] [DEBUG] debug-file - hvigorfile, resolving D:\SLE-ID\slekey\hvigorfile.ts
[2026-07-27T01:23:27.032] [DEBUG] debug-file - hvigorfile, require result:  { default: { plugins: [] } }
[2026-07-27T01:23:27.032] [DEBUG] debug-file - hvigorfile, binding system plugins null
[2026-07-27T01:23:27.032] [DEBUG] debug-file - Starting plugin build process
[2026-07-27T01:23:27.033] [DEBUG] debug-file - App plugin prepare start...
[2026-07-27T01:23:27.033] [DEBUG] debug-file - App plugin prepare end...
[2026-07-27T01:23:27.033] [DEBUG] debug-file - App plugin creating...
[2026-07-27T01:23:27.173] [DEBUG] debug-file - App plugin register hook start...
[2026-07-27T01:23:27.173] [DEBUG] debug-file - App plugin register hook end...
[2026-07-27T01:23:27.173] [DEBUG] debug-file - Plugin build process completed
[2026-07-27T01:23:27.175] [DEBUG] debug-file - Start initialize project's product build option map with build mode debug.
[2026-07-27T01:23:27.175] [DEBUG] debug-file - Picking option from product 'default' with build mode 'debug'.
[2026-07-27T01:23:27.175] [DEBUG] debug-file - Product 'default' build option initialized
[2026-07-27T01:23:27.175] [DEBUG] debug-file - End initialize project's product build option map with build mode 'debug'.
[2026-07-27T01:23:27.177] [DEBUG] debug-file - Obtain build option for product 'default'in this build.
[2026-07-27T01:23:27.178] [DEBUG] debug-file - D:\SLE-ID\slekey\build\cache\default\remote_hsp\remoteHspCache.json not exists.
[2026-07-27T01:23:27.180] [DEBUG] debug-file - Local scan or download HarmonyOS sdk components toolchains,ets,js,native,previewer
[2026-07-27T01:23:27.182] [DEBUG] debug-file - Local scan or download hmscore sdk components toolchains,ets,native
[2026-07-27T01:23:27.183] [DEBUG] debug-file - Start recording SDK configuration permission data.
[2026-07-27T01:23:27.209] [DEBUG] debug-file - Sdk init in 31 ms 
[2026-07-27T01:23:27.215] [DEBUG] debug-file - Project task initialization takes 5 ms 
[2026-07-27T01:23:27.215] [DEBUG] debug-file - hvigorfile, begin to bind custom plugins...
[2026-07-27T01:23:27.215] [DEBUG] debug-file - hvigorfile, no custom plugins were found in D:\SLE-ID\slekey\hvigorfile.ts
[2026-07-27T01:23:27.215] [DEBUG] debug-file - hvigorfile, resolve finished D:\SLE-ID\slekey\hvigorfile.ts
[2026-07-27T01:23:27.217] [DEBUG] debug-file - hvigorfile, resolving D:\SLE-ID\slekey\entry\hvigorfile.ts
[2026-07-27T01:23:27.222] [DEBUG] debug-file - hvigorfile, require result:  { default: { plugins: [] } }
[2026-07-27T01:23:27.222] [DEBUG] debug-file - hvigorfile, binding system plugins null
[2026-07-27T01:23:27.223] [DEBUG] debug-file - Starting plugin build process
[2026-07-27T01:23:27.223] [DEBUG] debug-file - Hap plugin creating...
[2026-07-27T01:23:27.223] [DEBUG] debug-file - failed to load cangjie to dynamically generate schemas: Error: Cannot find module '@ohos/cangjie-build-support/index'
Require stack:
- C:\Program Files\Huawei\DevEco Studio\tools\hvigor\hvigor-ohos-plugin\src\plugin\hooks\cangjie-register.js
- C:\Program Files\Huawei\DevEco Studio\tools\hvigor\hvigor-ohos-plugin\src\plugin\strategy\stage-init-strategy.js
- C:\Program Files\Huawei\DevEco Studio\tools\hvigor\hvigor-ohos-plugin\src\plugin\builder\abstract-plugin-builder.js
- C:\Program Files\Huawei\DevEco Studio\tools\hvigor\hvigor-ohos-plugin\src\plugin\builder\app-plugin-builder.js
- C:\Program Files\Huawei\DevEco Studio\tools\hvigor\hvigor-ohos-plugin\src\plugin\factory\plugin-factory.js
- C:\Program Files\Huawei\DevEco Studio\tools\hvigor\hvigor-ohos-plugin\index.js
- D:\SLE-ID\slekey\hvigorfile.ts
- C:\Program Files\Huawei\DevEco Studio\tools\hvigor\hvigor\src\base\internal\lifecycle\configuration.js
- C:\Program Files\Huawei\DevEco Studio\tools\hvigor\hvigor\src\base\boot\index.js
- C:\Program Files\Huawei\DevEco Studio\tools\hvigor\hvigor\src\base\daemon\cluster\worker-process-lifecycle.js
- C:\Program Files\Huawei\DevEco Studio\tools\hvigor\hvigor\src\base\daemon\process\daemon-process-boot-script.js
[2026-07-27T01:23:27.234] [DEBUG] debug-file - Start initialize module-target build option map, moduleName=entry, buildMode=debug
[2026-07-27T01:23:27.234] [DEBUG] debug-file - Target 'default' config initialized
[2026-07-27T01:23:27.235] [DEBUG] debug-file - Module 'entry' target 'default' build option initialized
[2026-07-27T01:23:27.235] [DEBUG] debug-file - End initialize module-target build option map, moduleName=entry
[2026-07-27T01:23:27.235] [DEBUG] debug-file - Start initialize module-target build option map, moduleName=entry, buildMode=release
[2026-07-27T01:23:27.235] [DEBUG] debug-file - Target 'default' config initialized
[2026-07-27T01:23:27.235] [DEBUG] debug-file - Module 'entry' target 'default' build option initialized
[2026-07-27T01:23:27.235] [DEBUG] debug-file - End initialize module-target build option map, moduleName=entry
[2026-07-27T01:23:27.235] [DEBUG] debug-file - Start initialize module-target build option map, moduleName=entry, buildMode=debug
[2026-07-27T01:23:27.235] [DEBUG] debug-file - Target 'default' config initialized
[2026-07-27T01:23:27.235] [DEBUG] debug-file - Module 'entry' target 'default' build option initialized
[2026-07-27T01:23:27.235] [DEBUG] debug-file - End initialize module-target build option map, moduleName=entry
[2026-07-27T01:23:27.236] [DEBUG] debug-file - Obtain build option for module 'entry' target 'default'in this build.
[2026-07-27T01:23:27.239] [DEBUG] debug-file - Module entry task initialization takes 3 ms 
[2026-07-27T01:23:27.239] [DEBUG] debug-file - Hap plugin register hook start...
[2026-07-27T01:23:27.239] [DEBUG] debug-file - Hap plugin register hook end...
[2026-07-27T01:23:27.239] [DEBUG] debug-file - Plugin build process completed
[2026-07-27T01:23:27.239] [DEBUG] debug-file - hvigorfile, begin to bind custom plugins...
[2026-07-27T01:23:27.239] [DEBUG] debug-file - hvigorfile, no custom plugins were found in D:\SLE-ID\slekey\entry\hvigorfile.ts
[2026-07-27T01:23:27.239] [DEBUG] debug-file - hvigorfile, resolve finished D:\SLE-ID\slekey\entry\hvigorfile.ts
[2026-07-27T01:23:27.287] [DEBUG] debug-file - hvigorfile, resolve hvigorfile dependencies in 47 ms 
[2026-07-27T01:23:27.287] [DEBUG] debug-file - project has submodules:entry
[2026-07-27T01:23:27.288] [DEBUG] debug-file - start to load updatedOhPackageInfo to the disk
[2026-07-27T01:23:27.290] [DEBUG] debug-file - load to the disk finished
[2026-07-27T01:23:27.291] [DEBUG] debug-file - Start to initialize dependency information.
[2026-07-27T01:23:27.295] [DEBUG] debug-file - Module slekey Collected Dependency: D:\SLE-ID\slekey\oh_modules\.ohpm\@ohos+hypium@1.0.19\oh_modules\@ohos\hypium
[2026-07-27T01:23:27.295] [DEBUG] debug-file - Module slekey's total dependency: 1
[2026-07-27T01:23:27.296] [DEBUG] debug-file - Start to initialize dependency information.
[2026-07-27T01:23:27.298] [DEBUG] debug-file - Module entry Collected Dependency: D:\SLE-ID\slekey\oh_modules\.ohpm\@ohos+hypium@1.0.19\oh_modules\@ohos\hypium
[2026-07-27T01:23:27.298] [DEBUG] debug-file - Module entry's total dependency: 1
[2026-07-27T01:23:27.300] [DEBUG] debug-file - Configuration phase cost:1 s 410 ms 
[2026-07-27T01:23:27.302] [DEBUG] debug-file - Configuration task cost before running: 1 s 422 ms 
[2026-07-27T01:23:27.306] [DEBUG] debug-file - Executing task :entry:default@PreBuild
[2026-07-27T01:23:27.307] [DEBUG] debug-file - Task 'entry:default@PreBuild' cost while wrapping incremental declarations: 1 ms 
[2026-07-27T01:23:27.312] [DEBUG] debug-file - entry:default@PreBuild is not up-to-date, since the task snapshots are different.
[2026-07-27T01:23:27.313] [DEBUG] debug-file - Incremental task entry:default@PreBuild pre-execution cost: 4 ms .
[2026-07-27T01:23:27.402] [DEBUG] debug-file - current product is not Atomic service.
[2026-07-27T01:23:27.403] [DEBUG] debug-file - Use tool [win32: JAVA_HOME, CLASSPATH]
 [
  { JAVA_HOME: 'C:\\Program Files\\Huawei\\DevEco Studio\\jbr' },
  { CLASSPATH: undefined }
]
[2026-07-27T01:23:27.403] [DEBUG] debug-file - Use tool [win32: NODE_HOME]
 [
  {
    NODE_HOME: 'C:\\Program Files\\Huawei\\DevEco Studio\\tools\\node'
  }
]
[2026-07-27T01:23:27.404] [DEBUG] debug-file - entry : default@PreBuild cost memory 13.749565124511719
[2026-07-27T01:23:27.404] [DEBUG] debug-file - runTaskFromQueue task cost before running: 1 s 525 ms 
[2026-07-27T01:23:27.406] [INFO] debug-file - Finished :entry:default@PreBuild... after 99 ms 
[2026-07-27T01:23:27.407] [DEBUG] debug-file - Executing task :entry:default@CreateModuleInfo
[2026-07-27T01:23:27.408] [DEBUG] debug-file - Task 'entry:default@CreateModuleInfo' cost while wrapping incremental declarations: 1 ms 
[2026-07-27T01:23:27.408] [DEBUG] debug-file - entry : default@CreateModuleInfo cost memory 0.04248809814453125
[2026-07-27T01:23:27.408] [DEBUG] debug-file - runTaskFromQueue task cost before running: 1 s 529 ms 
[2026-07-27T01:23:27.408] [INFO] debug-file - Finished :entry:default@CreateModuleInfo... after 1 ms 
[2026-07-27T01:23:27.411] [DEBUG] debug-file - Executing task :entry:default@GenerateMetadata
[2026-07-27T01:23:27.411] [DEBUG] debug-file - Task 'entry:default@GenerateMetadata' cost while wrapping incremental declarations: 1 ms 
[2026-07-27T01:23:27.412] [DEBUG] debug-file - Incremental task entry:default@GenerateMetadata pre-execution cost: 1 ms .
[2026-07-27T01:23:27.412] [DEBUG] debug-file - entry : default@GenerateMetadata cost memory 0.0878143310546875
[2026-07-27T01:23:27.413] [INFO] debug-file - UP-TO-DATE :entry:default@GenerateMetadata...  
[2026-07-27T01:23:27.413] [DEBUG] debug-file - Executing task :entry:default@ConfigureCmake
[2026-07-27T01:23:27.414] [DEBUG] debug-file - entry : default@ConfigureCmake cost memory 0.014556884765625
[2026-07-27T01:23:27.414] [DEBUG] debug-file - runTaskFromQueue task cost before running: 1 s 534 ms 
[2026-07-27T01:23:27.414] [INFO] debug-file - Finished :entry:default@ConfigureCmake... after 1 ms 
[2026-07-27T01:23:27.415] [DEBUG] debug-file - Executing task :entry:default@MergeProfile
[2026-07-27T01:23:27.415] [DEBUG] debug-file - Task 'entry:default@MergeProfile' cost while wrapping incremental declarations: 1 ms 
[2026-07-27T01:23:27.417] [DEBUG] debug-file - Incremental task entry:default@MergeProfile pre-execution cost: 2 ms .
[2026-07-27T01:23:27.417] [DEBUG] debug-file - entry : default@MergeProfile cost memory 0.146759033203125
[2026-07-27T01:23:27.417] [INFO] debug-file - UP-TO-DATE :entry:default@MergeProfile...  
[2026-07-27T01:23:27.418] [DEBUG] debug-file - Executing task :entry:default@CreateBuildProfile
[2026-07-27T01:23:27.419] [DEBUG] debug-file - Task 'entry:default@CreateBuildProfile' cost while wrapping incremental declarations: 1 ms 
[2026-07-27T01:23:27.419] [DEBUG] debug-file - Incremental task entry:default@CreateBuildProfile pre-execution cost: 1 ms .
[2026-07-27T01:23:27.420] [DEBUG] debug-file - entry : default@CreateBuildProfile cost memory 0.10396575927734375
[2026-07-27T01:23:27.420] [INFO] debug-file - UP-TO-DATE :entry:default@CreateBuildProfile...  
[2026-07-27T01:23:27.420] [DEBUG] debug-file - Executing task :entry:default@PreCheckSyscap
[2026-07-27T01:23:27.421] [DEBUG] debug-file - entry : default@PreCheckSyscap cost memory 0.01479339599609375
[2026-07-27T01:23:27.421] [DEBUG] debug-file - runTaskFromQueue task cost before running: 1 s 541 ms 
[2026-07-27T01:23:27.421] [INFO] debug-file - Finished :entry:default@PreCheckSyscap... after 1 ms 
[2026-07-27T01:23:27.422] [DEBUG] debug-file - Executing task :entry:default@GeneratePkgContextInfo
[2026-07-27T01:23:27.429] [DEBUG] debug-file - Task 'entry:default@GeneratePkgContextInfo' cost while wrapping incremental declarations: 1 ms 
[2026-07-27T01:23:27.429] [DEBUG] debug-file - Incremental task entry:default@GeneratePkgContextInfo pre-execution cost: 1 ms .
[2026-07-27T01:23:27.429] [DEBUG] debug-file - entry : default@GeneratePkgContextInfo cost memory 0.5749130249023438
[2026-07-27T01:23:27.429] [INFO] debug-file - UP-TO-DATE :entry:default@GeneratePkgContextInfo...  
[2026-07-27T01:23:27.430] [DEBUG] debug-file - Executing task :entry:default@GeneratePkgSdkInfo
[2026-07-27T01:23:27.431] [DEBUG] debug-file - Dependency key: @ohos/hypium already exists, current dependency listed in devDependencies will be ignored.
[2026-07-27T01:23:27.432] [DEBUG] debug-file - Task 'entry:default@GeneratePkgSdkInfo' cost while wrapping incremental declarations: 1 ms 
[2026-07-27T01:23:27.432] [DEBUG] debug-file - entry : default@GeneratePkgSdkInfo cost memory 0.13001251220703125
[2026-07-27T01:23:27.432] [DEBUG] debug-file - runTaskFromQueue task cost before running: 1 s 553 ms 
[2026-07-27T01:23:27.432] [INFO] debug-file - Finished :entry:default@GeneratePkgSdkInfo... after 2 ms 
[2026-07-27T01:23:27.435] [DEBUG] debug-file - Executing task :entry:default@ProcessIntegratedHsp
[2026-07-27T01:23:27.435] [DEBUG] debug-file - entry:default@ProcessIntegratedHsp is not up-to-date, since the output file 'D:\SLE-ID\slekey\build\cache\default\integrated_hsp\integratedHspCache.json' does not exist.
[2026-07-27T01:23:27.437] [DEBUG] debug-file - Incremental task entry:default@ProcessIntegratedHsp pre-execution cost: 3 ms .
[2026-07-27T01:23:27.438] [DEBUG] debug-file - entry : default@ProcessIntegratedHsp cost memory -10.559013366699219
[2026-07-27T01:23:27.438] [DEBUG] debug-file - runTaskFromQueue task cost before running: 1 s 558 ms 
[2026-07-27T01:23:27.438] [INFO] debug-file - Finished :entry:default@ProcessIntegratedHsp... after 3 ms 
[2026-07-27T01:23:27.439] [DEBUG] debug-file - Executing task :entry:default@BuildNativeWithCmake
[2026-07-27T01:23:27.439] [DEBUG] debug-file - entry : default@BuildNativeWithCmake cost memory 0.01513671875
[2026-07-27T01:23:27.439] [DEBUG] debug-file - runTaskFromQueue task cost before running: 1 s 559 ms 
[2026-07-27T01:23:27.439] [INFO] debug-file - Finished :entry:default@BuildNativeWithCmake... after 1 ms 
[2026-07-27T01:23:27.440] [DEBUG] debug-file - Executing task :entry:default@MakePackInfo
[2026-07-27T01:23:27.441] [DEBUG] debug-file - Incremental task entry:default@MakePackInfo pre-execution cost: 1 ms .
[2026-07-27T01:23:27.441] [DEBUG] debug-file - entry : default@MakePackInfo cost memory 0.1035919189453125
[2026-07-27T01:23:27.441] [INFO] debug-file - UP-TO-DATE :entry:default@MakePackInfo...  
[2026-07-27T01:23:27.443] [DEBUG] debug-file - Executing task :entry:default@SyscapTransform
[2026-07-27T01:23:27.443] [DEBUG] debug-file - File: 'D:\SLE-ID\slekey\entry\src\main\syscap.json' from 'sysCapJsonPath' is not exists, just ignore.
[2026-07-27T01:23:27.444] [DEBUG] debug-file - Task 'entry:default@SyscapTransform' cost while wrapping incremental declarations: 1 ms 
[2026-07-27T01:23:27.453] [DEBUG] debug-file - entry:default@SyscapTransform is not up-to-date, since the output file 'D:\SLE-ID\slekey\entry\build\default\intermediates\syscap\default\rpcid.sc' does not exist.
[2026-07-27T01:23:27.454] [DEBUG] debug-file - Incremental task entry:default@SyscapTransform pre-execution cost: 10 ms .
[2026-07-27T01:23:27.454] [DEBUG] debug-file - entry : default@SyscapTransform cost memory 0.20264434814453125
[2026-07-27T01:23:27.454] [DEBUG] debug-file - runTaskFromQueue task cost before running: 1 s 574 ms 
[2026-07-27T01:23:27.454] [INFO] debug-file - Finished :entry:default@SyscapTransform... after 11 ms 
[2026-07-27T01:23:27.455] [DEBUG] debug-file - Executing task :entry:default@ProcessProfile
[2026-07-27T01:23:27.456] [DEBUG] debug-file - Task 'entry:default@ProcessProfile' cost while wrapping incremental declarations: 1 ms 
[2026-07-27T01:23:27.457] [DEBUG] debug-file - Incremental task entry:default@ProcessProfile pre-execution cost: 1 ms .
[2026-07-27T01:23:27.457] [DEBUG] debug-file - entry : default@ProcessProfile cost memory 0.1334075927734375
[2026-07-27T01:23:27.457] [INFO] debug-file - UP-TO-DATE :entry:default@ProcessProfile...  
[2026-07-27T01:23:27.458] [DEBUG] debug-file - Executing task :entry:default@ProcessRouterMap
[2026-07-27T01:23:27.459] [DEBUG] debug-file - Incremental task entry:default@ProcessRouterMap pre-execution cost: 1 ms .
[2026-07-27T01:23:27.459] [DEBUG] debug-file - entry : default@ProcessRouterMap cost memory 0.399993896484375
[2026-07-27T01:23:27.460] [INFO] debug-file - UP-TO-DATE :entry:default@ProcessRouterMap...  
[2026-07-27T01:23:27.460] [DEBUG] debug-file - Executing task :entry:default@ProcessShareConfig
[2026-07-27T01:23:27.462] [DEBUG] debug-file - Incremental task entry:default@ProcessShareConfig pre-execution cost: 1 ms .
[2026-07-27T01:23:27.462] [DEBUG] debug-file - entry : default@ProcessShareConfig cost memory 0.14270782470703125
[2026-07-27T01:23:27.462] [INFO] debug-file - UP-TO-DATE :entry:default@ProcessShareConfig...  
[2026-07-27T01:23:27.463] [DEBUG] debug-file - Executing task :entry:default@ProcessStartupConfig
[2026-07-27T01:23:27.463] [DEBUG] debug-file - Task 'entry:default@ProcessStartupConfig' cost while wrapping incremental declarations: 1 ms 
[2026-07-27T01:23:27.463] [DEBUG] debug-file - entry:default@ProcessStartupConfig is not up-to-date, since the output file 'D:\SLE-ID\slekey\entry\build\default\intermediates\startup\default\startup_config.json' does not exist.
[2026-07-27T01:23:27.463] [DEBUG] debug-file - Incremental task entry:default@ProcessStartupConfig pre-execution cost: 1 ms .
[2026-07-27T01:23:27.464] [DEBUG] debug-file - entry : default@ProcessStartupConfig cost memory 0.13820648193359375
[2026-07-27T01:23:27.464] [DEBUG] debug-file - runTaskFromQueue task cost before running: 1 s 585 ms 
[2026-07-27T01:23:27.465] [INFO] debug-file - Finished :entry:default@ProcessStartupConfig... after 2 ms 
[2026-07-27T01:23:27.465] [DEBUG] debug-file - Executing task :entry:default@BuildNativeWithNinja
[2026-07-27T01:23:27.466] [DEBUG] debug-file - entry : default@BuildNativeWithNinja cost memory 0.0200347900390625
[2026-07-27T01:23:27.466] [DEBUG] debug-file - runTaskFromQueue task cost before running: 1 s 586 ms 
[2026-07-27T01:23:27.466] [INFO] debug-file - Finished :entry:default@BuildNativeWithNinja... after 1 ms 
[2026-07-27T01:23:27.467] [DEBUG] debug-file - restool module names: entry; moduleName=entry, taskName=default@ProcessResource
[2026-07-27T01:23:27.469] [DEBUG] debug-file - Executing task :entry:default@ProcessResource
[2026-07-27T01:23:27.469] [DEBUG] debug-file - Task 'entry:default@ProcessResource' cost while wrapping incremental declarations: 1 ms 
[2026-07-27T01:23:27.469] [DEBUG] debug-file - Incremental task entry:default@ProcessResource pre-execution cost: 1 ms .
[2026-07-27T01:23:27.469] [DEBUG] debug-file - entry : default@ProcessResource cost memory 0.13036346435546875
[2026-07-27T01:23:27.470] [INFO] debug-file - UP-TO-DATE :entry:default@ProcessResource...  
[2026-07-27T01:23:27.472] [DEBUG] debug-file - Executing task :entry:default@GenerateLoaderJson
[2026-07-27T01:23:27.473] [DEBUG] debug-file - Task 'entry:default@GenerateLoaderJson' cost while wrapping incremental declarations: 1 ms 
[2026-07-27T01:23:27.478] [DEBUG] debug-file - Incremental task entry:default@GenerateLoaderJson pre-execution cost: 3 ms .
[2026-07-27T01:23:27.478] [DEBUG] debug-file - entry : default@GenerateLoaderJson cost memory 0.531524658203125
[2026-07-27T01:23:27.481] [INFO] debug-file - UP-TO-DATE :entry:default@GenerateLoaderJson...  
[2026-07-27T01:23:27.482] [DEBUG] debug-file - Executing task :entry:default@ProcessLibs
[2026-07-27T01:23:27.484] [DEBUG] debug-file - Incremental task entry:default@ProcessLibs pre-execution cost: 1 ms .
[2026-07-27T01:23:27.484] [DEBUG] debug-file - entry : default@ProcessLibs cost memory 0.41416168212890625
[2026-07-27T01:23:27.485] [INFO] debug-file - UP-TO-DATE :entry:default@ProcessLibs...  
[2026-07-27T01:23:27.485] [DEBUG] debug-file - restool module names: entry; moduleName=entry, taskName=default@CompileResource
[2026-07-27T01:23:27.486] [DEBUG] debug-file - Executing task :entry:default@CompileResource
[2026-07-27T01:23:27.492] [DEBUG] debug-file - Incremental task entry:default@CompileResource pre-execution cost: 5 ms .
[2026-07-27T01:23:27.492] [DEBUG] debug-file - entry : default@CompileResource cost memory 0.5986480712890625
[2026-07-27T01:23:27.493] [INFO] debug-file - UP-TO-DATE :entry:default@CompileResource...  
[2026-07-27T01:23:27.493] [DEBUG] debug-file - Executing task :entry:default@DoNativeStrip
[2026-07-27T01:23:27.494] [DEBUG] debug-file - File: 'D:\SLE-ID\slekey\entry\build\default\intermediates\binxo\default' from 'doBinxoNativeLibs' is not exists, just ignore.
[2026-07-27T01:23:27.494] [DEBUG] debug-file - Task 'entry:default@DoNativeStrip' cost while wrapping incremental declarations: 1 ms 
[2026-07-27T01:23:27.495] [DEBUG] debug-file - Incremental task entry:default@DoNativeStrip pre-execution cost: 1 ms .
[2026-07-27T01:23:27.495] [DEBUG] debug-file - entry : default@DoNativeStrip cost memory 0.09267425537109375
[2026-07-27T01:23:27.495] [INFO] debug-file - UP-TO-DATE :entry:default@DoNativeStrip...  
[2026-07-27T01:23:27.496] [DEBUG] debug-file - Executing task :entry:default@CompileArkTS
[2026-07-27T01:23:27.497] [DEBUG] debug-file - obfuscationOptions: undefined
[2026-07-27T01:23:27.499] [DEBUG] debug-file - Task 'entry:default@CompileArkTS' cost while wrapping incremental declarations: 1 ms 
[2026-07-27T01:23:27.505] [DEBUG] debug-file - Incremental task entry:default@CompileArkTS pre-execution cost: 5 ms .
[2026-07-27T01:23:27.505] [DEBUG] debug-file - entry : default@CompileArkTS cost memory 1.0849761962890625
[2026-07-27T01:23:27.506] [INFO] debug-file - UP-TO-DATE :entry:default@CompileArkTS...  
[2026-07-27T01:23:27.507] [DEBUG] debug-file - Executing task :entry:default@BuildJS
[2026-07-27T01:23:27.507] [DEBUG] debug-file - Task 'entry:default@BuildJS' cost while wrapping incremental declarations: 1 ms 
[2026-07-27T01:23:27.508] [DEBUG] debug-file - entry : default@BuildJS cost memory 0.1583709716796875
[2026-07-27T01:23:27.509] [DEBUG] debug-file - runTaskFromQueue task cost before running: 1 s 629 ms 
[2026-07-27T01:23:27.509] [INFO] debug-file - Finished :entry:default@BuildJS... after 2 ms 
[2026-07-27T01:23:27.509] [DEBUG] debug-file - Executing task :entry:default@CacheNativeLibs
[2026-07-27T01:23:27.510] [DEBUG] debug-file - File: 'D:\SLE-ID\slekey\entry\build\default\intermediates\binxo\default' from 'cacheBinxoNativeLibs' is not exists, just ignore.
[2026-07-27T01:23:27.510] [DEBUG] debug-file - Task 'entry:default@CacheNativeLibs' cost while wrapping incremental declarations: 1 ms 
[2026-07-27T01:23:27.510] [DEBUG] debug-file - Incremental task entry:default@CacheNativeLibs pre-execution cost: 1 ms .
[2026-07-27T01:23:27.511] [DEBUG] debug-file - entry : default@CacheNativeLibs cost memory 0.12030029296875
[2026-07-27T01:23:27.511] [INFO] debug-file - UP-TO-DATE :entry:default@CacheNativeLibs...  
[2026-07-27T01:23:27.511] [DEBUG] debug-file - Executing task :entry:default@GeneratePkgModuleJson
[2026-07-27T01:23:27.511] [DEBUG] debug-file - File: 'D:\SLE-ID\slekey\entry\build\default\intermediates\preload\default\preload.json' from 'preloadSoJsonPath' is not exists, just ignore.
[2026-07-27T01:23:27.512] [DEBUG] debug-file - Error occurs while handling @Input 'shouldDeduplicateHar': The "data" argument must be of type string or an instance of Buffer, TypedArray, or DataView. Received undefined
[2026-07-27T01:23:27.512] [DEBUG] debug-file - Task 'entry:default@GeneratePkgModuleJson' cost while wrapping incremental declarations: 1 ms 
[2026-07-27T01:23:27.512] [DEBUG] debug-file - Incremental task entry:default@GeneratePkgModuleJson pre-execution cost: 1 ms .
[2026-07-27T01:23:27.512] [DEBUG] debug-file - entry : default@GeneratePkgModuleJson cost memory 0.10384368896484375
[2026-07-27T01:23:27.513] [INFO] debug-file - UP-TO-DATE :entry:default@GeneratePkgModuleJson...  
[2026-07-27T01:23:27.513] [DEBUG] debug-file - Executing task :entry:default@ProcessCompiledResources
[2026-07-27T01:23:27.513] [DEBUG] debug-file - File: 'D:\SLE-ID\slekey\entry\build\default\intermediates\preload\default\preload.json' from 'preloadSoJsonPath' is not exists, just ignore.
[2026-07-27T01:23:27.513] [DEBUG] debug-file - Task 'entry:default@ProcessCompiledResources' cost while wrapping incremental declarations: 1 ms 
[2026-07-27T01:23:27.514] [DEBUG] debug-file - entry : default@ProcessCompiledResources cost memory 0.0582122802734375
[2026-07-27T01:23:27.514] [DEBUG] debug-file - runTaskFromQueue task cost before running: 1 s 634 ms 
[2026-07-27T01:23:27.514] [INFO] debug-file - Finished :entry:default@ProcessCompiledResources... after 1 ms 
[2026-07-27T01:23:27.515] [DEBUG] debug-file - Executing task :entry:default@PackageHap
[2026-07-27T01:23:27.519] [DEBUG] debug-file - Incremental task entry:default@PackageHap pre-execution cost: 3 ms .
[2026-07-27T01:23:27.519] [DEBUG] debug-file - entry : default@PackageHap cost memory 0.44002532958984375
[2026-07-27T01:23:27.519] [INFO] debug-file - UP-TO-DATE :entry:default@PackageHap...  
[2026-07-27T01:23:27.520] [DEBUG] debug-file - Executing task :entry:default@PackingCheck
[2026-07-27T01:23:27.524] [DEBUG] debug-file - entry : default@PackingCheck cost memory 0.48967742919921875
[2026-07-27T01:23:27.524] [DEBUG] debug-file - runTaskFromQueue task cost before running: 1 s 645 ms 
[2026-07-27T01:23:27.525] [INFO] debug-file - Finished :entry:default@PackingCheck... after 5 ms 
[2026-07-27T01:23:27.526] [DEBUG] debug-file - Executing task :entry:default@SignHap
[2026-07-27T01:23:27.528] [DEBUG] debug-file - Incremental task entry:default@SignHap pre-execution cost: 2 ms .
[2026-07-27T01:23:27.528] [DEBUG] debug-file - entry : default@SignHap cost memory 0.11837005615234375
[2026-07-27T01:23:27.528] [INFO] debug-file - UP-TO-DATE :entry:default@SignHap...  
[2026-07-27T01:23:27.529] [DEBUG] debug-file - Executing task :entry:default@CollectDebugSymbol
[2026-07-27T01:23:27.530] [DEBUG] debug-file - entry : default@CollectDebugSymbol cost memory 0.0905303955078125
[2026-07-27T01:23:27.530] [DEBUG] debug-file - runTaskFromQueue task cost before running: 1 s 650 ms 
[2026-07-27T01:23:27.530] [INFO] debug-file - Finished :entry:default@CollectDebugSymbol... after 1 ms 
[2026-07-27T01:23:27.530] [DEBUG] debug-file - Executing task :entry:assembleHap
[2026-07-27T01:23:27.530] [DEBUG] debug-file - entry : assembleHap cost memory 0.0128326416015625
[2026-07-27T01:23:27.530] [DEBUG] debug-file - runTaskFromQueue task cost before running: 1 s 651 ms 
[2026-07-27T01:23:27.530] [INFO] debug-file - Finished :entry:assembleHap... after 1 ms 
[2026-07-27T01:23:27.539] [INFO] debug-file - BUILD SUCCESSFUL in 1 s 659 ms 
[2026-07-27T01:23:27.539] [DEBUG] debug-file - Update task entry:default@PreBuild input file:D:\SLE-ID\slekey\AppScope\app.json5 cache by regenerate.
[2026-07-27T01:23:27.540] [DEBUG] debug-file - Update task entry:default@PreBuild input file:D:\SLE-ID\slekey\entry\src\main\module.json5 cache by regenerate.
[2026-07-27T01:23:27.540] [DEBUG] debug-file - Update task entry:default@PreBuild input file:D:\SLE-ID\slekey\build-profile.json5 cache by regenerate.
[2026-07-27T01:23:27.540] [DEBUG] debug-file - Update task entry:default@PreBuild input file:D:\SLE-ID\slekey\entry\build-profile.json5 cache by regenerate.
[2026-07-27T01:23:27.540] [DEBUG] debug-file - Update task entry:default@PreBuild input file:D:\SLE-ID\slekey\entry\src\main\resources\base\profile\main_pages.json cache by regenerate.
[2026-07-27T01:23:27.540] [DEBUG] debug-file - Update task entry:default@PreBuild input file:D:\SLE-ID\slekey\hvigor\hvigor-config.json5 cache by regenerate.
[2026-07-27T01:23:27.540] [DEBUG] debug-file - Update task entry:default@PreBuild input file:D:\SLE-ID\slekey\entry\oh-package.json5 cache by regenerate.
[2026-07-27T01:23:27.540] [DEBUG] debug-file - Update task entry:default@PreBuild input file:D:\SLE-ID\slekey\oh-package.json5 cache by regenerate.
[2026-07-27T01:23:27.540] [DEBUG] debug-file - Incremental task entry:default@PreBuild post-execution cost:2 ms .
[2026-07-27T01:23:27.540] [DEBUG] debug-file - Update task entry:default@CreateModuleInfo output file:D:\SLE-ID\slekey\entry\build\default\generated\profile\default\ModuleInfo.ts cache.
[2026-07-27T01:23:27.541] [DEBUG] debug-file - Incremental task entry:default@CreateModuleInfo post-execution cost:1 ms .
[2026-07-27T01:23:27.541] [DEBUG] debug-file - There is no need to refresh cache, since the incremental task entry:default@GenerateMetadata is up-to-date.
[2026-07-27T01:23:27.541] [DEBUG] debug-file - There is no need to refresh cache, since the incremental task entry:default@MergeProfile is up-to-date.
[2026-07-27T01:23:27.541] [DEBUG] debug-file - There is no need to refresh cache, since the incremental task entry:default@CreateBuildProfile is up-to-date.
[2026-07-27T01:23:27.541] [DEBUG] debug-file - There is no need to refresh cache, since the incremental task entry:default@GeneratePkgContextInfo is up-to-date.
[2026-07-27T01:23:27.541] [DEBUG] debug-file - Update task entry:default@GeneratePkgSdkInfo output file:D:\SLE-ID\slekey\entry\build\default\intermediates\loader\default\pkgSdkInfo.json cache.
[2026-07-27T01:23:27.541] [DEBUG] debug-file - Incremental task entry:default@GeneratePkgSdkInfo post-execution cost:1 ms .
[2026-07-27T01:23:27.541] [DEBUG] debug-file - Update task entry:default@ProcessIntegratedHsp output file:D:\SLE-ID\slekey\build\cache\default\integrated_hsp\integratedHspCache.json cache.
[2026-07-27T01:23:27.541] [DEBUG] debug-file - Incremental task entry:default@ProcessIntegratedHsp post-execution cost:1 ms .
[2026-07-27T01:23:27.542] [DEBUG] debug-file - There is no need to refresh cache, since the incremental task entry:default@MakePackInfo is up-to-date.
[2026-07-27T01:23:27.542] [DEBUG] debug-file - Update task entry:default@SyscapTransform input file:C:\Program Files\Huawei\DevEco Studio\sdk\default\openharmony\toolchains\syscap_tool.exe cache by regenerate.
[2026-07-27T01:23:27.542] [DEBUG] debug-file - Update task entry:default@SyscapTransform input file:C:\Program Files\Huawei\DevEco Studio\sdk\default\openharmony\ets\api\device-define cache by regenerate.
[2026-07-27T01:23:27.542] [DEBUG] debug-file - Update task entry:default@SyscapTransform output file:D:\SLE-ID\slekey\entry\build\default\intermediates\syscap\default\rpcid.sc cache.
[2026-07-27T01:23:27.542] [DEBUG] debug-file - Incremental task entry:default@SyscapTransform post-execution cost:1 ms .
[2026-07-27T01:23:27.542] [DEBUG] debug-file - There is no need to refresh cache, since the incremental task entry:default@ProcessProfile is up-to-date.
[2026-07-27T01:23:27.543] [DEBUG] debug-file - There is no need to refresh cache, since the incremental task entry:default@ProcessRouterMap is up-to-date.
[2026-07-27T01:23:27.543] [DEBUG] debug-file - There is no need to refresh cache, since the incremental task entry:default@ProcessShareConfig is up-to-date.
[2026-07-27T01:23:27.543] [DEBUG] debug-file - Update task entry:default@ProcessStartupConfig input file:D:\SLE-ID\slekey\entry\build\default\intermediates\loader\default\pkgContextInfo.json cache by regenerate.
[2026-07-27T01:23:27.543] [DEBUG] debug-file - Update task entry:default@ProcessStartupConfig output file:D:\SLE-ID\slekey\entry\build\default\intermediates\startup\default\startup_config.json cache.
[2026-07-27T01:23:27.543] [DEBUG] debug-file - Incremental task entry:default@ProcessStartupConfig post-execution cost:1 ms .
[2026-07-27T01:23:27.543] [DEBUG] debug-file - There is no need to refresh cache, since the incremental task entry:default@ProcessResource is up-to-date.
[2026-07-27T01:23:27.543] [DEBUG] debug-file - There is no need to refresh cache, since the incremental task entry:default@GenerateLoaderJson is up-to-date.
[2026-07-27T01:23:27.543] [DEBUG] debug-file - There is no need to refresh cache, since the incremental task entry:default@ProcessLibs is up-to-date.
[2026-07-27T01:23:27.543] [DEBUG] debug-file - There is no need to refresh cache, since the incremental task entry:default@CompileResource is up-to-date.
[2026-07-27T01:23:27.543] [DEBUG] debug-file - There is no need to refresh cache, since the incremental task entry:default@DoNativeStrip is up-to-date.
[2026-07-27T01:23:27.543] [DEBUG] debug-file - There is no need to refresh cache, since the incremental task entry:default@CompileArkTS is up-to-date.
[2026-07-27T01:23:27.544] [DEBUG] debug-file - Update task entry:default@BuildJS input file:D:\SLE-ID\slekey\entry\build\default\intermediates\loader\default cache by regenerate.
[2026-07-27T01:23:27.544] [DEBUG] debug-file - Update task entry:default@BuildJS input file:D:\SLE-ID\slekey\oh_modules\.ohpm\@ohos+hypium@1.0.19\oh_modules\@ohos\hypium\index.js cache by regenerate.
[2026-07-27T01:23:27.544] [DEBUG] debug-file - Update task entry:default@BuildJS input file:D:\SLE-ID\slekey\entry\build\default\intermediates\res\default\resources\rawfile cache by regenerate.
[2026-07-27T01:23:27.545] [DEBUG] debug-file - Update task entry:default@BuildJS input file:D:\SLE-ID\slekey\entry\build\default\intermediates\res\default\ResourceTable.txt cache by regenerate.
[2026-07-27T01:23:27.545] [DEBUG] debug-file - Update task entry:default@BuildJS input file:D:\SLE-ID\slekey\entry\build\default\intermediates\res\default\ark_module.json cache by regenerate.
[2026-07-27T01:23:27.545] [DEBUG] debug-file - Update task entry:default@BuildJS input file:D:\SLE-ID\slekey\entry\build\default\intermediates\res\default\resources\base\profile cache by regenerate.
[2026-07-27T01:23:27.545] [DEBUG] debug-file - Update task entry:default@BuildJS input file:D:\SLE-ID\slekey\entry\build\default\intermediates\loader\default\pkgContextInfo.json cache by regenerate.
[2026-07-27T01:23:27.545] [DEBUG] debug-file - Update task entry:default@BuildJS output file:D:\SLE-ID\slekey\entry\build\default\intermediates\loader_out\default\js cache.
[2026-07-27T01:23:27.545] [DEBUG] debug-file - Incremental task entry:default@BuildJS post-execution cost:3 ms .
[2026-07-27T01:23:27.545] [DEBUG] debug-file - There is no need to refresh cache, since the incremental task entry:default@CacheNativeLibs is up-to-date.
[2026-07-27T01:23:27.545] [DEBUG] debug-file - There is no need to refresh cache, since the incremental task entry:default@GeneratePkgModuleJson is up-to-date.
[2026-07-27T01:23:27.545] [DEBUG] debug-file - Incremental task entry:default@ProcessCompiledResources post-execution cost:1 ms .
[2026-07-27T01:23:27.545] [DEBUG] debug-file - There is no need to refresh cache, since the incremental task entry:default@PackageHap is up-to-date.
[2026-07-27T01:23:27.545] [DEBUG] debug-file - There is no need to refresh cache, since the incremental task entry:default@SignHap is up-to-date.
[2026-07-27T01:23:27.546] [DEBUG] debug-file - Update task entry:default@CollectDebugSymbol input file:D:\SLE-ID\slekey\entry\build\default\intermediates\loader_out\default\ets\sourceMaps.map cache by regenerate.
[2026-07-27T01:23:27.546] [DEBUG] debug-file - Update task entry:default@CollectDebugSymbol input file:D:\SLE-ID\slekey\entry\build\default\intermediates\libs\default cache by regenerate.
[2026-07-27T01:23:27.546] [DEBUG] debug-file - Update task entry:default@CollectDebugSymbol output file:D:\SLE-ID\slekey\entry\build\default\outputs\default\symbol cache.
[2026-07-27T01:23:27.546] [DEBUG] debug-file - Incremental task entry:default@CollectDebugSymbol post-execution cost:1 ms .
[2026-07-27T01:23:27.571] [DEBUG] debug-file - session manager: send message to worker process.
[2026-07-27T01:23:27.571] [DEBUG] debug-file - session manager: send message to worker process.
[2026-07-27T01:23:27.679] [DEBUG] debug-file - Cleanup worker 0.
[2026-07-27T01:23:27.679] [DEBUG] debug-file - Worker 0 has been cleaned up.
[2026-07-27T01:23:27.679] [DEBUG] debug-file - Current idle worker size: 1.
[2026-07-27T01:23:27.679] [DEBUG] debug-file - Current resident worker size: 2.
[2026-07-27T01:23:27.679] [DEBUG] debug-file - Cleanup worker 1.
[2026-07-27T01:23:27.679] [DEBUG] debug-file - Worker 1 has been cleaned up.
[2026-07-27T01:23:27.679] [DEBUG] debug-file - Current idle worker size: 0.
[2026-07-27T01:23:27.679] [DEBUG] debug-file - Current resident worker size: 2.
[2026-07-27T01:23:27.680] [DEBUG] debug-file - hvigor build process will be closed.
[2026-07-27T01:23:27.688] [DEBUG] debug-file - worker[0] exits with exit code 1.
[2026-07-27T01:23:27.688] [DEBUG] debug-file - worker[1] exits with exit code 1.
[2026-07-27T01:23:27.693] [DEBUG] debug-file - watch worker: worker id should be larger than 0. Nothing will be sent to any worker thread.
[2026-07-27T01:23:27.693] [DEBUG] debug-file - watch worker: worker id should be larger than 0. Nothing will be sent to any worker thread.
[2026-07-27T01:24:38.346] [DEBUG] debug-file - env: nodejsVersion=v24.16.0
[2026-07-27T01:24:38.403] [WARN] debug-file - 'C:\Windows\System32\wbem\wmic' 不是内部或外部命令，也不是可运行的程序
或批处理文件。

[2026-07-27T01:24:38.346] [DEBUG] debug-file - env: hvigor-config.json5 content = {
  modelVersion: '5.0.0',
  dependencies: {},
  execution: {},
  logging: {},
  debugging: {},
  nodeOptions: {}
}
[2026-07-27T01:24:39.352] [DEBUG] debug-file - env: daemon=true
[2026-07-27T01:24:39.827] [DEBUG] debug-file - hvigor java daemon: Starting java daemon. jvmXmxValue=512m, jarPath=C:\Program Files\Huawei\DevEco Studio\tools\hvigor\hvigor\lib\hvigor-java-daemon.jar
[2026-07-27T01:24:39.827] [DEBUG] debug-file - hvigor java daemon: Read cache file, 
    port=45050, pid=15400, sessionId exists=true
[2026-07-27T01:24:39.852] [DEBUG] debug-file - hvigor java daemon: tryConnect success
[2026-07-27T01:24:39.894] [DEBUG] debug-file - session manager: set active socket. socketId=F3eCp2-Von0q0tM6AAAB
[2026-07-27T01:24:40.260] [DEBUG] debug-file - watch worker: worker id should be larger than 0. Nothing will be sent to any worker thread.
[2026-07-27T01:24:40.262] [DEBUG] debug-file - Since there is no instance or instance is terminated, create a new worker pool.
[2026-07-27T01:24:40.262] [DEBUG] debug-file - Worker pool is initialized with config:  {
  minPoolNum: 2,
  maxPoolNum: undefined,
  maxCoreSize: undefined,
  cacheCapacity: undefined,
  cacheTtl: undefined
}
[2026-07-27T01:24:40.262] [DEBUG] debug-file - Create  resident worker with id: 0.
[2026-07-27T01:24:40.264] [DEBUG] debug-file - Create  resident worker with id: 1.
[2026-07-27T01:24:40.266] [DEBUG] debug-file - Workers' log level updated to INFO
[2026-07-27T01:24:40.271] [DEBUG] debug-file - Hvigor init with startParameters:{
  hvigorfileTypeCheck: false,
  parallelExecution: true,
  incrementalExecution: true,
  printStackTrace: false,
  daemon: true,
  analyze: 0,
  logLevel: Level { level: 20000, levelStr: 'INFO', colour: 'green' },
  optimizationStrategy: 'memory',
  hotCompile: undefined,
  hotReloadBuild: undefined,
  customizedParam: undefined
}
[2026-07-27T01:24:40.276] [DEBUG] debug-file - Cache service initialization finished in 5 ms 
[2026-07-27T01:24:40.278] [DEBUG] debug-file - hvigorfile, resolving D:\SLE-ID\slekey\hvigorfile.ts
[2026-07-27T01:24:41.236] [DEBUG] debug-file - hvigorfile, require result:  { default: { plugins: [] } }
[2026-07-27T01:24:41.236] [DEBUG] debug-file - hvigorfile, binding system plugins null
[2026-07-27T01:24:41.236] [DEBUG] debug-file - Starting plugin build process
[2026-07-27T01:24:41.236] [DEBUG] debug-file - App plugin prepare start...
[2026-07-27T01:24:41.236] [DEBUG] debug-file - App plugin prepare end...
[2026-07-27T01:24:41.236] [DEBUG] debug-file - App plugin creating...
[2026-07-27T01:24:41.345] [DEBUG] debug-file - App plugin register hook start...
[2026-07-27T01:24:41.345] [DEBUG] debug-file - App plugin register hook end...
[2026-07-27T01:24:41.346] [DEBUG] debug-file - Plugin build process completed
[2026-07-27T01:24:41.347] [DEBUG] debug-file - Start initialize project's product build option map with build mode debug.
[2026-07-27T01:24:41.347] [DEBUG] debug-file - Picking option from product 'default' with build mode 'debug'.
[2026-07-27T01:24:41.347] [DEBUG] debug-file - Product 'default' build option initialized
[2026-07-27T01:24:41.347] [DEBUG] debug-file - End initialize project's product build option map with build mode 'debug'.
[2026-07-27T01:24:41.349] [DEBUG] debug-file - Obtain build option for product 'default'in this build.
[2026-07-27T01:24:41.350] [DEBUG] debug-file - D:\SLE-ID\slekey\build\cache\default\remote_hsp\remoteHspCache.json not exists.
[2026-07-27T01:24:41.351] [DEBUG] debug-file - Local scan or download HarmonyOS sdk components toolchains,ets,js,native,previewer
[2026-07-27T01:24:41.353] [DEBUG] debug-file - Local scan or download hmscore sdk components toolchains,ets,native
[2026-07-27T01:24:41.354] [DEBUG] debug-file - Start recording SDK configuration permission data.
[2026-07-27T01:24:41.374] [DEBUG] debug-file - Sdk init in 24 ms 
[2026-07-27T01:24:41.379] [DEBUG] debug-file - Project task initialization takes 4 ms 
[2026-07-27T01:24:41.379] [DEBUG] debug-file - hvigorfile, begin to bind custom plugins...
[2026-07-27T01:24:41.379] [DEBUG] debug-file - hvigorfile, no custom plugins were found in D:\SLE-ID\slekey\hvigorfile.ts
[2026-07-27T01:24:41.379] [DEBUG] debug-file - hvigorfile, resolve finished D:\SLE-ID\slekey\hvigorfile.ts
[2026-07-27T01:24:41.379] [DEBUG] debug-file - hvigorfile, resolving D:\SLE-ID\slekey\entry\hvigorfile.ts
[2026-07-27T01:24:41.384] [DEBUG] debug-file - hvigorfile, require result:  { default: { plugins: [] } }
[2026-07-27T01:24:41.384] [DEBUG] debug-file - hvigorfile, binding system plugins null
[2026-07-27T01:24:41.384] [DEBUG] debug-file - Starting plugin build process
[2026-07-27T01:24:41.384] [DEBUG] debug-file - Hap plugin creating...
[2026-07-27T01:24:41.385] [DEBUG] debug-file - failed to load cangjie to dynamically generate schemas: Error: Cannot find module '@ohos/cangjie-build-support/index'
Require stack:
- C:\Program Files\Huawei\DevEco Studio\tools\hvigor\hvigor-ohos-plugin\src\plugin\hooks\cangjie-register.js
- C:\Program Files\Huawei\DevEco Studio\tools\hvigor\hvigor-ohos-plugin\src\plugin\strategy\stage-init-strategy.js
- C:\Program Files\Huawei\DevEco Studio\tools\hvigor\hvigor-ohos-plugin\src\plugin\builder\abstract-plugin-builder.js
- C:\Program Files\Huawei\DevEco Studio\tools\hvigor\hvigor-ohos-plugin\src\plugin\builder\app-plugin-builder.js
- C:\Program Files\Huawei\DevEco Studio\tools\hvigor\hvigor-ohos-plugin\src\plugin\factory\plugin-factory.js
- C:\Program Files\Huawei\DevEco Studio\tools\hvigor\hvigor-ohos-plugin\index.js
- D:\SLE-ID\slekey\hvigorfile.ts
- C:\Program Files\Huawei\DevEco Studio\tools\hvigor\hvigor\src\base\internal\lifecycle\configuration.js
- C:\Program Files\Huawei\DevEco Studio\tools\hvigor\hvigor\src\base\boot\index.js
- C:\Program Files\Huawei\DevEco Studio\tools\hvigor\hvigor\src\base\daemon\cluster\worker-process-lifecycle.js
- C:\Program Files\Huawei\DevEco Studio\tools\hvigor\hvigor\src\base\daemon\process\daemon-process-boot-script.js
[2026-07-27T01:24:41.396] [DEBUG] debug-file - Start initialize module-target build option map, moduleName=entry, buildMode=debug
[2026-07-27T01:24:41.397] [DEBUG] debug-file - Target 'default' config initialized
[2026-07-27T01:24:41.397] [DEBUG] debug-file - Module 'entry' target 'default' build option initialized
[2026-07-27T01:24:41.397] [DEBUG] debug-file - End initialize module-target build option map, moduleName=entry
[2026-07-27T01:24:41.397] [DEBUG] debug-file - Start initialize module-target build option map, moduleName=entry, buildMode=release
[2026-07-27T01:24:41.398] [DEBUG] debug-file - Target 'default' config initialized
[2026-07-27T01:24:41.398] [DEBUG] debug-file - Module 'entry' target 'default' build option initialized
[2026-07-27T01:24:41.398] [DEBUG] debug-file - End initialize module-target build option map, moduleName=entry
[2026-07-27T01:24:41.398] [DEBUG] debug-file - Start initialize module-target build option map, moduleName=entry, buildMode=debug
[2026-07-27T01:24:41.398] [DEBUG] debug-file - Target 'default' config initialized
[2026-07-27T01:24:41.398] [DEBUG] debug-file - Module 'entry' target 'default' build option initialized
[2026-07-27T01:24:41.398] [DEBUG] debug-file - End initialize module-target build option map, moduleName=entry
[2026-07-27T01:24:41.398] [DEBUG] debug-file - Obtain build option for module 'entry' target 'default'in this build.
[2026-07-27T01:24:41.403] [DEBUG] debug-file - Module entry task initialization takes 4 ms 
[2026-07-27T01:24:41.403] [DEBUG] debug-file - Hap plugin register hook start...
[2026-07-27T01:24:41.403] [DEBUG] debug-file - Hap plugin register hook end...
[2026-07-27T01:24:41.403] [DEBUG] debug-file - Plugin build process completed
[2026-07-27T01:24:41.403] [DEBUG] debug-file - hvigorfile, begin to bind custom plugins...
[2026-07-27T01:24:41.403] [DEBUG] debug-file - hvigorfile, no custom plugins were found in D:\SLE-ID\slekey\entry\hvigorfile.ts
[2026-07-27T01:24:41.403] [DEBUG] debug-file - hvigorfile, resolve finished D:\SLE-ID\slekey\entry\hvigorfile.ts
[2026-07-27T01:24:41.449] [DEBUG] debug-file - hvigorfile, resolve hvigorfile dependencies in 46 ms 
[2026-07-27T01:24:41.450] [DEBUG] debug-file - project has submodules:entry
[2026-07-27T01:24:41.451] [DEBUG] debug-file - start to load updatedOhPackageInfo to the disk
[2026-07-27T01:24:41.452] [DEBUG] debug-file - load to the disk finished
[2026-07-27T01:24:41.453] [DEBUG] debug-file - Start to initialize dependency information.
[2026-07-27T01:24:41.456] [DEBUG] debug-file - Module slekey Collected Dependency: D:\SLE-ID\slekey\oh_modules\.ohpm\@ohos+hypium@1.0.19\oh_modules\@ohos\hypium
[2026-07-27T01:24:41.456] [DEBUG] debug-file - Module slekey's total dependency: 1
[2026-07-27T01:24:41.457] [DEBUG] debug-file - Start to initialize dependency information.
[2026-07-27T01:24:41.458] [DEBUG] debug-file - Module entry Collected Dependency: D:\SLE-ID\slekey\oh_modules\.ohpm\@ohos+hypium@1.0.19\oh_modules\@ohos\hypium
[2026-07-27T01:24:41.458] [DEBUG] debug-file - Module entry's total dependency: 1
[2026-07-27T01:24:41.460] [DEBUG] debug-file - Configuration phase cost:1 s 185 ms 
[2026-07-27T01:24:41.462] [DEBUG] debug-file - Configuration task cost before running: 1 s 196 ms 
[2026-07-27T01:24:41.465] [DEBUG] debug-file - Executing task :entry:default@PreBuild
[2026-07-27T01:24:41.466] [DEBUG] debug-file - Task 'entry:default@PreBuild' cost while wrapping incremental declarations: 1 ms 
[2026-07-27T01:24:41.470] [DEBUG] debug-file - entry:default@PreBuild is not up-to-date, since the task snapshots are different.
[2026-07-27T01:24:41.470] [DEBUG] debug-file - Incremental task entry:default@PreBuild pre-execution cost: 2 ms .
[2026-07-27T01:24:41.547] [DEBUG] debug-file - current product is not Atomic service.
[2026-07-27T01:24:41.547] [DEBUG] debug-file - Use tool [win32: JAVA_HOME, CLASSPATH]
 [
  { JAVA_HOME: 'C:\\Program Files\\Huawei\\DevEco Studio\\jbr' },
  { CLASSPATH: undefined }
]
[2026-07-27T01:24:41.549] [DEBUG] debug-file - Use tool [win32: NODE_HOME]
 [
  {
    NODE_HOME: 'C:\\Program Files\\Huawei\\DevEco Studio\\tools\\node'
  }
]
[2026-07-27T01:24:41.549] [DEBUG] debug-file - entry : default@PreBuild cost memory 3.5561065673828125
[2026-07-27T01:24:41.550] [DEBUG] debug-file - runTaskFromQueue task cost before running: 1 s 284 ms 
[2026-07-27T01:24:41.551] [INFO] debug-file - Finished :entry:default@PreBuild... after 85 ms 
[2026-07-27T01:24:41.551] [DEBUG] debug-file - Executing task :entry:default@CreateModuleInfo
[2026-07-27T01:24:41.552] [DEBUG] debug-file - Task 'entry:default@CreateModuleInfo' cost while wrapping incremental declarations: 1 ms 
[2026-07-27T01:24:41.552] [DEBUG] debug-file - entry : default@CreateModuleInfo cost memory 0.04596710205078125
[2026-07-27T01:24:41.552] [DEBUG] debug-file - runTaskFromQueue task cost before running: 1 s 286 ms 
[2026-07-27T01:24:41.552] [INFO] debug-file - Finished :entry:default@CreateModuleInfo... after 1 ms 
[2026-07-27T01:24:41.553] [DEBUG] debug-file - Executing task :entry:default@GenerateMetadata
[2026-07-27T01:24:41.554] [DEBUG] debug-file - Task 'entry:default@GenerateMetadata' cost while wrapping incremental declarations: 1 ms 
[2026-07-27T01:24:41.555] [DEBUG] debug-file - Incremental task entry:default@GenerateMetadata pre-execution cost: 1 ms .
[2026-07-27T01:24:41.555] [DEBUG] debug-file - entry : default@GenerateMetadata cost memory 0.13323211669921875
[2026-07-27T01:24:41.555] [INFO] debug-file - UP-TO-DATE :entry:default@GenerateMetadata...  
[2026-07-27T01:24:41.555] [DEBUG] debug-file - Executing task :entry:default@ConfigureCmake
[2026-07-27T01:24:41.556] [DEBUG] debug-file - entry : default@ConfigureCmake cost memory 0.01457977294921875
[2026-07-27T01:24:41.556] [DEBUG] debug-file - runTaskFromQueue task cost before running: 1 s 290 ms 
[2026-07-27T01:24:41.556] [INFO] debug-file - Finished :entry:default@ConfigureCmake... after 1 ms 
[2026-07-27T01:24:41.556] [DEBUG] debug-file - Executing task :entry:default@MergeProfile
[2026-07-27T01:24:41.557] [DEBUG] debug-file - Task 'entry:default@MergeProfile' cost while wrapping incremental declarations: 1 ms 
[2026-07-27T01:24:41.558] [DEBUG] debug-file - Incremental task entry:default@MergeProfile pre-execution cost: 1 ms .
[2026-07-27T01:24:41.558] [DEBUG] debug-file - entry : default@MergeProfile cost memory 0.15489959716796875
[2026-07-27T01:24:41.558] [INFO] debug-file - UP-TO-DATE :entry:default@MergeProfile...  
[2026-07-27T01:24:41.559] [DEBUG] debug-file - Executing task :entry:default@CreateBuildProfile
[2026-07-27T01:24:41.559] [DEBUG] debug-file - Task 'entry:default@CreateBuildProfile' cost while wrapping incremental declarations: 1 ms 
[2026-07-27T01:24:41.560] [DEBUG] debug-file - Incremental task entry:default@CreateBuildProfile pre-execution cost: 1 ms .
[2026-07-27T01:24:41.560] [DEBUG] debug-file - entry : default@CreateBuildProfile cost memory 0.11175537109375
[2026-07-27T01:24:41.560] [INFO] debug-file - UP-TO-DATE :entry:default@CreateBuildProfile...  
[2026-07-27T01:24:41.561] [DEBUG] debug-file - Executing task :entry:default@PreCheckSyscap
[2026-07-27T01:24:41.561] [DEBUG] debug-file - entry : default@PreCheckSyscap cost memory 0.0171051025390625
[2026-07-27T01:24:41.561] [DEBUG] debug-file - runTaskFromQueue task cost before running: 1 s 295 ms 
[2026-07-27T01:24:41.561] [INFO] debug-file - Finished :entry:default@PreCheckSyscap... after 1 ms 
[2026-07-27T01:24:41.562] [DEBUG] debug-file - Executing task :entry:default@GeneratePkgContextInfo
[2026-07-27T01:24:41.567] [DEBUG] debug-file - Task 'entry:default@GeneratePkgContextInfo' cost while wrapping incremental declarations: 1 ms 
[2026-07-27T01:24:41.568] [DEBUG] debug-file - Incremental task entry:default@GeneratePkgContextInfo pre-execution cost: 1 ms .
[2026-07-27T01:24:41.568] [DEBUG] debug-file - entry : default@GeneratePkgContextInfo cost memory 0.51666259765625
[2026-07-27T01:24:41.568] [INFO] debug-file - UP-TO-DATE :entry:default@GeneratePkgContextInfo...  
[2026-07-27T01:24:41.568] [DEBUG] debug-file - Executing task :entry:default@GeneratePkgSdkInfo
[2026-07-27T01:24:41.569] [DEBUG] debug-file - Dependency key: @ohos/hypium already exists, current dependency listed in devDependencies will be ignored.
[2026-07-27T01:24:41.569] [DEBUG] debug-file - Task 'entry:default@GeneratePkgSdkInfo' cost while wrapping incremental declarations: 1 ms 
[2026-07-27T01:24:41.570] [DEBUG] debug-file - entry : default@GeneratePkgSdkInfo cost memory 0.135986328125
[2026-07-27T01:24:41.570] [DEBUG] debug-file - runTaskFromQueue task cost before running: 1 s 304 ms 
[2026-07-27T01:24:41.570] [INFO] debug-file - Finished :entry:default@GeneratePkgSdkInfo... after 2 ms 
[2026-07-27T01:24:41.572] [DEBUG] debug-file - Executing task :entry:default@ProcessIntegratedHsp
[2026-07-27T01:24:41.572] [DEBUG] debug-file - entry:default@ProcessIntegratedHsp is not up-to-date, since the output file 'D:\SLE-ID\slekey\build\cache\default\integrated_hsp\integratedHspCache.json' does not exist.
[2026-07-27T01:24:41.572] [DEBUG] debug-file - Incremental task entry:default@ProcessIntegratedHsp pre-execution cost: 1 ms .
[2026-07-27T01:24:41.572] [DEBUG] debug-file - entry : default@ProcessIntegratedHsp cost memory 0.0524749755859375
[2026-07-27T01:24:41.572] [DEBUG] debug-file - runTaskFromQueue task cost before running: 1 s 306 ms 
[2026-07-27T01:24:41.572] [INFO] debug-file - Finished :entry:default@ProcessIntegratedHsp... after 1 ms 
[2026-07-27T01:24:41.573] [DEBUG] debug-file - Executing task :entry:default@BuildNativeWithCmake
[2026-07-27T01:24:41.573] [DEBUG] debug-file - entry : default@BuildNativeWithCmake cost memory 0.0149688720703125
[2026-07-27T01:24:41.573] [DEBUG] debug-file - runTaskFromQueue task cost before running: 1 s 307 ms 
[2026-07-27T01:24:41.573] [INFO] debug-file - Finished :entry:default@BuildNativeWithCmake... after 1 ms 
[2026-07-27T01:24:41.574] [DEBUG] debug-file - Executing task :entry:default@MakePackInfo
[2026-07-27T01:24:41.575] [DEBUG] debug-file - Incremental task entry:default@MakePackInfo pre-execution cost: 1 ms .
[2026-07-27T01:24:41.575] [DEBUG] debug-file - entry : default@MakePackInfo cost memory 0.13317108154296875
[2026-07-27T01:24:41.575] [INFO] debug-file - UP-TO-DATE :entry:default@MakePackInfo...  
[2026-07-27T01:24:41.576] [DEBUG] debug-file - Executing task :entry:default@SyscapTransform
[2026-07-27T01:24:41.576] [DEBUG] debug-file - File: 'D:\SLE-ID\slekey\entry\src\main\syscap.json' from 'sysCapJsonPath' is not exists, just ignore.
[2026-07-27T01:24:41.576] [DEBUG] debug-file - Task 'entry:default@SyscapTransform' cost while wrapping incremental declarations: 1 ms 
[2026-07-27T01:24:41.584] [DEBUG] debug-file - entry:default@SyscapTransform is not up-to-date, since the output file 'D:\SLE-ID\slekey\entry\build\default\intermediates\syscap\default\rpcid.sc' does not exist.
[2026-07-27T01:24:41.584] [DEBUG] debug-file - Incremental task entry:default@SyscapTransform pre-execution cost: 8 ms .
[2026-07-27T01:24:41.584] [DEBUG] debug-file - entry : default@SyscapTransform cost memory 0.149566650390625
[2026-07-27T01:24:41.584] [DEBUG] debug-file - runTaskFromQueue task cost before running: 1 s 318 ms 
[2026-07-27T01:24:41.584] [INFO] debug-file - Finished :entry:default@SyscapTransform... after 9 ms 
[2026-07-27T01:24:41.587] [DEBUG] debug-file - Executing task :entry:default@ProcessProfile
[2026-07-27T01:24:41.588] [DEBUG] debug-file - Task 'entry:default@ProcessProfile' cost while wrapping incremental declarations: 1 ms 
[2026-07-27T01:24:41.589] [DEBUG] debug-file - Incremental task entry:default@ProcessProfile pre-execution cost: 1 ms .
[2026-07-27T01:24:41.589] [DEBUG] debug-file - entry : default@ProcessProfile cost memory 0.14894866943359375
[2026-07-27T01:24:41.589] [INFO] debug-file - UP-TO-DATE :entry:default@ProcessProfile...  
[2026-07-27T01:24:41.590] [DEBUG] debug-file - Executing task :entry:default@ProcessRouterMap
[2026-07-27T01:24:41.592] [DEBUG] debug-file - Incremental task entry:default@ProcessRouterMap pre-execution cost: 1 ms .
[2026-07-27T01:24:41.592] [DEBUG] debug-file - entry : default@ProcessRouterMap cost memory 0.149261474609375
[2026-07-27T01:24:41.593] [INFO] debug-file - UP-TO-DATE :entry:default@ProcessRouterMap...  
[2026-07-27T01:24:41.593] [DEBUG] debug-file - Executing task :entry:default@ProcessShareConfig
[2026-07-27T01:24:41.594] [DEBUG] debug-file - Incremental task entry:default@ProcessShareConfig pre-execution cost: 1 ms .
[2026-07-27T01:24:41.594] [DEBUG] debug-file - entry : default@ProcessShareConfig cost memory 0.13626861572265625
[2026-07-27T01:24:41.595] [INFO] debug-file - UP-TO-DATE :entry:default@ProcessShareConfig...  
[2026-07-27T01:24:41.596] [DEBUG] debug-file - Executing task :entry:default@ProcessStartupConfig
[2026-07-27T01:24:41.596] [DEBUG] debug-file - Task 'entry:default@ProcessStartupConfig' cost while wrapping incremental declarations: 1 ms 
[2026-07-27T01:24:41.596] [DEBUG] debug-file - entry:default@ProcessStartupConfig is not up-to-date, since the output file 'D:\SLE-ID\slekey\entry\build\default\intermediates\startup\default\startup_config.json' does not exist.
[2026-07-27T01:24:41.597] [DEBUG] debug-file - Incremental task entry:default@ProcessStartupConfig pre-execution cost: 1 ms .
[2026-07-27T01:24:41.597] [DEBUG] debug-file - entry : default@ProcessStartupConfig cost memory 0.1264190673828125
[2026-07-27T01:24:41.597] [DEBUG] debug-file - runTaskFromQueue task cost before running: 1 s 332 ms 
[2026-07-27T01:24:41.598] [INFO] debug-file - Finished :entry:default@ProcessStartupConfig... after 2 ms 
[2026-07-27T01:24:41.598] [DEBUG] debug-file - Executing task :entry:default@BuildNativeWithNinja
[2026-07-27T01:24:41.599] [DEBUG] debug-file - entry : default@BuildNativeWithNinja cost memory 0.020751953125
[2026-07-27T01:24:41.599] [DEBUG] debug-file - runTaskFromQueue task cost before running: 1 s 333 ms 
[2026-07-27T01:24:41.599] [INFO] debug-file - Finished :entry:default@BuildNativeWithNinja... after 1 ms 
[2026-07-27T01:24:41.600] [DEBUG] debug-file - restool module names: entry; moduleName=entry, taskName=default@ProcessResource
[2026-07-27T01:24:41.601] [DEBUG] debug-file - Executing task :entry:default@ProcessResource
[2026-07-27T01:24:41.602] [DEBUG] debug-file - Task 'entry:default@ProcessResource' cost while wrapping incremental declarations: 1 ms 
[2026-07-27T01:24:41.602] [DEBUG] debug-file - Incremental task entry:default@ProcessResource pre-execution cost: 1 ms .
[2026-07-27T01:24:41.602] [DEBUG] debug-file - entry : default@ProcessResource cost memory 0.131011962890625
[2026-07-27T01:24:41.603] [INFO] debug-file - UP-TO-DATE :entry:default@ProcessResource...  
[2026-07-27T01:24:41.605] [DEBUG] debug-file - Executing task :entry:default@GenerateLoaderJson
[2026-07-27T01:24:41.606] [DEBUG] debug-file - Task 'entry:default@GenerateLoaderJson' cost while wrapping incremental declarations: 1 ms 
[2026-07-27T01:24:41.611] [DEBUG] debug-file - Incremental task entry:default@GenerateLoaderJson pre-execution cost: 3 ms .
[2026-07-27T01:24:41.611] [DEBUG] debug-file - entry : default@GenerateLoaderJson cost memory 0.5066299438476562
[2026-07-27T01:24:41.613] [INFO] debug-file - UP-TO-DATE :entry:default@GenerateLoaderJson...  
[2026-07-27T01:24:41.614] [DEBUG] debug-file - Executing task :entry:default@ProcessLibs
[2026-07-27T01:24:41.616] [DEBUG] debug-file - Incremental task entry:default@ProcessLibs pre-execution cost: 1 ms .
[2026-07-27T01:24:41.617] [DEBUG] debug-file - entry : default@ProcessLibs cost memory 0.1930389404296875
[2026-07-27T01:24:41.617] [INFO] debug-file - UP-TO-DATE :entry:default@ProcessLibs...  
[2026-07-27T01:24:41.618] [DEBUG] debug-file - restool module names: entry; moduleName=entry, taskName=default@CompileResource
[2026-07-27T01:24:41.619] [DEBUG] debug-file - Executing task :entry:default@CompileResource
[2026-07-27T01:24:41.623] [DEBUG] debug-file - Incremental task entry:default@CompileResource pre-execution cost: 4 ms .
[2026-07-27T01:24:41.623] [DEBUG] debug-file - entry : default@CompileResource cost memory 0.48105621337890625
[2026-07-27T01:24:41.623] [INFO] debug-file - UP-TO-DATE :entry:default@CompileResource...  
[2026-07-27T01:24:41.624] [DEBUG] debug-file - Executing task :entry:default@DoNativeStrip
[2026-07-27T01:24:41.625] [DEBUG] debug-file - File: 'D:\SLE-ID\slekey\entry\build\default\intermediates\binxo\default' from 'doBinxoNativeLibs' is not exists, just ignore.
[2026-07-27T01:24:41.625] [DEBUG] debug-file - Task 'entry:default@DoNativeStrip' cost while wrapping incremental declarations: 1 ms 
[2026-07-27T01:24:41.625] [DEBUG] debug-file - Incremental task entry:default@DoNativeStrip pre-execution cost: 1 ms .
[2026-07-27T01:24:41.625] [DEBUG] debug-file - entry : default@DoNativeStrip cost memory 0.07772064208984375
[2026-07-27T01:24:41.626] [INFO] debug-file - UP-TO-DATE :entry:default@DoNativeStrip...  
[2026-07-27T01:24:41.627] [DEBUG] debug-file - Executing task :entry:default@CompileArkTS
[2026-07-27T01:24:41.627] [DEBUG] debug-file - obfuscationOptions: undefined
[2026-07-27T01:24:41.629] [DEBUG] debug-file - Task 'entry:default@CompileArkTS' cost while wrapping incremental declarations: 1 ms 
[2026-07-27T01:24:41.633] [DEBUG] debug-file - entry:default@CompileArkTS is not up-to-date, since the input file 'D:\SLE-ID\slekey\entry\src\main\ets' has been changed.
[2026-07-27T01:24:41.634] [DEBUG] debug-file - Incremental task entry:default@CompileArkTS pre-execution cost: 4 ms .
[2026-07-27T01:24:41.642] [DEBUG] debug-file - build config:
[2026-07-27T01:24:41.642] [DEBUG] debug-file - {
  moduleType: 'entry',
  perf: 0,
  targetName: '.default',
  packageManagerType: 'ohpm',
  localPropertiesPath: 'D:\\SLE-ID\\slekey\\local.properties',
  isPreview: false,
  isOhosTest: false,
  isLocalTest: false,
  buildMode: 'Debug',
  hotReloadBuild: undefined,
  watchMode: 'false',
  aceProfilePath: 'D:\\SLE-ID\\slekey\\entry\\build\\default\\intermediates\\res\\default\\resources\\base\\profile',
  etsLoaderPath: 'C:\\Program Files\\Huawei\\DevEco Studio\\sdk\\default\\openharmony\\ets\\build-tools\\ets-loader',
  modulePath: 'D:\\SLE-ID\\slekey\\entry',
  testFrameworkPar: {
    testMode: undefined,
    coveragePathFilter: undefined,
    coverageMode: undefined
  },
  needCoverageInsert: false,
  debugLine: false,
  projectTopDir: 'D:\\SLE-ID\\slekey',
  compileSdkVersion: 23,
  compatibleSdkVersion: 12,
  originCompatibleSdkVersion: '5.0.0(12)',
  compatibleSdkVersionStage: 'beta1',
  bundleName: 'c***p',
  etsLoaderVersion: '6.1.0.105',
  etsLoaderReleaseType: 'Release',
  aotCompileMode: 'type',
  apPath: 'D:\\SLE-ID\\slekey\\entry\\modules.ap',
  entryModuleName: 'entry',
  entryModuleVersion: '1.0.0',
  entryPackageName: 'entry',
  allModuleNameHash: 'f50575914c85e3183d91a020539fc5ec331fa18837794d3ea3a2aada5c34fdd7',
  externalApiPaths: [
    'C:\\Program Files\\Huawei\\DevEco Studio\\sdk\\default\\hms\\ets'
  ],
  compilerTypes: [],
  isCrossplatform: false,
  hvigorPluginFile: undefined,
  compilePluginPath: undefined,
  buildGeneratedProfilePath: 'D:\\SLE-ID\\slekey\\entry\\build\\default\\generated\\profile\\default',
  bundleType: 'app',
  arkTSVersion: '1.0',
  apiVersion: 23,
  needCompleteSourcesMap: false,
  isFaMode: false,
  buildDir: 'D:\\SLE-ID\\slekey\\entry\\build',
  deviceTypes: [ 'phone', 'tablet' ],
  pkgContextInfo: {
    '@ohos/hypium': {
      packageName: '@ohos/hypium',
      bundleName: '*****',
      moduleName: '',
      version: '1.0.19',
      entryPath: 'index.js',
      isSO: false,
      dependencyAlias: ''
    },
    entry: {
      packageName: 'entry',
      bundleName: '*****',
      moduleName: '',
      version: '',
      entryPath: 'src/main/',
      isSO: false,
      dependencyAlias: ''
    }
  },
  ohPackagePathMap: {},
  dependencyAliasMap: {},
  permission: { requestPermissions: [], definePermissions: undefined },
  useGetCurrentBundleName: false,
  projectArkOption: undefined,
  sourceMapDir: undefined,
  branchElimination: false,
  transformLib: undefined,
  tsImportSendable: false,
  resolveConflictMode: true,
  depName2RootPath: {},
  depName2DepInfo: {},
  depName2OhExports: {},
  rootPathSet: [ 'D:\\SLE-ID\\slekey' ],
  useNativeResolver: true,
  shouldEmitJs: true,
  useTscResolve: false,
  singleFileEmit: false,
  userProjectConfig: {
    autoLazyImport: false,
    allowEmptyBundleName: false,
    reExportCheckMode: 'noCheck',
    executionMode: 'memory',
    usePathPlaceholder: false,
    writeRollupCache: true,
    isExpandImportEnabled: false,
    expandImportExclude: '',
    lazyImportExclude: '',
    lazyImportInclude: '',
    ignoreCrossplatformCheck: false,
    isHarDeduplicateEnabled: false,
    skipOhModulesLint: false,
    enableStrictCheckOHModule: false,
    disableSendableCheckRules: [],
    useDeclarationFileSignature: false,
    customizedOptions: undefined,
    integratedHsp: false,
    isPreloadSoEnabled: false
  },
  executionMode: 'memory',
  arkCompileCachePath: 'D:\\SLE-ID\\slekey\\entry\\build\\default\\cache\\default\\default@CompileArkTS\\esmodule',
  autoLazyFilter: undefined,
  isHarDeduplicateEnabled: false,
  intermediateHarDuplicateDirPath: 'D:\\SLE-ID\\slekey\\entry\\build\\default\\intermediates\\har_duplicate\\default',
  autoLazyImport: false,
  allowEmptyBundleName: false,
  reExportCheckMode: 'noCheck',
  usePathPlaceholder: false,
  writeRollupCache: true,
  isExpandImportEnabled: false,
  expandImportExclude: '',
  lazyImportExclude: '',
  lazyImportInclude: '',
  ignoreCrossplatformCheck: false,
  skipOhModulesLint: false,
  enableStrictCheckOHModule: false,
  disableSendableCheckRules: [],
  useDeclarationFileSignature: false,
  customizedOptions: undefined,
  integratedHsp: false,
  isPreloadSoEnabled: false,
  strictMode: {
    caseSensitiveCheck: true,
    useNormalizedOHMUrl: true,
    noExternalImportByPath: true
  },
  useNormalizedOHMUrl: true,
  caseSensitiveCheck: true,
  aceModuleJsonPath: 'D:\\SLE-ID\\slekey\\entry\\build\\default\\intermediates\\res\\default\\ark_module.json',
  appResource: 'D:\\SLE-ID\\slekey\\entry\\build\\default\\intermediates\\res\\default\\ResourceTable.txt',
  rawFileResource: 'D:\\SLE-ID\\slekey\\entry\\build\\default\\intermediates\\res\\default\\resources\\rawfile',
  resourceTableHash: '8d499eae98a35ebfd449f640cb0204dc46fbfe126b8cecf18b5dae055c1b4570',
  runtimeOS: 'HarmonyOS',
  sdkInfo: 'false:23:6.1.0.105:Release',
  aceModuleRoot: 'D:\\SLE-ID\\slekey\\entry\\src\\main\\ets',
  compileMode: 'esmodule',
  aceSuperVisualPath: 'D:\\SLE-ID\\slekey\\entry\\src\\main\\supervisual',
  aceBuildJson: 'D:\\SLE-ID\\slekey\\entry\\build\\default\\intermediates\\loader\\default\\loader.json',
  cachePath: 'D:\\SLE-ID\\slekey\\entry\\build\\default\\cache\\default\\default@CompileArkTS\\esmodule\\debug',
  aceModuleBuild: 'D:\\SLE-ID\\slekey\\entry\\build\\default\\intermediates\\loader_out\\default\\ets',
  supportChunks: true,
  declaredFilesPath: undefined,
  shouldCollectDirectImportees: false,
  isByteCodeHarOptimize: false,
  expandImportPath: undefined,
  resourceTableTs: 'D:\\SLE-ID\\slekey\\entry\\build\\default\\generated\\r\\default\\ResourceTable.ts',
  moduleMetaInfoFiles: [
    {
      filePath: 'D:\\SLE-ID\\slekey\\entry\\build\\default\\generated\\r\\default\\ResourceTable.ts',
      ohmurl: '&entry/build/generated/r/ResourceTable&'
    }
  ],
  pkgNameToPkgBriefInfo: {
    '@ohos/hypium': {
      pkgRoot: 'D:\\SLE-ID\\slekey\\oh_modules\\.ohpm\\@ohos+hypium@1.0.19\\oh_modules\\@ohos\\hypium',
      pkgName: '@ohos/hypium',
      sourceRoots: undefined
    },
    entry: {
      pkgRoot: 'D:\\SLE-ID\\slekey\\entry',
      originalSourceRoots: undefined,
      sourceRoots: [Array],
      pkgName: 'entry'
    }
  },
  projectModel: {
    'D:\\SLE-ID\\slekey\\entry\\src\\main': {
      moduleName: 'entry',
      modulePkgPath: 'D:\\SLE-ID\\slekey\\entry',
      belongProjectPath: 'D:\\SLE-ID\\slekey'
    },
    'D:\\SLE-ID\\slekey\\entry': {
      moduleName: 'entry',
      modulePkgPath: 'D:\\SLE-ID\\slekey\\entry',
      belongProjectPath: 'D:\\SLE-ID\\slekey'
    },
    'D:\\SLE-ID\\slekey': {
      moduleName: 'slekey',
      modulePkgPath: 'D:\\SLE-ID\\slekey',
      belongProjectPath: 'D:\\SLE-ID\\slekey'
    }
  },
  pkgJsonFileHash: 'ec6406b50c1f0667f15176d21572c003d2c01d5ebca6edba903080a6bf4e4385',
  allModulePaths: [ 'D:\\SLE-ID\\slekey\\entry' ],
  routerMap: {},
  obfuscationOptions: undefined,
  byteCodeHarToDependencyKeys: undefined,
  compileBlockPkg: [],
  mockParams: {
    decorator: '@MockSetup',
    packageName: '@ohos/hamock',
    etsSourceRootPath: 'src/main/ets',
    mockConfigPath: undefined,
    mockConfigKey2ModuleInfo: {},
    source2ModuleIdMap: {}
  },
  copyCodeResourceEnable: true,
  copyCodeResourceExcludes: [],
  copyCodeResourceIncludes: undefined,
  uiTransformOptimization: false,
  sdkPath: 'C:/Program Files/Huawei/DevEco Studio/sdk',
  needPreloadSoFileSet: {},
  preloadSoFilePath: 'D:\\SLE-ID\\slekey\\entry\\build\\default\\intermediates\\preload\\default\\preload.json',
  useSourceHash: false,
  localModuleParamMap: {},
  otherPaths: {
    'entry/*': [
      '..\\*',
      '..\\..\\..\\build\\default\\generated\\profile\\default\\*'
    ]
  },
  collectImportersConfig: undefined
}
[2026-07-27T01:24:41.642] [DEBUG] debug-file - Compile arkts with external api path: C:\Program Files\Huawei\DevEco Studio\sdk\default\hms\ets
[2026-07-27T01:24:41.644] [DEBUG] debug-file - default@CompileArkTS work[0] is submitted.
[2026-07-27T01:24:41.644] [DEBUG] debug-file - default@CompileArkTS work[0] is pushed to ready queue.
[2026-07-27T01:24:41.644] [DEBUG] debug-file - A work dispatched to worker[23] failed because unable to get work from ready queue.
[2026-07-27T01:24:41.644] [DEBUG] debug-file - A work dispatched to worker[22] failed because unable to get work from ready queue.
[2026-07-27T01:24:41.644] [DEBUG] debug-file - A work dispatched to worker[21] failed because unable to get work from ready queue.
[2026-07-27T01:24:41.644] [DEBUG] debug-file - A work dispatched to worker[20] failed because unable to get work from ready queue.
[2026-07-27T01:24:41.644] [DEBUG] debug-file - A work dispatched to worker[19] failed because unable to get work from ready queue.
[2026-07-27T01:24:41.644] [DEBUG] debug-file - A work dispatched to worker[18] failed because unable to get work from ready queue.
[2026-07-27T01:24:41.644] [DEBUG] debug-file - A work dispatched to worker[17] failed because unable to get work from ready queue.
[2026-07-27T01:24:41.644] [DEBUG] debug-file - A work dispatched to worker[16] failed because unable to get work from ready queue.
[2026-07-27T01:24:41.644] [DEBUG] debug-file - A work dispatched to worker[15] failed because unable to get work from ready queue.
[2026-07-27T01:24:41.644] [DEBUG] debug-file - A work dispatched to worker[14] failed because unable to get work from ready queue.
[2026-07-27T01:24:41.644] [DEBUG] debug-file - A work dispatched to worker[13] failed because unable to get work from ready queue.
[2026-07-27T01:24:41.644] [DEBUG] debug-file - A work dispatched to worker[12] failed because unable to get work from ready queue.
[2026-07-27T01:24:41.644] [DEBUG] debug-file - A work dispatched to worker[11] failed because unable to get work from ready queue.
[2026-07-27T01:24:41.644] [DEBUG] debug-file - A work dispatched to worker[10] failed because unable to get work from ready queue.
[2026-07-27T01:24:41.644] [DEBUG] debug-file - A work dispatched to worker[9] failed because unable to get work from ready queue.
[2026-07-27T01:24:41.645] [DEBUG] debug-file - A work dispatched to worker[8] failed because unable to get work from ready queue.
[2026-07-27T01:24:41.645] [DEBUG] debug-file - A work dispatched to worker[7] failed because unable to get work from ready queue.
[2026-07-27T01:24:41.645] [DEBUG] debug-file - A work dispatched to worker[6] failed because unable to get work from ready queue.
[2026-07-27T01:24:41.645] [DEBUG] debug-file - A work dispatched to worker[5] failed because unable to get work from ready queue.
[2026-07-27T01:24:41.645] [DEBUG] debug-file - Create  resident worker with id: 4.
[2026-07-27T01:24:41.646] [DEBUG] debug-file - default@CompileArkTS work[0] has been dispatched to worker[4].
[2026-07-27T01:24:41.646] [DEBUG] debug-file - default@CompileArkTS work[0] is dispatched.
[2026-07-27T01:24:41.646] [DEBUG] debug-file - CopyResources startTime: 137980930400600
[2026-07-27T01:24:41.646] [DEBUG] debug-file - default@CompileArkTS work[1] is submitted.
[2026-07-27T01:24:41.647] [DEBUG] debug-file - default@CompileArkTS work[1] is pushed to ready queue.
[2026-07-27T01:24:41.647] [DEBUG] debug-file - A work dispatched to worker[23] failed because unable to get work from ready queue.
[2026-07-27T01:24:41.647] [DEBUG] debug-file - Create  resident worker with id: 22.
[2026-07-27T01:24:41.647] [DEBUG] debug-file - default@CompileArkTS work[1] has been dispatched to worker[22].
[2026-07-27T01:24:41.647] [DEBUG] debug-file - default@CompileArkTS work[1] is dispatched.
[2026-07-27T01:24:41.647] [DEBUG] debug-file - entry : default@CompileArkTS cost memory 1.9403076171875
[2026-07-27T01:24:41.648] [DEBUG] debug-file - Executing task :entry:default@BuildJS
[2026-07-27T01:24:41.649] [DEBUG] debug-file - Task 'entry:default@BuildJS' cost while wrapping incremental declarations: 1 ms 
[2026-07-27T01:24:41.652] [DEBUG] debug-file - entry : default@BuildJS cost memory 0.11871337890625
[2026-07-27T01:24:41.652] [DEBUG] debug-file - runTaskFromQueue task cost before running: 1 s 386 ms 
[2026-07-27T01:24:41.652] [INFO] debug-file - Finished :entry:default@BuildJS... after 4 ms 
[2026-07-27T01:24:41.653] [DEBUG] debug-file - Executing task :entry:default@CacheNativeLibs
[2026-07-27T01:24:41.653] [DEBUG] debug-file - File: 'D:\SLE-ID\slekey\entry\build\default\intermediates\binxo\default' from 'cacheBinxoNativeLibs' is not exists, just ignore.
[2026-07-27T01:24:41.653] [DEBUG] debug-file - Task 'entry:default@CacheNativeLibs' cost while wrapping incremental declarations: 1 ms 
[2026-07-27T01:24:41.654] [DEBUG] debug-file - Incremental task entry:default@CacheNativeLibs pre-execution cost: 1 ms .
[2026-07-27T01:24:41.654] [DEBUG] debug-file - entry : default@CacheNativeLibs cost memory 0.092041015625
[2026-07-27T01:24:41.654] [INFO] debug-file - UP-TO-DATE :entry:default@CacheNativeLibs...  
[2026-07-27T01:24:42.120] [DEBUG] debug-file - worker[22] has one work done.
[2026-07-27T01:24:42.120] [DEBUG] debug-file - CopyResources is end, endTime: 137981404660400
[2026-07-27T01:24:42.121] [DEBUG] debug-file - default@CompileArkTS work[1] done.
[2026-07-27T01:24:42.121] [DEBUG] debug-file - A work dispatched to worker[22] failed because unable to get work from ready queue.
[2026-07-27T01:24:46.370] [DEBUG] debug-file - worker[4] has one work done.
[2026-07-27T01:24:46.370] [DEBUG] debug-file - Ark compile task finished.finished time is 137985653827800
[2026-07-27T01:24:46.371] [DEBUG] debug-file - default@CompileArkTS work[0] done.
[2026-07-27T01:24:46.371] [DEBUG] debug-file - A work dispatched to worker[4] failed because unable to get work from ready queue.
[2026-07-27T01:24:46.372] [INFO] debug-file - Finished :entry:default@CompileArkTS... after 3 s 606 ms 
[2026-07-27T01:24:46.373] [DEBUG] debug-file - Executing task :entry:default@GeneratePkgModuleJson
[2026-07-27T01:24:46.373] [DEBUG] debug-file - File: 'D:\SLE-ID\slekey\entry\build\default\intermediates\preload\default\preload.json' from 'preloadSoJsonPath' is not exists, just ignore.
[2026-07-27T01:24:46.373] [DEBUG] debug-file - Error occurs while handling @Input 'shouldDeduplicateHar': The "data" argument must be of type string or an instance of Buffer, TypedArray, or DataView. Received undefined
[2026-07-27T01:24:46.373] [DEBUG] debug-file - Task 'entry:default@GeneratePkgModuleJson' cost while wrapping incremental declarations: 1 ms 
[2026-07-27T01:24:46.374] [DEBUG] debug-file - Incremental task entry:default@GeneratePkgModuleJson pre-execution cost: 1 ms .
[2026-07-27T01:24:46.374] [DEBUG] debug-file - entry : default@GeneratePkgModuleJson cost memory 0.09709930419921875
[2026-07-27T01:24:46.374] [INFO] debug-file - UP-TO-DATE :entry:default@GeneratePkgModuleJson...  
[2026-07-27T01:24:46.375] [DEBUG] debug-file - Executing task :entry:default@ProcessCompiledResources
[2026-07-27T01:24:46.375] [DEBUG] debug-file - File: 'D:\SLE-ID\slekey\entry\build\default\intermediates\preload\default\preload.json' from 'preloadSoJsonPath' is not exists, just ignore.
[2026-07-27T01:24:46.375] [DEBUG] debug-file - Task 'entry:default@ProcessCompiledResources' cost while wrapping incremental declarations: 1 ms 
[2026-07-27T01:24:46.376] [DEBUG] debug-file - entry : default@ProcessCompiledResources cost memory 0.05294036865234375
[2026-07-27T01:24:46.376] [DEBUG] debug-file - runTaskFromQueue task cost before running: 6 s 110 ms 
[2026-07-27T01:24:46.376] [INFO] debug-file - Finished :entry:default@ProcessCompiledResources... after 1 ms 
[2026-07-27T01:24:46.377] [DEBUG] debug-file - Executing task :entry:default@PackageHap
[2026-07-27T01:24:46.380] [DEBUG] debug-file - entry:default@PackageHap is not up-to-date, since the input file 'D:\SLE-ID\slekey\entry\build\default\intermediates\loader_out\default\ets' has been changed.
[2026-07-27T01:24:46.380] [DEBUG] debug-file - Incremental task entry:default@PackageHap pre-execution cost: 2 ms .
[2026-07-27T01:24:46.381] [DEBUG] debug-file - Use tool [C:\Program Files\Huawei\DevEco Studio\sdk\default\openharmony\toolchains\lib\app_packing_tool.jar]
 [
  'java',
  '-Dfile.encoding=GBK',
  '-jar',
  'C:\\Program Files\\Huawei\\DevEco Studio\\sdk\\default\\openharmony\\toolchains\\lib\\app_packing_tool.jar',
  '--mode',
  'hap',
  '--force',
  'true',
  '--lib-path',
  'D:\\SLE-ID\\slekey\\entry\\build\\default\\intermediates\\stripped_native_libs\\default',
  '--json-path',
  'D:\\SLE-ID\\slekey\\entry\\build\\default\\intermediates\\package\\default\\module.json',
  '--resources-path',
  'D:\\SLE-ID\\slekey\\entry\\build\\default\\intermediates\\res\\default\\resources',
  '--index-path',
  'D:\\SLE-ID\\slekey\\entry\\build\\default\\intermediates\\res\\default\\resources.index',
  '--pack-info-path',
  'D:\\SLE-ID\\slekey\\entry\\build\\default\\outputs\\default\\pack.info',
  '--out-path',
  'D:\\SLE-ID\\slekey\\entry\\build\\default\\outputs\\default\\entry-default-unsigned.hap',
  '--ets-path',
  'D:\\SLE-ID\\slekey\\entry\\build\\default\\intermediates\\loader_out\\default\\ets',
  '--pkg-context-path',
  'D:\\SLE-ID\\slekey\\entry\\build\\default\\intermediates\\loader\\default\\pkgContextInfo.json'
]
[2026-07-27T01:24:46.381] [DEBUG] debug-file - default@PackageHap work[2] is submitted.
[2026-07-27T01:24:46.381] [DEBUG] debug-file - default@PackageHap work[2] is pushed to ready queue.
[2026-07-27T01:24:46.381] [DEBUG] debug-file - A work dispatched to worker[23] failed because unable to get work from ready queue.
[2026-07-27T01:24:46.382] [DEBUG] debug-file - default@PackageHap work[2] has been dispatched to worker[22].
[2026-07-27T01:24:46.382] [DEBUG] debug-file - default@PackageHap work[2] is dispatched.
[2026-07-27T01:24:46.385] [DEBUG] debug-file - entry : default@PackageHap cost memory 0.455169677734375
[2026-07-27T01:24:46.519] [DEBUG] debug-file - current process  memoryUsage: {
  rss: 775634944,
  heapTotal: 80031744,
  heapUsed: 54930592,
  external: 4176555,
  arrayBuffers: 22783
} os memoryUsage :13.925487518310547
[2026-07-27T01:24:46.917] [DEBUG] debug-file - worker[22] has one work done.
[2026-07-27T01:24:46.917] [DEBUG] debug-file - default@PackageHap work[2] done.
[2026-07-27T01:24:46.917] [DEBUG] debug-file - A work dispatched to worker[22] failed because unable to get work from ready queue.
[2026-07-27T01:24:46.918] [INFO] debug-file - Finished :entry:default@PackageHap... after 407 ms 
[2026-07-27T01:24:46.920] [DEBUG] debug-file - Executing task :entry:default@PackingCheck
[2026-07-27T01:24:46.923] [DEBUG] debug-file - entry : default@PackingCheck cost memory 0.5074310302734375
[2026-07-27T01:24:46.923] [DEBUG] debug-file - runTaskFromQueue task cost before running: 6 s 657 ms 
[2026-07-27T01:24:46.923] [INFO] debug-file - Finished :entry:default@PackingCheck... after 4 ms 
[2026-07-27T01:24:46.925] [DEBUG] debug-file - Executing task :entry:default@SignHap
[2026-07-27T01:24:46.928] [DEBUG] debug-file - entry:default@SignHap is not up-to-date, since the input file 'D:\SLE-ID\slekey\entry\build\default\outputs\default\entry-default-unsigned.hap' has been changed.
[2026-07-27T01:24:46.928] [DEBUG] debug-file - Incremental task entry:default@SignHap pre-execution cost: 2 ms .
[2026-07-27T01:24:46.961] [DEBUG] debug-file - java daemon socket received message:{"code":0,"message":"verify profile success"}
[2026-07-27T01:24:46.965] [DEBUG] debug-file - java daemon socket close code:1000 reason:close by user
[2026-07-27T01:24:47.039] [DEBUG] debug-file - java daemon socket received message:{"code":0,"message":"sign app success"}
[2026-07-27T01:24:47.039] [DEBUG] debug-file - entry : default@SignHap cost memory 0.929351806640625
[2026-07-27T01:24:47.039] [DEBUG] debug-file - runTaskFromQueue task cost before running: 6 s 773 ms 
[2026-07-27T01:24:47.040] [INFO] debug-file - Finished :entry:default@SignHap... after 114 ms 
[2026-07-27T01:24:47.041] [DEBUG] debug-file - Executing task :entry:default@CollectDebugSymbol
[2026-07-27T01:24:47.042] [DEBUG] debug-file - entry : default@CollectDebugSymbol cost memory 0.07498931884765625
[2026-07-27T01:24:47.042] [DEBUG] debug-file - runTaskFromQueue task cost before running: 6 s 776 ms 
[2026-07-27T01:24:47.042] [INFO] debug-file - Finished :entry:default@CollectDebugSymbol... after 2 ms 
[2026-07-27T01:24:47.042] [DEBUG] debug-file - Executing task :entry:assembleHap
[2026-07-27T01:24:47.042] [DEBUG] debug-file - entry : assembleHap cost memory 0.014678955078125
[2026-07-27T01:24:47.042] [DEBUG] debug-file - runTaskFromQueue task cost before running: 6 s 776 ms 
[2026-07-27T01:24:47.042] [INFO] debug-file - Finished :entry:assembleHap... after 1 ms 
[2026-07-27T01:24:47.044] [INFO] debug-file - BUILD SUCCESSFUL in 6 s 778 ms 
[2026-07-27T01:24:47.045] [DEBUG] debug-file - Update task entry:default@PreBuild input file:D:\SLE-ID\slekey\AppScope\app.json5 cache by regenerate.
[2026-07-27T01:24:47.045] [DEBUG] debug-file - Update task entry:default@PreBuild input file:D:\SLE-ID\slekey\entry\src\main\module.json5 cache by regenerate.
[2026-07-27T01:24:47.045] [DEBUG] debug-file - Update task entry:default@PreBuild input file:D:\SLE-ID\slekey\build-profile.json5 cache by regenerate.
[2026-07-27T01:24:47.045] [DEBUG] debug-file - Update task entry:default@PreBuild input file:D:\SLE-ID\slekey\entry\build-profile.json5 cache by regenerate.
[2026-07-27T01:24:47.045] [DEBUG] debug-file - Update task entry:default@PreBuild input file:D:\SLE-ID\slekey\entry\src\main\resources\base\profile\main_pages.json cache by regenerate.
[2026-07-27T01:24:47.045] [DEBUG] debug-file - Update task entry:default@PreBuild input file:D:\SLE-ID\slekey\hvigor\hvigor-config.json5 cache by regenerate.
[2026-07-27T01:24:47.045] [DEBUG] debug-file - Update task entry:default@PreBuild input file:D:\SLE-ID\slekey\entry\oh-package.json5 cache by regenerate.
[2026-07-27T01:24:47.045] [DEBUG] debug-file - Update task entry:default@PreBuild input file:D:\SLE-ID\slekey\oh-package.json5 cache by regenerate.
[2026-07-27T01:24:47.046] [DEBUG] debug-file - Incremental task entry:default@PreBuild post-execution cost:2 ms .
[2026-07-27T01:24:47.046] [DEBUG] debug-file - Update task entry:default@CreateModuleInfo output file:D:\SLE-ID\slekey\entry\build\default\generated\profile\default\ModuleInfo.ts cache.
[2026-07-27T01:24:47.046] [DEBUG] debug-file - Incremental task entry:default@CreateModuleInfo post-execution cost:1 ms .
[2026-07-27T01:24:47.046] [DEBUG] debug-file - There is no need to refresh cache, since the incremental task entry:default@GenerateMetadata is up-to-date.
[2026-07-27T01:24:47.046] [DEBUG] debug-file - There is no need to refresh cache, since the incremental task entry:default@MergeProfile is up-to-date.
[2026-07-27T01:24:47.046] [DEBUG] debug-file - There is no need to refresh cache, since the incremental task entry:default@CreateBuildProfile is up-to-date.
[2026-07-27T01:24:47.046] [DEBUG] debug-file - There is no need to refresh cache, since the incremental task entry:default@GeneratePkgContextInfo is up-to-date.
[2026-07-27T01:24:47.046] [DEBUG] debug-file - Update task entry:default@GeneratePkgSdkInfo output file:D:\SLE-ID\slekey\entry\build\default\intermediates\loader\default\pkgSdkInfo.json cache.
[2026-07-27T01:24:47.046] [DEBUG] debug-file - Incremental task entry:default@GeneratePkgSdkInfo post-execution cost:1 ms .
[2026-07-27T01:24:47.046] [DEBUG] debug-file - Update task entry:default@ProcessIntegratedHsp output file:D:\SLE-ID\slekey\build\cache\default\integrated_hsp\integratedHspCache.json cache.
[2026-07-27T01:24:47.046] [DEBUG] debug-file - Incremental task entry:default@ProcessIntegratedHsp post-execution cost:1 ms .
[2026-07-27T01:24:47.046] [DEBUG] debug-file - There is no need to refresh cache, since the incremental task entry:default@MakePackInfo is up-to-date.
[2026-07-27T01:24:47.047] [DEBUG] debug-file - Update task entry:default@SyscapTransform input file:C:\Program Files\Huawei\DevEco Studio\sdk\default\openharmony\toolchains\syscap_tool.exe cache by regenerate.
[2026-07-27T01:24:47.047] [DEBUG] debug-file - Update task entry:default@SyscapTransform input file:C:\Program Files\Huawei\DevEco Studio\sdk\default\openharmony\ets\api\device-define cache by regenerate.
[2026-07-27T01:24:47.047] [DEBUG] debug-file - Update task entry:default@SyscapTransform output file:D:\SLE-ID\slekey\entry\build\default\intermediates\syscap\default\rpcid.sc cache.
[2026-07-27T01:24:47.047] [DEBUG] debug-file - Incremental task entry:default@SyscapTransform post-execution cost:1 ms .
[2026-07-27T01:24:47.047] [DEBUG] debug-file - There is no need to refresh cache, since the incremental task entry:default@ProcessProfile is up-to-date.
[2026-07-27T01:24:47.047] [DEBUG] debug-file - There is no need to refresh cache, since the incremental task entry:default@ProcessRouterMap is up-to-date.
[2026-07-27T01:24:47.047] [DEBUG] debug-file - There is no need to refresh cache, since the incremental task entry:default@ProcessShareConfig is up-to-date.
[2026-07-27T01:24:47.047] [DEBUG] debug-file - Update task entry:default@ProcessStartupConfig input file:D:\SLE-ID\slekey\entry\build\default\intermediates\loader\default\pkgContextInfo.json cache by regenerate.
[2026-07-27T01:24:47.048] [DEBUG] debug-file - Update task entry:default@ProcessStartupConfig output file:D:\SLE-ID\slekey\entry\build\default\intermediates\startup\default\startup_config.json cache.
[2026-07-27T01:24:47.048] [DEBUG] debug-file - Incremental task entry:default@ProcessStartupConfig post-execution cost:1 ms .
[2026-07-27T01:24:47.048] [DEBUG] debug-file - There is no need to refresh cache, since the incremental task entry:default@ProcessResource is up-to-date.
[2026-07-27T01:24:47.048] [DEBUG] debug-file - There is no need to refresh cache, since the incremental task entry:default@GenerateLoaderJson is up-to-date.
[2026-07-27T01:24:47.048] [DEBUG] debug-file - There is no need to refresh cache, since the incremental task entry:default@ProcessLibs is up-to-date.
[2026-07-27T01:24:47.048] [DEBUG] debug-file - There is no need to refresh cache, since the incremental task entry:default@CompileResource is up-to-date.
[2026-07-27T01:24:47.048] [DEBUG] debug-file - There is no need to refresh cache, since the incremental task entry:default@DoNativeStrip is up-to-date.
[2026-07-27T01:24:47.048] [DEBUG] debug-file - Update task entry:default@CompileArkTS input file:D:\SLE-ID\slekey\entry\build\default\intermediates\loader\default cache by regenerate.
[2026-07-27T01:24:47.049] [DEBUG] debug-file - Update task entry:default@CompileArkTS input file:D:\SLE-ID\slekey\oh_modules\.ohpm\@ohos+hypium@1.0.19\oh_modules\@ohos\hypium\index.js cache by regenerate.
[2026-07-27T01:24:47.049] [DEBUG] debug-file - Update task entry:default@CompileArkTS input file:D:\SLE-ID\slekey\entry\build\default\intermediates\res\default\resources\rawfile cache by regenerate.
[2026-07-27T01:24:47.049] [DEBUG] debug-file - Update task entry:default@CompileArkTS input file:D:\SLE-ID\slekey\entry\build\default\intermediates\res\default\ResourceTable.txt cache by regenerate.
[2026-07-27T01:24:47.049] [DEBUG] debug-file - Update task entry:default@CompileArkTS input file:D:\SLE-ID\slekey\entry\build\default\intermediates\res\default\ark_module.json cache by regenerate.
[2026-07-27T01:24:47.049] [DEBUG] debug-file - Update task entry:default@CompileArkTS input file:D:\SLE-ID\slekey\entry\build\default\intermediates\res\default\resources\base\profile cache by regenerate.
[2026-07-27T01:24:47.049] [DEBUG] debug-file - Update task entry:default@CompileArkTS input file:D:\SLE-ID\slekey\entry\src\main\ets cache from map.
[2026-07-27T01:24:47.049] [DEBUG] debug-file - Update task entry:default@CompileArkTS input file:D:\SLE-ID\slekey\entry\build\default\intermediates\loader\default\pkgContextInfo.json cache by regenerate.
[2026-07-27T01:24:47.049] [DEBUG] debug-file - Update task entry:default@CompileArkTS input file:D:\SLE-ID\slekey\entry\build\default\generated\profile\default\BuildProfile.ets cache by regenerate.
[2026-07-27T01:24:47.049] [DEBUG] debug-file - Update task entry:default@CompileArkTS output file:D:\SLE-ID\slekey\entry\build\default\intermediates\loader_out\default\ets cache.
[2026-07-27T01:24:47.050] [DEBUG] debug-file - Incremental task entry:default@CompileArkTS post-execution cost:2 ms .
[2026-07-27T01:24:47.050] [DEBUG] debug-file - Update task entry:default@BuildJS input file:D:\SLE-ID\slekey\entry\build\default\intermediates\loader\default cache by regenerate.
[2026-07-27T01:24:47.050] [DEBUG] debug-file - Update task entry:default@BuildJS input file:D:\SLE-ID\slekey\oh_modules\.ohpm\@ohos+hypium@1.0.19\oh_modules\@ohos\hypium\index.js cache by regenerate.
[2026-07-27T01:24:47.050] [DEBUG] debug-file - Update task entry:default@BuildJS input file:D:\SLE-ID\slekey\entry\build\default\intermediates\res\default\resources\rawfile cache by regenerate.
[2026-07-27T01:24:47.050] [DEBUG] debug-file - Update task entry:default@BuildJS input file:D:\SLE-ID\slekey\entry\build\default\intermediates\res\default\ResourceTable.txt cache by regenerate.
[2026-07-27T01:24:47.050] [DEBUG] debug-file - Update task entry:default@BuildJS input file:D:\SLE-ID\slekey\entry\build\default\intermediates\res\default\ark_module.json cache by regenerate.
[2026-07-27T01:24:47.050] [DEBUG] debug-file - Update task entry:default@BuildJS input file:D:\SLE-ID\slekey\entry\build\default\intermediates\res\default\resources\base\profile cache by regenerate.
[2026-07-27T01:24:47.051] [DEBUG] debug-file - Update task entry:default@BuildJS input file:D:\SLE-ID\slekey\entry\build\default\intermediates\loader\default\pkgContextInfo.json cache by regenerate.
[2026-07-27T01:24:47.051] [DEBUG] debug-file - Update task entry:default@BuildJS output file:D:\SLE-ID\slekey\entry\build\default\intermediates\loader_out\default\js cache.
[2026-07-27T01:24:47.051] [DEBUG] debug-file - Incremental task entry:default@BuildJS post-execution cost:2 ms .
[2026-07-27T01:24:47.051] [DEBUG] debug-file - There is no need to refresh cache, since the incremental task entry:default@CacheNativeLibs is up-to-date.
[2026-07-27T01:24:47.051] [DEBUG] debug-file - There is no need to refresh cache, since the incremental task entry:default@GeneratePkgModuleJson is up-to-date.
[2026-07-27T01:24:47.051] [DEBUG] debug-file - Incremental task entry:default@ProcessCompiledResources post-execution cost:1 ms .
[2026-07-27T01:24:47.051] [DEBUG] debug-file - Update task entry:default@PackageHap input file:D:\SLE-ID\slekey\entry\build\default\intermediates\stripped_native_libs\default cache by regenerate.
[2026-07-27T01:24:47.051] [DEBUG] debug-file - Update task entry:default@PackageHap input file:D:\SLE-ID\slekey\entry\build\default\intermediates\res\default\module.json cache by regenerate.
[2026-07-27T01:24:47.051] [DEBUG] debug-file - Update task entry:default@PackageHap input file:D:\SLE-ID\slekey\entry\build\default\intermediates\res\default\resources cache by regenerate.
[2026-07-27T01:24:47.052] [DEBUG] debug-file - Update task entry:default@PackageHap input file:D:\SLE-ID\slekey\entry\build\default\intermediates\res\default\resources.index cache by regenerate.
[2026-07-27T01:24:47.052] [DEBUG] debug-file - Update task entry:default@PackageHap input file:D:\SLE-ID\slekey\entry\build\default\outputs\default\pack.info cache by regenerate.
[2026-07-27T01:24:47.052] [DEBUG] debug-file - Update task entry:default@PackageHap input file:D:\SLE-ID\slekey\entry\build\default\intermediates\loader_out\default\ets cache from map.
[2026-07-27T01:24:47.052] [DEBUG] debug-file - Update task entry:default@PackageHap input file:D:\SLE-ID\slekey\entry\build\default\intermediates\loader\default\pkgContextInfo.json cache by regenerate.
[2026-07-27T01:24:47.052] [DEBUG] debug-file - Update task entry:default@PackageHap input file:D:\SLE-ID\slekey\entry\build\default\intermediates\loader_out\default\ets\sourceMaps.map cache by regenerate.
[2026-07-27T01:24:47.052] [DEBUG] debug-file - Update task entry:default@PackageHap input file:D:\SLE-ID\slekey\entry\build\default\generated\profile\default\BuildProfile.ets cache by regenerate.
[2026-07-27T01:24:47.052] [DEBUG] debug-file - Update task entry:default@PackageHap output file:D:\SLE-ID\slekey\entry\build\default\outputs\default\entry-default-unsigned.hap cache.
[2026-07-27T01:24:47.052] [DEBUG] debug-file - Update task entry:default@PackageHap output file:D:\SLE-ID\slekey\entry\build\default\intermediates\source_map\default\sourceMaps.map cache.
[2026-07-27T01:24:47.052] [DEBUG] debug-file - Update task entry:default@PackageHap output file:D:\SLE-ID\slekey\entry\build\default\outputs\default\mapping\sourceMaps.map cache.
[2026-07-27T01:24:47.052] [DEBUG] debug-file - Incremental task entry:default@PackageHap post-execution cost:2 ms .
[2026-07-27T01:24:47.053] [DEBUG] debug-file - Update task entry:default@SignHap input file:C:\Users\32569\.ohos\config\default_slekey_UdSWNgKqYUi41KW_P95ww1Ca7HcZmrBKmrk2w4ao7DE=.cer cache by regenerate.
[2026-07-27T01:24:47.053] [DEBUG] debug-file - Update task entry:default@SignHap input file:C:\Users\32569\.ohos\config\default_slekey_UdSWNgKqYUi41KW_P95ww1Ca7HcZmrBKmrk2w4ao7DE=.p7b cache by regenerate.
[2026-07-27T01:24:47.053] [DEBUG] debug-file - Update task entry:default@SignHap input file:C:\Users\32569\.ohos\config\default_slekey_UdSWNgKqYUi41KW_P95ww1Ca7HcZmrBKmrk2w4ao7DE=.p12 cache by regenerate.
[2026-07-27T01:24:47.053] [DEBUG] debug-file - Update task entry:default@SignHap input file:D:\SLE-ID\slekey\entry\build\default\outputs\default\entry-default-unsigned.hap cache from map.
[2026-07-27T01:24:47.053] [DEBUG] debug-file - Update task entry:default@SignHap output file:D:\SLE-ID\slekey\entry\build\default\outputs\default\entry-default-signed.hap cache.
[2026-07-27T01:24:47.053] [DEBUG] debug-file - Incremental task entry:default@SignHap post-execution cost:1 ms .
[2026-07-27T01:24:47.053] [DEBUG] debug-file - Update task entry:default@CollectDebugSymbol input file:D:\SLE-ID\slekey\entry\build\default\intermediates\loader_out\default\ets\sourceMaps.map cache by regenerate.
[2026-07-27T01:24:47.053] [DEBUG] debug-file - Update task entry:default@CollectDebugSymbol input file:D:\SLE-ID\slekey\entry\build\default\intermediates\libs\default cache by regenerate.
[2026-07-27T01:24:47.053] [DEBUG] debug-file - Update task entry:default@CollectDebugSymbol output file:D:\SLE-ID\slekey\entry\build\default\outputs\default\symbol cache.
[2026-07-27T01:24:47.053] [DEBUG] debug-file - Incremental task entry:default@CollectDebugSymbol post-execution cost:1 ms .
[2026-07-27T01:24:47.068] [DEBUG] debug-file - Cleanup worker 0.
[2026-07-27T01:24:47.068] [DEBUG] debug-file - Worker 0 has been cleaned up.
[2026-07-27T01:24:47.068] [DEBUG] debug-file - Current idle worker size: 3.
[2026-07-27T01:24:47.068] [DEBUG] debug-file - Current resident worker size: 4.
[2026-07-27T01:24:47.068] [DEBUG] debug-file - Cleanup worker 1.
[2026-07-27T01:24:47.068] [DEBUG] debug-file - Worker 1 has been cleaned up.
[2026-07-27T01:24:47.068] [DEBUG] debug-file - Current idle worker size: 2.
[2026-07-27T01:24:47.068] [DEBUG] debug-file - Current resident worker size: 4.
[2026-07-27T01:24:47.068] [DEBUG] debug-file - Cleanup worker 22.
[2026-07-27T01:24:47.068] [DEBUG] debug-file - Worker 22 has been cleaned up.
[2026-07-27T01:24:47.068] [DEBUG] debug-file - Current idle worker size: 1.
[2026-07-27T01:24:47.068] [DEBUG] debug-file - Current resident worker size: 4.
[2026-07-27T01:24:47.072] [DEBUG] debug-file - session manager: send message to worker process.
[2026-07-27T01:24:47.072] [DEBUG] debug-file - session manager: send message to worker process.
[2026-07-27T01:24:47.069] [DEBUG] debug-file - hvigor build process will be closed.
[2026-07-27T01:24:47.070] [DEBUG] debug-file - java daemon socket close code:1000 reason:close by user
[2026-07-27T01:24:47.071] [DEBUG] debug-file - worker[0] exits with exit code 1.
[2026-07-27T01:24:47.072] [DEBUG] debug-file - worker[1] exits with exit code 1.
[2026-07-27T01:24:47.072] [DEBUG] debug-file - watch worker: worker id should be larger than 0. Nothing will be sent to any worker thread.
[2026-07-27T01:24:47.073] [DEBUG] debug-file - watch worker: worker id should be larger than 0. Nothing will be sent to any worker thread.
[2026-07-27T01:24:47.077] [DEBUG] debug-file - worker[22] exits with exit code 1.
[2026-07-27T01:25:06.271] [DEBUG] debug-file - env: nodejsVersion=v18.20.1
[2026-07-27T01:25:06.367] [DEBUG] debug-file - env: daemon=true
[2026-07-27T01:25:06.272] [DEBUG] debug-file - env: hvigor-config.json5 content = {
  modelVersion: '5.0.0',
  dependencies: {},
  execution: {},
  logging: {},
  debugging: {},
  nodeOptions: {}
}
[2026-07-27T01:25:07.061] [DEBUG] debug-file - hvigor java daemon: Starting java daemon. jvmXmxValue=512m, jarPath=C:\Program Files\Huawei\DevEco Studio\tools\hvigor\hvigor\lib\hvigor-java-daemon.jar
[2026-07-27T01:25:07.061] [DEBUG] debug-file - hvigor java daemon: Read cache file, 
    port=45050, pid=15400, sessionId exists=true
[2026-07-27T01:25:07.087] [DEBUG] debug-file - hvigor java daemon: tryConnect success
[2026-07-27T01:25:07.115] [DEBUG] debug-file - session manager: set active socket. socketId=nsNmA9GUU17-Xn8iAAAB
[2026-07-27T01:25:07.721] [DEBUG] debug-file - watch worker: worker id should be larger than 0. Nothing will be sent to any worker thread.
[2026-07-27T01:25:07.724] [DEBUG] debug-file - Since there is no instance or instance is terminated, create a new worker pool.
[2026-07-27T01:25:07.724] [DEBUG] debug-file - Worker pool is initialized with config:  {
  minPoolNum: 2,
  maxPoolNum: undefined,
  maxCoreSize: undefined,
  cacheCapacity: undefined,
  cacheTtl: undefined
}
[2026-07-27T01:25:07.725] [DEBUG] debug-file - Create  resident worker with id: 0.
[2026-07-27T01:25:07.727] [DEBUG] debug-file - Create  resident worker with id: 1.
[2026-07-27T01:25:07.728] [DEBUG] debug-file - Workers' log level updated to INFO
[2026-07-27T01:25:07.734] [DEBUG] debug-file - Hvigor init with startParameters:{
  hvigorfileTypeCheck: false,
  parallelExecution: true,
  incrementalExecution: true,
  printStackTrace: false,
  daemon: true,
  analyze: 0,
  logLevel: Level { level: 20000, levelStr: 'INFO', colour: 'green' },
  optimizationStrategy: 'memory',
  hotCompile: undefined,
  hotReloadBuild: undefined,
  customizedParam: undefined
}
[2026-07-27T01:25:07.738] [DEBUG] debug-file - Cache service initialization finished in 4 ms 
[2026-07-27T01:25:07.739] [DEBUG] debug-file - hvigorfile, resolving D:\SLE-ID\slekey\hvigorfile.ts
[2026-07-27T01:25:09.064] [DEBUG] debug-file - hvigorfile, require result:  { default: { plugins: [] } }
[2026-07-27T01:25:09.065] [DEBUG] debug-file - hvigorfile, binding system plugins null
[2026-07-27T01:25:09.065] [DEBUG] debug-file - Starting plugin build process
[2026-07-27T01:25:09.065] [DEBUG] debug-file - App plugin prepare start...
[2026-07-27T01:25:09.065] [DEBUG] debug-file - App plugin prepare end...
[2026-07-27T01:25:09.066] [DEBUG] debug-file - App plugin creating...
[2026-07-27T01:25:09.251] [DEBUG] debug-file - App plugin register hook start...
[2026-07-27T01:25:09.251] [DEBUG] debug-file - App plugin register hook end...
[2026-07-27T01:25:09.251] [DEBUG] debug-file - Plugin build process completed
[2026-07-27T01:25:09.252] [DEBUG] debug-file - Start initialize project's product build option map with build mode debug.
[2026-07-27T01:25:09.252] [DEBUG] debug-file - Picking option from product 'default' with build mode 'debug'.
[2026-07-27T01:25:09.252] [DEBUG] debug-file - Product 'default' build option initialized
[2026-07-27T01:25:09.252] [DEBUG] debug-file - End initialize project's product build option map with build mode 'debug'.
[2026-07-27T01:25:09.254] [DEBUG] debug-file - Obtain build option for product 'default'in this build.
[2026-07-27T01:25:09.255] [DEBUG] debug-file - D:\SLE-ID\slekey\build\cache\default\remote_hsp\remoteHspCache.json not exists.
[2026-07-27T01:25:09.257] [DEBUG] debug-file - Local scan or download HarmonyOS sdk components toolchains,ets,js,native,previewer
[2026-07-27T01:25:09.259] [DEBUG] debug-file - Local scan or download hmscore sdk components toolchains,ets,native
[2026-07-27T01:25:09.261] [DEBUG] debug-file - Start recording SDK configuration permission data.
[2026-07-27T01:25:09.287] [DEBUG] debug-file - Sdk init in 31 ms 
[2026-07-27T01:25:09.293] [DEBUG] debug-file - Project task initialization takes 6 ms 
[2026-07-27T01:25:09.293] [DEBUG] debug-file - hvigorfile, begin to bind custom plugins...
[2026-07-27T01:25:09.294] [DEBUG] debug-file - hvigorfile, no custom plugins were found in D:\SLE-ID\slekey\hvigorfile.ts
[2026-07-27T01:25:09.294] [DEBUG] debug-file - hvigorfile, resolve finished D:\SLE-ID\slekey\hvigorfile.ts
[2026-07-27T01:25:09.294] [DEBUG] debug-file - hvigorfile, resolving D:\SLE-ID\slekey\entry\hvigorfile.ts
[2026-07-27T01:25:09.298] [DEBUG] debug-file - hvigorfile, require result:  { default: { plugins: [] } }
[2026-07-27T01:25:09.298] [DEBUG] debug-file - hvigorfile, binding system plugins null
[2026-07-27T01:25:09.298] [DEBUG] debug-file - Starting plugin build process
[2026-07-27T01:25:09.298] [DEBUG] debug-file - Hap plugin creating...
[2026-07-27T01:25:09.299] [DEBUG] debug-file - failed to load cangjie to dynamically generate schemas: Error: Cannot find module '@ohos/cangjie-build-support/index'
Require stack:
- C:\Program Files\Huawei\DevEco Studio\tools\hvigor\hvigor-ohos-plugin\src\plugin\hooks\cangjie-register.js
- C:\Program Files\Huawei\DevEco Studio\tools\hvigor\hvigor-ohos-plugin\src\plugin\strategy\stage-init-strategy.js
- C:\Program Files\Huawei\DevEco Studio\tools\hvigor\hvigor-ohos-plugin\src\plugin\builder\abstract-plugin-builder.js
- C:\Program Files\Huawei\DevEco Studio\tools\hvigor\hvigor-ohos-plugin\src\plugin\builder\app-plugin-builder.js
- C:\Program Files\Huawei\DevEco Studio\tools\hvigor\hvigor-ohos-plugin\src\plugin\factory\plugin-factory.js
- C:\Program Files\Huawei\DevEco Studio\tools\hvigor\hvigor-ohos-plugin\index.js
- D:\SLE-ID\slekey\hvigorfile.ts
- C:\Program Files\Huawei\DevEco Studio\tools\hvigor\hvigor\src\base\internal\lifecycle\configuration.js
- C:\Program Files\Huawei\DevEco Studio\tools\hvigor\hvigor\src\base\boot\index.js
- C:\Program Files\Huawei\DevEco Studio\tools\hvigor\hvigor\src\base\daemon\cluster\worker-process-lifecycle.js
- C:\Program Files\Huawei\DevEco Studio\tools\hvigor\hvigor\src\base\daemon\process\daemon-process-boot-script.js
[2026-07-27T01:25:09.310] [DEBUG] debug-file - Start initialize module-target build option map, moduleName=entry, buildMode=debug
[2026-07-27T01:25:09.310] [DEBUG] debug-file - Target 'default' config initialized
[2026-07-27T01:25:09.311] [DEBUG] debug-file - Module 'entry' target 'default' build option initialized
[2026-07-27T01:25:09.311] [DEBUG] debug-file - End initialize module-target build option map, moduleName=entry
[2026-07-27T01:25:09.311] [DEBUG] debug-file - Start initialize module-target build option map, moduleName=entry, buildMode=release
[2026-07-27T01:25:09.311] [DEBUG] debug-file - Target 'default' config initialized
[2026-07-27T01:25:09.312] [DEBUG] debug-file - Module 'entry' target 'default' build option initialized
[2026-07-27T01:25:09.312] [DEBUG] debug-file - End initialize module-target build option map, moduleName=entry
[2026-07-27T01:25:09.312] [DEBUG] debug-file - Start initialize module-target build option map, moduleName=entry, buildMode=debug
[2026-07-27T01:25:09.312] [DEBUG] debug-file - Target 'default' config initialized
[2026-07-27T01:25:09.312] [DEBUG] debug-file - Module 'entry' target 'default' build option initialized
[2026-07-27T01:25:09.312] [DEBUG] debug-file - End initialize module-target build option map, moduleName=entry
[2026-07-27T01:25:09.312] [DEBUG] debug-file - Obtain build option for module 'entry' target 'default'in this build.
[2026-07-27T01:25:09.317] [DEBUG] debug-file - Module entry task initialization takes 4 ms 
[2026-07-27T01:25:09.317] [DEBUG] debug-file - Hap plugin register hook start...
[2026-07-27T01:25:09.317] [DEBUG] debug-file - Hap plugin register hook end...
[2026-07-27T01:25:09.317] [DEBUG] debug-file - Plugin build process completed
[2026-07-27T01:25:09.317] [DEBUG] debug-file - hvigorfile, begin to bind custom plugins...
[2026-07-27T01:25:09.317] [DEBUG] debug-file - hvigorfile, no custom plugins were found in D:\SLE-ID\slekey\entry\hvigorfile.ts
[2026-07-27T01:25:09.317] [DEBUG] debug-file - hvigorfile, resolve finished D:\SLE-ID\slekey\entry\hvigorfile.ts
[2026-07-27T01:25:09.367] [DEBUG] debug-file - hvigorfile, resolve hvigorfile dependencies in 50 ms 
[2026-07-27T01:25:09.368] [DEBUG] debug-file - project has submodules:entry
[2026-07-27T01:25:09.369] [DEBUG] debug-file - start to load updatedOhPackageInfo to the disk
[2026-07-27T01:25:09.371] [DEBUG] debug-file - load to the disk finished
[2026-07-27T01:25:09.371] [DEBUG] debug-file - Start to initialize dependency information.
[2026-07-27T01:25:09.375] [DEBUG] debug-file - Module slekey Collected Dependency: D:\SLE-ID\slekey\oh_modules\.ohpm\@ohos+hypium@1.0.19\oh_modules\@ohos\hypium
[2026-07-27T01:25:09.375] [DEBUG] debug-file - Module slekey's total dependency: 1
[2026-07-27T01:25:09.376] [DEBUG] debug-file - Start to initialize dependency information.
[2026-07-27T01:25:09.377] [DEBUG] debug-file - Module entry Collected Dependency: D:\SLE-ID\slekey\oh_modules\.ohpm\@ohos+hypium@1.0.19\oh_modules\@ohos\hypium
[2026-07-27T01:25:09.377] [DEBUG] debug-file - Module entry's total dependency: 1
[2026-07-27T01:25:09.380] [DEBUG] debug-file - Configuration phase cost:1 s 642 ms 
[2026-07-27T01:25:09.381] [DEBUG] debug-file - Configuration task cost before running: 1 s 653 ms 
[2026-07-27T01:25:09.385] [DEBUG] debug-file - Executing task :entry:default@PreBuild
[2026-07-27T01:25:09.386] [DEBUG] debug-file - Task 'entry:default@PreBuild' cost while wrapping incremental declarations: 1 ms 
[2026-07-27T01:25:09.391] [DEBUG] debug-file - entry:default@PreBuild is not up-to-date, since the task snapshots are different.
[2026-07-27T01:25:09.391] [DEBUG] debug-file - Incremental task entry:default@PreBuild pre-execution cost: 4 ms .
[2026-07-27T01:25:09.483] [DEBUG] debug-file - current product is not Atomic service.
[2026-07-27T01:25:09.483] [DEBUG] debug-file - Use tool [win32: JAVA_HOME, CLASSPATH]
 [
  { JAVA_HOME: 'C:\\Program Files\\Huawei\\DevEco Studio\\jbr' },
  { CLASSPATH: undefined }
]
[2026-07-27T01:25:09.483] [DEBUG] debug-file - Use tool [win32: NODE_HOME]
 [
  {
    NODE_HOME: 'C:\\Program Files\\Huawei\\DevEco Studio\\tools\\node'
  }
]
[2026-07-27T01:25:09.484] [DEBUG] debug-file - entry : default@PreBuild cost memory 13.532386779785156
[2026-07-27T01:25:09.484] [DEBUG] debug-file - runTaskFromQueue task cost before running: 1 s 756 ms 
[2026-07-27T01:25:09.485] [INFO] debug-file - Finished :entry:default@PreBuild... after 99 ms 
[2026-07-27T01:25:09.486] [DEBUG] debug-file - Executing task :entry:default@CreateModuleInfo
[2026-07-27T01:25:09.486] [DEBUG] debug-file - Task 'entry:default@CreateModuleInfo' cost while wrapping incremental declarations: 1 ms 
[2026-07-27T01:25:09.487] [DEBUG] debug-file - entry : default@CreateModuleInfo cost memory 0.04222869873046875
[2026-07-27T01:25:09.487] [DEBUG] debug-file - runTaskFromQueue task cost before running: 1 s 759 ms 
[2026-07-27T01:25:09.487] [INFO] debug-file - Finished :entry:default@CreateModuleInfo... after 1 ms 
[2026-07-27T01:25:09.489] [DEBUG] debug-file - Executing task :entry:default@GenerateMetadata
[2026-07-27T01:25:09.489] [DEBUG] debug-file - Task 'entry:default@GenerateMetadata' cost while wrapping incremental declarations: 1 ms 
[2026-07-27T01:25:09.490] [DEBUG] debug-file - Incremental task entry:default@GenerateMetadata pre-execution cost: 1 ms .
[2026-07-27T01:25:09.490] [DEBUG] debug-file - entry : default@GenerateMetadata cost memory 0.0878143310546875
[2026-07-27T01:25:09.491] [INFO] debug-file - UP-TO-DATE :entry:default@GenerateMetadata...  
[2026-07-27T01:25:09.491] [DEBUG] debug-file - Executing task :entry:default@ConfigureCmake
[2026-07-27T01:25:09.492] [DEBUG] debug-file - entry : default@ConfigureCmake cost memory 0.014556884765625
[2026-07-27T01:25:09.492] [DEBUG] debug-file - runTaskFromQueue task cost before running: 1 s 764 ms 
[2026-07-27T01:25:09.492] [INFO] debug-file - Finished :entry:default@ConfigureCmake... after 1 ms 
[2026-07-27T01:25:09.493] [DEBUG] debug-file - Executing task :entry:default@MergeProfile
[2026-07-27T01:25:09.493] [DEBUG] debug-file - Task 'entry:default@MergeProfile' cost while wrapping incremental declarations: 1 ms 
[2026-07-27T01:25:09.495] [DEBUG] debug-file - Incremental task entry:default@MergeProfile pre-execution cost: 2 ms .
[2026-07-27T01:25:09.495] [DEBUG] debug-file - entry : default@MergeProfile cost memory 0.146484375
[2026-07-27T01:25:09.495] [INFO] debug-file - UP-TO-DATE :entry:default@MergeProfile...  
[2026-07-27T01:25:09.496] [DEBUG] debug-file - Executing task :entry:default@CreateBuildProfile
[2026-07-27T01:25:09.496] [DEBUG] debug-file - Task 'entry:default@CreateBuildProfile' cost while wrapping incremental declarations: 1 ms 
[2026-07-27T01:25:09.497] [DEBUG] debug-file - Incremental task entry:default@CreateBuildProfile pre-execution cost: 1 ms .
[2026-07-27T01:25:09.497] [DEBUG] debug-file - entry : default@CreateBuildProfile cost memory 0.104217529296875
[2026-07-27T01:25:09.497] [INFO] debug-file - UP-TO-DATE :entry:default@CreateBuildProfile...  
[2026-07-27T01:25:09.498] [DEBUG] debug-file - Executing task :entry:default@PreCheckSyscap
[2026-07-27T01:25:09.498] [DEBUG] debug-file - entry : default@PreCheckSyscap cost memory 0.01479339599609375
[2026-07-27T01:25:09.498] [DEBUG] debug-file - runTaskFromQueue task cost before running: 1 s 770 ms 
[2026-07-27T01:25:09.498] [INFO] debug-file - Finished :entry:default@PreCheckSyscap... after 1 ms 
[2026-07-27T01:25:09.499] [DEBUG] debug-file - Executing task :entry:default@GeneratePkgContextInfo
[2026-07-27T01:25:09.506] [DEBUG] debug-file - Task 'entry:default@GeneratePkgContextInfo' cost while wrapping incremental declarations: 1 ms 
[2026-07-27T01:25:09.506] [DEBUG] debug-file - Incremental task entry:default@GeneratePkgContextInfo pre-execution cost: 1 ms .
[2026-07-27T01:25:09.506] [DEBUG] debug-file - entry : default@GeneratePkgContextInfo cost memory 0.5742950439453125
[2026-07-27T01:25:09.507] [INFO] debug-file - UP-TO-DATE :entry:default@GeneratePkgContextInfo...  
[2026-07-27T01:25:09.507] [DEBUG] debug-file - Executing task :entry:default@GeneratePkgSdkInfo
[2026-07-27T01:25:09.509] [DEBUG] debug-file - Dependency key: @ohos/hypium already exists, current dependency listed in devDependencies will be ignored.
[2026-07-27T01:25:09.509] [DEBUG] debug-file - Task 'entry:default@GeneratePkgSdkInfo' cost while wrapping incremental declarations: 1 ms 
[2026-07-27T01:25:09.509] [DEBUG] debug-file - entry : default@GeneratePkgSdkInfo cost memory 0.12999725341796875
[2026-07-27T01:25:09.509] [DEBUG] debug-file - runTaskFromQueue task cost before running: 1 s 781 ms 
[2026-07-27T01:25:09.509] [INFO] debug-file - Finished :entry:default@GeneratePkgSdkInfo... after 3 ms 
[2026-07-27T01:25:09.512] [DEBUG] debug-file - Executing task :entry:default@ProcessIntegratedHsp
[2026-07-27T01:25:09.512] [DEBUG] debug-file - entry:default@ProcessIntegratedHsp is not up-to-date, since the output file 'D:\SLE-ID\slekey\build\cache\default\integrated_hsp\integratedHspCache.json' does not exist.
[2026-07-27T01:25:09.512] [DEBUG] debug-file - Incremental task entry:default@ProcessIntegratedHsp pre-execution cost: 1 ms .
[2026-07-27T01:25:09.512] [DEBUG] debug-file - entry : default@ProcessIntegratedHsp cost memory 0.0550994873046875
[2026-07-27T01:25:09.512] [DEBUG] debug-file - runTaskFromQueue task cost before running: 1 s 784 ms 
[2026-07-27T01:25:09.512] [INFO] debug-file - Finished :entry:default@ProcessIntegratedHsp... after 1 ms 
[2026-07-27T01:25:09.515] [DEBUG] debug-file - Executing task :entry:default@BuildNativeWithCmake
[2026-07-27T01:25:09.516] [DEBUG] debug-file - entry : default@BuildNativeWithCmake cost memory 0.01513671875
[2026-07-27T01:25:09.516] [DEBUG] debug-file - runTaskFromQueue task cost before running: 1 s 788 ms 
[2026-07-27T01:25:09.516] [INFO] debug-file - Finished :entry:default@BuildNativeWithCmake... after 1 ms 
[2026-07-27T01:25:09.517] [DEBUG] debug-file - Executing task :entry:default@MakePackInfo
[2026-07-27T01:25:09.518] [DEBUG] debug-file - Incremental task entry:default@MakePackInfo pre-execution cost: 2 ms .
[2026-07-27T01:25:09.519] [DEBUG] debug-file - entry : default@MakePackInfo cost memory 0.10675811767578125
[2026-07-27T01:25:09.519] [INFO] debug-file - UP-TO-DATE :entry:default@MakePackInfo...  
[2026-07-27T01:25:09.520] [DEBUG] debug-file - Executing task :entry:default@SyscapTransform
[2026-07-27T01:25:09.520] [DEBUG] debug-file - File: 'D:\SLE-ID\slekey\entry\src\main\syscap.json' from 'sysCapJsonPath' is not exists, just ignore.
[2026-07-27T01:25:09.520] [DEBUG] debug-file - Task 'entry:default@SyscapTransform' cost while wrapping incremental declarations: 1 ms 
[2026-07-27T01:25:09.530] [DEBUG] debug-file - entry:default@SyscapTransform is not up-to-date, since the output file 'D:\SLE-ID\slekey\entry\build\default\intermediates\syscap\default\rpcid.sc' does not exist.
[2026-07-27T01:25:09.530] [DEBUG] debug-file - Incremental task entry:default@SyscapTransform pre-execution cost: 10 ms .
[2026-07-27T01:25:09.530] [DEBUG] debug-file - entry : default@SyscapTransform cost memory 0.15624237060546875
[2026-07-27T01:25:09.530] [DEBUG] debug-file - runTaskFromQueue task cost before running: 1 s 802 ms 
[2026-07-27T01:25:09.530] [INFO] debug-file - Finished :entry:default@SyscapTransform... after 11 ms 
[2026-07-27T01:25:09.532] [DEBUG] debug-file - Executing task :entry:default@ProcessProfile
[2026-07-27T01:25:09.532] [DEBUG] debug-file - Task 'entry:default@ProcessProfile' cost while wrapping incremental declarations: 1 ms 
[2026-07-27T01:25:09.533] [DEBUG] debug-file - Incremental task entry:default@ProcessProfile pre-execution cost: 1 ms .
[2026-07-27T01:25:09.533] [DEBUG] debug-file - entry : default@ProcessProfile cost memory 0.13330078125
[2026-07-27T01:25:09.533] [INFO] debug-file - UP-TO-DATE :entry:default@ProcessProfile...  
[2026-07-27T01:25:09.534] [DEBUG] debug-file - Executing task :entry:default@ProcessRouterMap
[2026-07-27T01:25:09.536] [DEBUG] debug-file - Incremental task entry:default@ProcessRouterMap pre-execution cost: 1 ms .
[2026-07-27T01:25:09.536] [DEBUG] debug-file - entry : default@ProcessRouterMap cost memory 0.167724609375
[2026-07-27T01:25:09.536] [INFO] debug-file - UP-TO-DATE :entry:default@ProcessRouterMap...  
[2026-07-27T01:25:09.537] [DEBUG] debug-file - Executing task :entry:default@ProcessShareConfig
[2026-07-27T01:25:09.539] [DEBUG] debug-file - Incremental task entry:default@ProcessShareConfig pre-execution cost: 1 ms .
[2026-07-27T01:25:09.539] [DEBUG] debug-file - entry : default@ProcessShareConfig cost memory 0.14270782470703125
[2026-07-27T01:25:09.539] [INFO] debug-file - UP-TO-DATE :entry:default@ProcessShareConfig...  
[2026-07-27T01:25:09.540] [DEBUG] debug-file - Executing task :entry:default@ProcessStartupConfig
[2026-07-27T01:25:09.540] [DEBUG] debug-file - Task 'entry:default@ProcessStartupConfig' cost while wrapping incremental declarations: 1 ms 
[2026-07-27T01:25:09.541] [DEBUG] debug-file - entry:default@ProcessStartupConfig is not up-to-date, since the output file 'D:\SLE-ID\slekey\entry\build\default\intermediates\startup\default\startup_config.json' does not exist.
[2026-07-27T01:25:09.541] [DEBUG] debug-file - Incremental task entry:default@ProcessStartupConfig pre-execution cost: 1 ms .
[2026-07-27T01:25:09.542] [DEBUG] debug-file - entry : default@ProcessStartupConfig cost memory 0.13818359375
[2026-07-27T01:25:09.542] [DEBUG] debug-file - runTaskFromQueue task cost before running: 1 s 814 ms 
[2026-07-27T01:25:09.542] [INFO] debug-file - Finished :entry:default@ProcessStartupConfig... after 2 ms 
[2026-07-27T01:25:09.543] [DEBUG] debug-file - Executing task :entry:default@BuildNativeWithNinja
[2026-07-27T01:25:09.543] [DEBUG] debug-file - entry : default@BuildNativeWithNinja cost memory 0.0200347900390625
[2026-07-27T01:25:09.543] [DEBUG] debug-file - runTaskFromQueue task cost before running: 1 s 815 ms 
[2026-07-27T01:25:09.543] [INFO] debug-file - Finished :entry:default@BuildNativeWithNinja... after 1 ms 
[2026-07-27T01:25:09.544] [DEBUG] debug-file - restool module names: entry; moduleName=entry, taskName=default@ProcessResource
[2026-07-27T01:25:09.546] [DEBUG] debug-file - Executing task :entry:default@ProcessResource
[2026-07-27T01:25:09.546] [DEBUG] debug-file - Task 'entry:default@ProcessResource' cost while wrapping incremental declarations: 1 ms 
[2026-07-27T01:25:09.547] [DEBUG] debug-file - Incremental task entry:default@ProcessResource pre-execution cost: 1 ms .
[2026-07-27T01:25:09.547] [DEBUG] debug-file - entry : default@ProcessResource cost memory 0.13037109375
[2026-07-27T01:25:09.548] [INFO] debug-file - UP-TO-DATE :entry:default@ProcessResource...  
[2026-07-27T01:25:09.550] [DEBUG] debug-file - Executing task :entry:default@GenerateLoaderJson
[2026-07-27T01:25:09.551] [DEBUG] debug-file - Task 'entry:default@GenerateLoaderJson' cost while wrapping incremental declarations: 1 ms 
[2026-07-27T01:25:09.557] [DEBUG] debug-file - Incremental task entry:default@GenerateLoaderJson pre-execution cost: 3 ms .
[2026-07-27T01:25:09.557] [DEBUG] debug-file - entry : default@GenerateLoaderJson cost memory 0.5244369506835938
[2026-07-27T01:25:09.559] [INFO] debug-file - UP-TO-DATE :entry:default@GenerateLoaderJson...  
[2026-07-27T01:25:09.560] [DEBUG] debug-file - Executing task :entry:default@ProcessLibs
[2026-07-27T01:25:09.563] [DEBUG] debug-file - Incremental task entry:default@ProcessLibs pre-execution cost: 2 ms .
[2026-07-27T01:25:09.563] [DEBUG] debug-file - entry : default@ProcessLibs cost memory 0.46209716796875
[2026-07-27T01:25:09.564] [INFO] debug-file - UP-TO-DATE :entry:default@ProcessLibs...  
[2026-07-27T01:25:09.564] [DEBUG] debug-file - restool module names: entry; moduleName=entry, taskName=default@CompileResource
[2026-07-27T01:25:09.565] [DEBUG] debug-file - Executing task :entry:default@CompileResource
[2026-07-27T01:25:09.571] [DEBUG] debug-file - Incremental task entry:default@CompileResource pre-execution cost: 6 ms .
[2026-07-27T01:25:09.571] [DEBUG] debug-file - entry : default@CompileResource cost memory 0.5986709594726562
[2026-07-27T01:25:09.572] [INFO] debug-file - UP-TO-DATE :entry:default@CompileResource...  
[2026-07-27T01:25:09.573] [DEBUG] debug-file - Executing task :entry:default@DoNativeStrip
[2026-07-27T01:25:09.573] [DEBUG] debug-file - File: 'D:\SLE-ID\slekey\entry\build\default\intermediates\binxo\default' from 'doBinxoNativeLibs' is not exists, just ignore.
[2026-07-27T01:25:09.573] [DEBUG] debug-file - Task 'entry:default@DoNativeStrip' cost while wrapping incremental declarations: 1 ms 
[2026-07-27T01:25:09.574] [DEBUG] debug-file - Incremental task entry:default@DoNativeStrip pre-execution cost: 1 ms .
[2026-07-27T01:25:09.574] [DEBUG] debug-file - entry : default@DoNativeStrip cost memory 0.09241485595703125
[2026-07-27T01:25:09.574] [INFO] debug-file - UP-TO-DATE :entry:default@DoNativeStrip...  
[2026-07-27T01:25:09.575] [DEBUG] debug-file - Executing task :entry:default@CompileArkTS
[2026-07-27T01:25:09.575] [DEBUG] debug-file - obfuscationOptions: undefined
[2026-07-27T01:25:09.577] [DEBUG] debug-file - Task 'entry:default@CompileArkTS' cost while wrapping incremental declarations: 1 ms 
[2026-07-27T01:25:09.584] [DEBUG] debug-file - Incremental task entry:default@CompileArkTS pre-execution cost: 6 ms .
[2026-07-27T01:25:09.584] [DEBUG] debug-file - entry : default@CompileArkTS cost memory 0.9358596801757812
[2026-07-27T01:25:09.586] [INFO] debug-file - UP-TO-DATE :entry:default@CompileArkTS...  
[2026-07-27T01:25:09.587] [DEBUG] debug-file - Executing task :entry:default@BuildJS
[2026-07-27T01:25:09.588] [DEBUG] debug-file - Task 'entry:default@BuildJS' cost while wrapping incremental declarations: 1 ms 
[2026-07-27T01:25:09.591] [DEBUG] debug-file - entry : default@BuildJS cost memory 0.158477783203125
[2026-07-27T01:25:09.591] [DEBUG] debug-file - runTaskFromQueue task cost before running: 1 s 863 ms 
[2026-07-27T01:25:09.591] [INFO] debug-file - Finished :entry:default@BuildJS... after 4 ms 
[2026-07-27T01:25:09.592] [DEBUG] debug-file - Executing task :entry:default@CacheNativeLibs
[2026-07-27T01:25:09.592] [DEBUG] debug-file - File: 'D:\SLE-ID\slekey\entry\build\default\intermediates\binxo\default' from 'cacheBinxoNativeLibs' is not exists, just ignore.
[2026-07-27T01:25:09.592] [DEBUG] debug-file - Task 'entry:default@CacheNativeLibs' cost while wrapping incremental declarations: 1 ms 
[2026-07-27T01:25:09.593] [DEBUG] debug-file - Incremental task entry:default@CacheNativeLibs pre-execution cost: 1 ms .
[2026-07-27T01:25:09.593] [DEBUG] debug-file - entry : default@CacheNativeLibs cost memory 0.120025634765625
[2026-07-27T01:25:09.593] [INFO] debug-file - UP-TO-DATE :entry:default@CacheNativeLibs...  
[2026-07-27T01:25:09.594] [DEBUG] debug-file - Executing task :entry:default@GeneratePkgModuleJson
[2026-07-27T01:25:09.594] [DEBUG] debug-file - File: 'D:\SLE-ID\slekey\entry\build\default\intermediates\preload\default\preload.json' from 'preloadSoJsonPath' is not exists, just ignore.
[2026-07-27T01:25:09.595] [DEBUG] debug-file - Error occurs while handling @Input 'shouldDeduplicateHar': The "data" argument must be of type string or an instance of Buffer, TypedArray, or DataView. Received undefined
[2026-07-27T01:25:09.595] [DEBUG] debug-file - Task 'entry:default@GeneratePkgModuleJson' cost while wrapping incremental declarations: 1 ms 
[2026-07-27T01:25:09.596] [DEBUG] debug-file - Incremental task entry:default@GeneratePkgModuleJson pre-execution cost: 1 ms .
[2026-07-27T01:25:09.596] [DEBUG] debug-file - entry : default@GeneratePkgModuleJson cost memory 0.22966766357421875
[2026-07-27T01:25:09.596] [INFO] debug-file - UP-TO-DATE :entry:default@GeneratePkgModuleJson...  
[2026-07-27T01:25:09.597] [DEBUG] debug-file - Executing task :entry:default@ProcessCompiledResources
[2026-07-27T01:25:09.597] [DEBUG] debug-file - File: 'D:\SLE-ID\slekey\entry\build\default\intermediates\preload\default\preload.json' from 'preloadSoJsonPath' is not exists, just ignore.
[2026-07-27T01:25:09.597] [DEBUG] debug-file - Task 'entry:default@ProcessCompiledResources' cost while wrapping incremental declarations: 1 ms 
[2026-07-27T01:25:09.598] [DEBUG] debug-file - entry : default@ProcessCompiledResources cost memory 0.0584716796875
[2026-07-27T01:25:09.598] [DEBUG] debug-file - runTaskFromQueue task cost before running: 1 s 870 ms 
[2026-07-27T01:25:09.599] [INFO] debug-file - Finished :entry:default@ProcessCompiledResources... after 2 ms 
[2026-07-27T01:25:09.601] [DEBUG] debug-file - Executing task :entry:default@PackageHap
[2026-07-27T01:25:09.606] [DEBUG] debug-file - Incremental task entry:default@PackageHap pre-execution cost: 4 ms .
[2026-07-27T01:25:09.606] [DEBUG] debug-file - entry : default@PackageHap cost memory 0.44029998779296875
[2026-07-27T01:25:09.607] [INFO] debug-file - UP-TO-DATE :entry:default@PackageHap...  
[2026-07-27T01:25:09.608] [DEBUG] debug-file - Executing task :entry:default@PackingCheck
[2026-07-27T01:25:09.614] [DEBUG] debug-file - entry : default@PackingCheck cost memory 0.34796905517578125
[2026-07-27T01:25:09.614] [DEBUG] debug-file - runTaskFromQueue task cost before running: 1 s 886 ms 
[2026-07-27T01:25:09.614] [INFO] debug-file - Finished :entry:default@PackingCheck... after 7 ms 
[2026-07-27T01:25:09.615] [DEBUG] debug-file - Executing task :entry:default@SignHap
[2026-07-27T01:25:09.618] [DEBUG] debug-file - Incremental task entry:default@SignHap pre-execution cost: 2 ms .
[2026-07-27T01:25:09.618] [DEBUG] debug-file - entry : default@SignHap cost memory 0.118408203125
[2026-07-27T01:25:09.618] [INFO] debug-file - UP-TO-DATE :entry:default@SignHap...  
[2026-07-27T01:25:09.619] [DEBUG] debug-file - Executing task :entry:default@CollectDebugSymbol
[2026-07-27T01:25:09.620] [DEBUG] debug-file - entry : default@CollectDebugSymbol cost memory 0.090545654296875
[2026-07-27T01:25:09.621] [DEBUG] debug-file - runTaskFromQueue task cost before running: 1 s 893 ms 
[2026-07-27T01:25:09.621] [INFO] debug-file - Finished :entry:default@CollectDebugSymbol... after 2 ms 
[2026-07-27T01:25:09.622] [DEBUG] debug-file - Executing task :entry:assembleHap
[2026-07-27T01:25:09.622] [DEBUG] debug-file - entry : assembleHap cost memory 0.0128326416015625
[2026-07-27T01:25:09.622] [DEBUG] debug-file - runTaskFromQueue task cost before running: 1 s 894 ms 
[2026-07-27T01:25:09.622] [INFO] debug-file - Finished :entry:assembleHap... after 1 ms 
[2026-07-27T01:25:09.633] [INFO] debug-file - BUILD SUCCESSFUL in 1 s 905 ms 
[2026-07-27T01:25:09.634] [DEBUG] debug-file - Update task entry:default@PreBuild input file:D:\SLE-ID\slekey\AppScope\app.json5 cache by regenerate.
[2026-07-27T01:25:09.634] [DEBUG] debug-file - Update task entry:default@PreBuild input file:D:\SLE-ID\slekey\entry\src\main\module.json5 cache by regenerate.
[2026-07-27T01:25:09.634] [DEBUG] debug-file - Update task entry:default@PreBuild input file:D:\SLE-ID\slekey\build-profile.json5 cache by regenerate.
[2026-07-27T01:25:09.634] [DEBUG] debug-file - Update task entry:default@PreBuild input file:D:\SLE-ID\slekey\entry\build-profile.json5 cache by regenerate.
[2026-07-27T01:25:09.635] [DEBUG] debug-file - Update task entry:default@PreBuild input file:D:\SLE-ID\slekey\entry\src\main\resources\base\profile\main_pages.json cache by regenerate.
[2026-07-27T01:25:09.635] [DEBUG] debug-file - Update task entry:default@PreBuild input file:D:\SLE-ID\slekey\hvigor\hvigor-config.json5 cache by regenerate.
[2026-07-27T01:25:09.635] [DEBUG] debug-file - Update task entry:default@PreBuild input file:D:\SLE-ID\slekey\entry\oh-package.json5 cache by regenerate.
[2026-07-27T01:25:09.635] [DEBUG] debug-file - Update task entry:default@PreBuild input file:D:\SLE-ID\slekey\oh-package.json5 cache by regenerate.
[2026-07-27T01:25:09.635] [DEBUG] debug-file - Incremental task entry:default@PreBuild post-execution cost:3 ms .
[2026-07-27T01:25:09.635] [DEBUG] debug-file - Update task entry:default@CreateModuleInfo output file:D:\SLE-ID\slekey\entry\build\default\generated\profile\default\ModuleInfo.ts cache.
[2026-07-27T01:25:09.636] [DEBUG] debug-file - Incremental task entry:default@CreateModuleInfo post-execution cost:1 ms .
[2026-07-27T01:25:09.636] [DEBUG] debug-file - There is no need to refresh cache, since the incremental task entry:default@GenerateMetadata is up-to-date.
[2026-07-27T01:25:09.636] [DEBUG] debug-file - There is no need to refresh cache, since the incremental task entry:default@MergeProfile is up-to-date.
[2026-07-27T01:25:09.636] [DEBUG] debug-file - There is no need to refresh cache, since the incremental task entry:default@CreateBuildProfile is up-to-date.
[2026-07-27T01:25:09.636] [DEBUG] debug-file - There is no need to refresh cache, since the incremental task entry:default@GeneratePkgContextInfo is up-to-date.
[2026-07-27T01:25:09.636] [DEBUG] debug-file - Update task entry:default@GeneratePkgSdkInfo output file:D:\SLE-ID\slekey\entry\build\default\intermediates\loader\default\pkgSdkInfo.json cache.
[2026-07-27T01:25:09.636] [DEBUG] debug-file - Incremental task entry:default@GeneratePkgSdkInfo post-execution cost:1 ms .
[2026-07-27T01:25:09.636] [DEBUG] debug-file - Update task entry:default@ProcessIntegratedHsp output file:D:\SLE-ID\slekey\build\cache\default\integrated_hsp\integratedHspCache.json cache.
[2026-07-27T01:25:09.636] [DEBUG] debug-file - Incremental task entry:default@ProcessIntegratedHsp post-execution cost:1 ms .
[2026-07-27T01:25:09.636] [DEBUG] debug-file - There is no need to refresh cache, since the incremental task entry:default@MakePackInfo is up-to-date.
[2026-07-27T01:25:09.636] [DEBUG] debug-file - Update task entry:default@SyscapTransform input file:C:\Program Files\Huawei\DevEco Studio\sdk\default\openharmony\toolchains\syscap_tool.exe cache by regenerate.
[2026-07-27T01:25:09.636] [DEBUG] debug-file - Update task entry:default@SyscapTransform input file:C:\Program Files\Huawei\DevEco Studio\sdk\default\openharmony\ets\api\device-define cache by regenerate.
[2026-07-27T01:25:09.637] [DEBUG] debug-file - Update task entry:default@SyscapTransform output file:D:\SLE-ID\slekey\entry\build\default\intermediates\syscap\default\rpcid.sc cache.
[2026-07-27T01:25:09.637] [DEBUG] debug-file - Incremental task entry:default@SyscapTransform post-execution cost:1 ms .
[2026-07-27T01:25:09.637] [DEBUG] debug-file - There is no need to refresh cache, since the incremental task entry:default@ProcessProfile is up-to-date.
[2026-07-27T01:25:09.637] [DEBUG] debug-file - There is no need to refresh cache, since the incremental task entry:default@ProcessRouterMap is up-to-date.
[2026-07-27T01:25:09.637] [DEBUG] debug-file - There is no need to refresh cache, since the incremental task entry:default@ProcessShareConfig is up-to-date.
[2026-07-27T01:25:09.637] [DEBUG] debug-file - Update task entry:default@ProcessStartupConfig input file:D:\SLE-ID\slekey\entry\build\default\intermediates\loader\default\pkgContextInfo.json cache by regenerate.
[2026-07-27T01:25:09.638] [DEBUG] debug-file - Update task entry:default@ProcessStartupConfig output file:D:\SLE-ID\slekey\entry\build\default\intermediates\startup\default\startup_config.json cache.
[2026-07-27T01:25:09.638] [DEBUG] debug-file - Incremental task entry:default@ProcessStartupConfig post-execution cost:1 ms .
[2026-07-27T01:25:09.638] [DEBUG] debug-file - There is no need to refresh cache, since the incremental task entry:default@ProcessResource is up-to-date.
[2026-07-27T01:25:09.638] [DEBUG] debug-file - There is no need to refresh cache, since the incremental task entry:default@GenerateLoaderJson is up-to-date.
[2026-07-27T01:25:09.638] [DEBUG] debug-file - There is no need to refresh cache, since the incremental task entry:default@ProcessLibs is up-to-date.
[2026-07-27T01:25:09.638] [DEBUG] debug-file - There is no need to refresh cache, since the incremental task entry:default@CompileResource is up-to-date.
[2026-07-27T01:25:09.638] [DEBUG] debug-file - There is no need to refresh cache, since the incremental task entry:default@DoNativeStrip is up-to-date.
[2026-07-27T01:25:09.638] [DEBUG] debug-file - There is no need to refresh cache, since the incremental task entry:default@CompileArkTS is up-to-date.
[2026-07-27T01:25:09.639] [DEBUG] debug-file - Update task entry:default@BuildJS input file:D:\SLE-ID\slekey\entry\build\default\intermediates\loader\default cache by regenerate.
[2026-07-27T01:25:09.640] [DEBUG] debug-file - Update task entry:default@BuildJS input file:D:\SLE-ID\slekey\oh_modules\.ohpm\@ohos+hypium@1.0.19\oh_modules\@ohos\hypium\index.js cache by regenerate.
[2026-07-27T01:25:09.641] [DEBUG] debug-file - Update task entry:default@BuildJS input file:D:\SLE-ID\slekey\entry\build\default\intermediates\res\default\resources\rawfile cache by regenerate.
[2026-07-27T01:25:09.641] [DEBUG] debug-file - Update task entry:default@BuildJS input file:D:\SLE-ID\slekey\entry\build\default\intermediates\res\default\ResourceTable.txt cache by regenerate.
[2026-07-27T01:25:09.641] [DEBUG] debug-file - Update task entry:default@BuildJS input file:D:\SLE-ID\slekey\entry\build\default\intermediates\res\default\ark_module.json cache by regenerate.
[2026-07-27T01:25:09.641] [DEBUG] debug-file - Update task entry:default@BuildJS input file:D:\SLE-ID\slekey\entry\build\default\intermediates\res\default\resources\base\profile cache by regenerate.
[2026-07-27T01:25:09.642] [DEBUG] debug-file - Update task entry:default@BuildJS input file:D:\SLE-ID\slekey\entry\build\default\intermediates\loader\default\pkgContextInfo.json cache by regenerate.
[2026-07-27T01:25:09.642] [DEBUG] debug-file - Update task entry:default@BuildJS output file:D:\SLE-ID\slekey\entry\build\default\intermediates\loader_out\default\js cache.
[2026-07-27T01:25:09.642] [DEBUG] debug-file - Incremental task entry:default@BuildJS post-execution cost:4 ms .
[2026-07-27T01:25:09.642] [DEBUG] debug-file - There is no need to refresh cache, since the incremental task entry:default@CacheNativeLibs is up-to-date.
[2026-07-27T01:25:09.642] [DEBUG] debug-file - There is no need to refresh cache, since the incremental task entry:default@GeneratePkgModuleJson is up-to-date.
[2026-07-27T01:25:09.642] [DEBUG] debug-file - Incremental task entry:default@ProcessCompiledResources post-execution cost:1 ms .
[2026-07-27T01:25:09.642] [DEBUG] debug-file - There is no need to refresh cache, since the incremental task entry:default@PackageHap is up-to-date.
[2026-07-27T01:25:09.642] [DEBUG] debug-file - There is no need to refresh cache, since the incremental task entry:default@SignHap is up-to-date.
[2026-07-27T01:25:09.642] [DEBUG] debug-file - Update task entry:default@CollectDebugSymbol input file:D:\SLE-ID\slekey\entry\build\default\intermediates\loader_out\default\ets\sourceMaps.map cache by regenerate.
[2026-07-27T01:25:09.643] [DEBUG] debug-file - Update task entry:default@CollectDebugSymbol input file:D:\SLE-ID\slekey\entry\build\default\intermediates\libs\default cache by regenerate.
[2026-07-27T01:25:09.643] [DEBUG] debug-file - Update task entry:default@CollectDebugSymbol output file:D:\SLE-ID\slekey\entry\build\default\outputs\default\symbol cache.
[2026-07-27T01:25:09.643] [DEBUG] debug-file - Incremental task entry:default@CollectDebugSymbol post-execution cost:1 ms .
[2026-07-27T01:25:09.669] [DEBUG] debug-file - session manager: send message to worker process.
[2026-07-27T01:25:09.669] [DEBUG] debug-file - session manager: send message to worker process.
[2026-07-27T01:25:09.777] [DEBUG] debug-file - Cleanup worker 0.
[2026-07-27T01:25:09.777] [DEBUG] debug-file - Worker 0 has been cleaned up.
[2026-07-27T01:25:09.777] [DEBUG] debug-file - Current idle worker size: 1.
[2026-07-27T01:25:09.777] [DEBUG] debug-file - Current resident worker size: 2.
[2026-07-27T01:25:09.777] [DEBUG] debug-file - Cleanup worker 1.
[2026-07-27T01:25:09.777] [DEBUG] debug-file - Worker 1 has been cleaned up.
[2026-07-27T01:25:09.777] [DEBUG] debug-file - Current idle worker size: 0.
[2026-07-27T01:25:09.777] [DEBUG] debug-file - Current resident worker size: 2.
[2026-07-27T01:25:09.779] [DEBUG] debug-file - hvigor build process will be closed.
[2026-07-27T01:25:09.785] [DEBUG] debug-file - worker[1] exits with exit code 1.
[2026-07-27T01:25:09.785] [DEBUG] debug-file - worker[0] exits with exit code 1.
[2026-07-27T01:25:09.788] [DEBUG] debug-file - watch worker: worker id should be larger than 0. Nothing will be sent to any worker thread.
[2026-07-27T01:25:09.788] [DEBUG] debug-file - watch worker: worker id should be larger than 0. Nothing will be sent to any worker thread.
[2026-07-27T01:28:30.330] [DEBUG] debug-file - env: nodejsVersion=v24.16.0
[2026-07-27T01:28:30.391] [WARN] debug-file - 'C:\Windows\System32\wbem\wmic' 不是内部或外部命令，也不是可运行的程序
或批处理文件。

[2026-07-27T01:28:30.330] [DEBUG] debug-file - env: hvigor-config.json5 content = {
  modelVersion: '5.0.0',
  dependencies: {},
  execution: {},
  logging: {},
  debugging: {},
  nodeOptions: {}
}
[2026-07-27T01:28:31.285] [DEBUG] debug-file - env: daemon=true
[2026-07-27T01:28:31.706] [DEBUG] debug-file - hvigor java daemon: Starting java daemon. jvmXmxValue=512m, jarPath=C:\Program Files\Huawei\DevEco Studio\tools\hvigor\hvigor\lib\hvigor-java-daemon.jar
[2026-07-27T01:28:31.707] [DEBUG] debug-file - hvigor java daemon: Read cache file, 
    port=45050, pid=15400, sessionId exists=true
[2026-07-27T01:28:31.731] [DEBUG] debug-file - hvigor java daemon: tryConnect success
[2026-07-27T01:28:31.746] [DEBUG] debug-file - session manager: set active socket. socketId=ngvQZykQa7xNcmMwAAAB
[2026-07-27T01:28:32.154] [DEBUG] debug-file - watch worker: worker id should be larger than 0. Nothing will be sent to any worker thread.
[2026-07-27T01:28:32.157] [DEBUG] debug-file - Since there is no instance or instance is terminated, create a new worker pool.
[2026-07-27T01:28:32.157] [DEBUG] debug-file - Worker pool is initialized with config:  {
  minPoolNum: 2,
  maxPoolNum: undefined,
  maxCoreSize: undefined,
  cacheCapacity: undefined,
  cacheTtl: undefined
}
[2026-07-27T01:28:32.157] [DEBUG] debug-file - Create  resident worker with id: 0.
[2026-07-27T01:28:32.159] [DEBUG] debug-file - Create  resident worker with id: 1.
[2026-07-27T01:28:32.161] [DEBUG] debug-file - Workers' log level updated to INFO
[2026-07-27T01:28:32.167] [DEBUG] debug-file - Hvigor init with startParameters:{
  hvigorfileTypeCheck: false,
  parallelExecution: true,
  incrementalExecution: true,
  printStackTrace: false,
  daemon: true,
  analyze: 0,
  logLevel: Level { level: 20000, levelStr: 'INFO', colour: 'green' },
  optimizationStrategy: 'memory',
  hotCompile: undefined,
  hotReloadBuild: undefined,
  customizedParam: undefined
}
[2026-07-27T01:28:32.170] [DEBUG] debug-file - Cache service initialization finished in 4 ms 
[2026-07-27T01:28:32.172] [DEBUG] debug-file - hvigorfile, resolving D:\SLE-ID\slekey\hvigorfile.ts
[2026-07-27T01:28:33.076] [DEBUG] debug-file - hvigorfile, require result:  { default: { plugins: [] } }
[2026-07-27T01:28:33.076] [DEBUG] debug-file - hvigorfile, binding system plugins null
[2026-07-27T01:28:33.077] [DEBUG] debug-file - Starting plugin build process
[2026-07-27T01:28:33.077] [DEBUG] debug-file - App plugin prepare start...
[2026-07-27T01:28:33.077] [DEBUG] debug-file - App plugin prepare end...
[2026-07-27T01:28:33.077] [DEBUG] debug-file - App plugin creating...
[2026-07-27T01:28:33.202] [DEBUG] debug-file - App plugin register hook start...
[2026-07-27T01:28:33.202] [DEBUG] debug-file - App plugin register hook end...
[2026-07-27T01:28:33.202] [DEBUG] debug-file - Plugin build process completed
[2026-07-27T01:28:33.203] [DEBUG] debug-file - Start initialize project's product build option map with build mode debug.
[2026-07-27T01:28:33.203] [DEBUG] debug-file - Picking option from product 'default' with build mode 'debug'.
[2026-07-27T01:28:33.203] [DEBUG] debug-file - Product 'default' build option initialized
[2026-07-27T01:28:33.203] [DEBUG] debug-file - End initialize project's product build option map with build mode 'debug'.
[2026-07-27T01:28:33.205] [DEBUG] debug-file - Obtain build option for product 'default'in this build.
[2026-07-27T01:28:33.206] [DEBUG] debug-file - D:\SLE-ID\slekey\build\cache\default\remote_hsp\remoteHspCache.json not exists.
[2026-07-27T01:28:33.207] [DEBUG] debug-file - Local scan or download HarmonyOS sdk components toolchains,ets,js,native,previewer
[2026-07-27T01:28:33.209] [DEBUG] debug-file - Local scan or download hmscore sdk components toolchains,ets,native
[2026-07-27T01:28:33.210] [DEBUG] debug-file - Start recording SDK configuration permission data.
[2026-07-27T01:28:33.231] [DEBUG] debug-file - Sdk init in 25 ms 
[2026-07-27T01:28:33.235] [DEBUG] debug-file - Project task initialization takes 4 ms 
[2026-07-27T01:28:33.235] [DEBUG] debug-file - hvigorfile, begin to bind custom plugins...
[2026-07-27T01:28:33.235] [DEBUG] debug-file - hvigorfile, no custom plugins were found in D:\SLE-ID\slekey\hvigorfile.ts
[2026-07-27T01:28:33.235] [DEBUG] debug-file - hvigorfile, resolve finished D:\SLE-ID\slekey\hvigorfile.ts
[2026-07-27T01:28:33.236] [DEBUG] debug-file - hvigorfile, resolving D:\SLE-ID\slekey\entry\hvigorfile.ts
[2026-07-27T01:28:33.241] [DEBUG] debug-file - hvigorfile, require result:  { default: { plugins: [] } }
[2026-07-27T01:28:33.241] [DEBUG] debug-file - hvigorfile, binding system plugins null
[2026-07-27T01:28:33.241] [DEBUG] debug-file - Starting plugin build process
[2026-07-27T01:28:33.241] [DEBUG] debug-file - Hap plugin creating...
[2026-07-27T01:28:33.242] [DEBUG] debug-file - failed to load cangjie to dynamically generate schemas: Error: Cannot find module '@ohos/cangjie-build-support/index'
Require stack:
- C:\Program Files\Huawei\DevEco Studio\tools\hvigor\hvigor-ohos-plugin\src\plugin\hooks\cangjie-register.js
- C:\Program Files\Huawei\DevEco Studio\tools\hvigor\hvigor-ohos-plugin\src\plugin\strategy\stage-init-strategy.js
- C:\Program Files\Huawei\DevEco Studio\tools\hvigor\hvigor-ohos-plugin\src\plugin\builder\abstract-plugin-builder.js
- C:\Program Files\Huawei\DevEco Studio\tools\hvigor\hvigor-ohos-plugin\src\plugin\builder\app-plugin-builder.js
- C:\Program Files\Huawei\DevEco Studio\tools\hvigor\hvigor-ohos-plugin\src\plugin\factory\plugin-factory.js
- C:\Program Files\Huawei\DevEco Studio\tools\hvigor\hvigor-ohos-plugin\index.js
- D:\SLE-ID\slekey\hvigorfile.ts
- C:\Program Files\Huawei\DevEco Studio\tools\hvigor\hvigor\src\base\internal\lifecycle\configuration.js
- C:\Program Files\Huawei\DevEco Studio\tools\hvigor\hvigor\src\base\boot\index.js
- C:\Program Files\Huawei\DevEco Studio\tools\hvigor\hvigor\src\base\daemon\cluster\worker-process-lifecycle.js
- C:\Program Files\Huawei\DevEco Studio\tools\hvigor\hvigor\src\base\daemon\process\daemon-process-boot-script.js
[2026-07-27T01:28:33.252] [DEBUG] debug-file - Start initialize module-target build option map, moduleName=entry, buildMode=debug
[2026-07-27T01:28:33.252] [DEBUG] debug-file - Target 'default' config initialized
[2026-07-27T01:28:33.252] [DEBUG] debug-file - Module 'entry' target 'default' build option initialized
[2026-07-27T01:28:33.252] [DEBUG] debug-file - End initialize module-target build option map, moduleName=entry
[2026-07-27T01:28:33.252] [DEBUG] debug-file - Start initialize module-target build option map, moduleName=entry, buildMode=release
[2026-07-27T01:28:33.252] [DEBUG] debug-file - Target 'default' config initialized
[2026-07-27T01:28:33.253] [DEBUG] debug-file - Module 'entry' target 'default' build option initialized
[2026-07-27T01:28:33.253] [DEBUG] debug-file - End initialize module-target build option map, moduleName=entry
[2026-07-27T01:28:33.253] [DEBUG] debug-file - Start initialize module-target build option map, moduleName=entry, buildMode=debug
[2026-07-27T01:28:33.253] [DEBUG] debug-file - Target 'default' config initialized
[2026-07-27T01:28:33.253] [DEBUG] debug-file - Module 'entry' target 'default' build option initialized
[2026-07-27T01:28:33.253] [DEBUG] debug-file - End initialize module-target build option map, moduleName=entry
[2026-07-27T01:28:33.254] [DEBUG] debug-file - Obtain build option for module 'entry' target 'default'in this build.
[2026-07-27T01:28:33.257] [DEBUG] debug-file - Module entry task initialization takes 3 ms 
[2026-07-27T01:28:33.257] [DEBUG] debug-file - Hap plugin register hook start...
[2026-07-27T01:28:33.257] [DEBUG] debug-file - Hap plugin register hook end...
[2026-07-27T01:28:33.257] [DEBUG] debug-file - Plugin build process completed
[2026-07-27T01:28:33.257] [DEBUG] debug-file - hvigorfile, begin to bind custom plugins...
[2026-07-27T01:28:33.257] [DEBUG] debug-file - hvigorfile, no custom plugins were found in D:\SLE-ID\slekey\entry\hvigorfile.ts
[2026-07-27T01:28:33.257] [DEBUG] debug-file - hvigorfile, resolve finished D:\SLE-ID\slekey\entry\hvigorfile.ts
[2026-07-27T01:28:33.301] [DEBUG] debug-file - hvigorfile, resolve hvigorfile dependencies in 44 ms 
[2026-07-27T01:28:33.301] [DEBUG] debug-file - project has submodules:entry
[2026-07-27T01:28:33.302] [DEBUG] debug-file - start to load updatedOhPackageInfo to the disk
[2026-07-27T01:28:33.304] [DEBUG] debug-file - load to the disk finished
[2026-07-27T01:28:33.304] [DEBUG] debug-file - Start to initialize dependency information.
[2026-07-27T01:28:33.307] [DEBUG] debug-file - Module slekey Collected Dependency: D:\SLE-ID\slekey\oh_modules\.ohpm\@ohos+hypium@1.0.19\oh_modules\@ohos\hypium
[2026-07-27T01:28:33.307] [DEBUG] debug-file - Module slekey's total dependency: 1
[2026-07-27T01:28:33.308] [DEBUG] debug-file - Start to initialize dependency information.
[2026-07-27T01:28:33.310] [DEBUG] debug-file - Module entry Collected Dependency: D:\SLE-ID\slekey\oh_modules\.ohpm\@ohos+hypium@1.0.19\oh_modules\@ohos\hypium
[2026-07-27T01:28:33.310] [DEBUG] debug-file - Module entry's total dependency: 1
[2026-07-27T01:28:33.312] [DEBUG] debug-file - Configuration phase cost:1 s 142 ms 
[2026-07-27T01:28:33.313] [DEBUG] debug-file - Configuration task cost before running: 1 s 153 ms 
[2026-07-27T01:28:33.317] [DEBUG] debug-file - Executing task :entry:default@PreBuild
[2026-07-27T01:28:33.318] [DEBUG] debug-file - Task 'entry:default@PreBuild' cost while wrapping incremental declarations: 1 ms 
[2026-07-27T01:28:33.322] [DEBUG] debug-file - entry:default@PreBuild is not up-to-date, since the task snapshots are different.
[2026-07-27T01:28:33.322] [DEBUG] debug-file - Incremental task entry:default@PreBuild pre-execution cost: 3 ms .
[2026-07-27T01:28:33.398] [DEBUG] debug-file - current product is not Atomic service.
[2026-07-27T01:28:33.398] [DEBUG] debug-file - Use tool [win32: JAVA_HOME, CLASSPATH]
 [
  { JAVA_HOME: 'C:\\Program Files\\Huawei\\DevEco Studio\\jbr' },
  { CLASSPATH: undefined }
]
[2026-07-27T01:28:33.398] [DEBUG] debug-file - Use tool [win32: NODE_HOME]
 [
  {
    NODE_HOME: 'C:\\Program Files\\Huawei\\DevEco Studio\\tools\\node'
  }
]
[2026-07-27T01:28:33.398] [DEBUG] debug-file - entry : default@PreBuild cost memory 14.792976379394531
[2026-07-27T01:28:33.399] [DEBUG] debug-file - runTaskFromQueue task cost before running: 1 s 238 ms 
[2026-07-27T01:28:33.401] [INFO] debug-file - Finished :entry:default@PreBuild... after 82 ms 
[2026-07-27T01:28:33.402] [DEBUG] debug-file - Executing task :entry:default@CreateModuleInfo
[2026-07-27T01:28:33.402] [DEBUG] debug-file - Task 'entry:default@CreateModuleInfo' cost while wrapping incremental declarations: 1 ms 
[2026-07-27T01:28:33.402] [DEBUG] debug-file - entry : default@CreateModuleInfo cost memory 0.04596710205078125
[2026-07-27T01:28:33.402] [DEBUG] debug-file - runTaskFromQueue task cost before running: 1 s 242 ms 
[2026-07-27T01:28:33.402] [INFO] debug-file - Finished :entry:default@CreateModuleInfo... after 1 ms 
[2026-07-27T01:28:33.404] [DEBUG] debug-file - Executing task :entry:default@GenerateMetadata
[2026-07-27T01:28:33.405] [DEBUG] debug-file - Task 'entry:default@GenerateMetadata' cost while wrapping incremental declarations: 1 ms 
[2026-07-27T01:28:33.406] [DEBUG] debug-file - Incremental task entry:default@GenerateMetadata pre-execution cost: 1 ms .
[2026-07-27T01:28:33.406] [DEBUG] debug-file - entry : default@GenerateMetadata cost memory 0.13326263427734375
[2026-07-27T01:28:33.406] [INFO] debug-file - UP-TO-DATE :entry:default@GenerateMetadata...  
[2026-07-27T01:28:33.407] [DEBUG] debug-file - Executing task :entry:default@ConfigureCmake
[2026-07-27T01:28:33.407] [DEBUG] debug-file - entry : default@ConfigureCmake cost memory 0.01457977294921875
[2026-07-27T01:28:33.407] [DEBUG] debug-file - runTaskFromQueue task cost before running: 1 s 246 ms 
[2026-07-27T01:28:33.407] [INFO] debug-file - Finished :entry:default@ConfigureCmake... after 1 ms 
[2026-07-27T01:28:33.408] [DEBUG] debug-file - Executing task :entry:default@MergeProfile
[2026-07-27T01:28:33.408] [DEBUG] debug-file - Task 'entry:default@MergeProfile' cost while wrapping incremental declarations: 1 ms 
[2026-07-27T01:28:33.409] [DEBUG] debug-file - Incremental task entry:default@MergeProfile pre-execution cost: 1 ms .
[2026-07-27T01:28:33.409] [DEBUG] debug-file - entry : default@MergeProfile cost memory 0.24568939208984375
[2026-07-27T01:28:33.410] [INFO] debug-file - UP-TO-DATE :entry:default@MergeProfile...  
[2026-07-27T01:28:33.410] [DEBUG] debug-file - Executing task :entry:default@CreateBuildProfile
[2026-07-27T01:28:33.411] [DEBUG] debug-file - Task 'entry:default@CreateBuildProfile' cost while wrapping incremental declarations: 1 ms 
[2026-07-27T01:28:33.411] [DEBUG] debug-file - Incremental task entry:default@CreateBuildProfile pre-execution cost: 1 ms .
[2026-07-27T01:28:33.411] [DEBUG] debug-file - entry : default@CreateBuildProfile cost memory 0.111602783203125
[2026-07-27T01:28:33.411] [INFO] debug-file - UP-TO-DATE :entry:default@CreateBuildProfile...  
[2026-07-27T01:28:33.412] [DEBUG] debug-file - Executing task :entry:default@PreCheckSyscap
[2026-07-27T01:28:33.412] [DEBUG] debug-file - entry : default@PreCheckSyscap cost memory 0.01708984375
[2026-07-27T01:28:33.412] [DEBUG] debug-file - runTaskFromQueue task cost before running: 1 s 251 ms 
[2026-07-27T01:28:33.412] [INFO] debug-file - Finished :entry:default@PreCheckSyscap... after 1 ms 
[2026-07-27T01:28:33.413] [DEBUG] debug-file - Executing task :entry:default@GeneratePkgContextInfo
[2026-07-27T01:28:33.419] [DEBUG] debug-file - Task 'entry:default@GeneratePkgContextInfo' cost while wrapping incremental declarations: 1 ms 
[2026-07-27T01:28:33.419] [DEBUG] debug-file - Incremental task entry:default@GeneratePkgContextInfo pre-execution cost: 1 ms .
[2026-07-27T01:28:33.419] [DEBUG] debug-file - entry : default@GeneratePkgContextInfo cost memory 0.5169219970703125
[2026-07-27T01:28:33.420] [INFO] debug-file - UP-TO-DATE :entry:default@GeneratePkgContextInfo...  
[2026-07-27T01:28:33.420] [DEBUG] debug-file - Executing task :entry:default@GeneratePkgSdkInfo
[2026-07-27T01:28:33.421] [DEBUG] debug-file - Dependency key: @ohos/hypium already exists, current dependency listed in devDependencies will be ignored.
[2026-07-27T01:28:33.422] [DEBUG] debug-file - Task 'entry:default@GeneratePkgSdkInfo' cost while wrapping incremental declarations: 1 ms 
[2026-07-27T01:28:33.422] [DEBUG] debug-file - entry : default@GeneratePkgSdkInfo cost memory 0.1356353759765625
[2026-07-27T01:28:33.422] [DEBUG] debug-file - runTaskFromQueue task cost before running: 1 s 261 ms 
[2026-07-27T01:28:33.422] [INFO] debug-file - Finished :entry:default@GeneratePkgSdkInfo... after 2 ms 
[2026-07-27T01:28:33.424] [DEBUG] debug-file - Executing task :entry:default@ProcessIntegratedHsp
[2026-07-27T01:28:33.424] [DEBUG] debug-file - entry:default@ProcessIntegratedHsp is not up-to-date, since the output file 'D:\SLE-ID\slekey\build\cache\default\integrated_hsp\integratedHspCache.json' does not exist.
[2026-07-27T01:28:33.425] [DEBUG] debug-file - Incremental task entry:default@ProcessIntegratedHsp pre-execution cost: 1 ms .
[2026-07-27T01:28:33.425] [DEBUG] debug-file - entry : default@ProcessIntegratedHsp cost memory 0.0524749755859375
[2026-07-27T01:28:33.425] [DEBUG] debug-file - runTaskFromQueue task cost before running: 1 s 264 ms 
[2026-07-27T01:28:33.425] [INFO] debug-file - Finished :entry:default@ProcessIntegratedHsp... after 1 ms 
[2026-07-27T01:28:33.425] [DEBUG] debug-file - Executing task :entry:default@BuildNativeWithCmake
[2026-07-27T01:28:33.426] [DEBUG] debug-file - entry : default@BuildNativeWithCmake cost memory 0.0149688720703125
[2026-07-27T01:28:33.426] [DEBUG] debug-file - runTaskFromQueue task cost before running: 1 s 265 ms 
[2026-07-27T01:28:33.426] [INFO] debug-file - Finished :entry:default@BuildNativeWithCmake... after 1 ms 
[2026-07-27T01:28:33.426] [DEBUG] debug-file - Executing task :entry:default@MakePackInfo
[2026-07-27T01:28:33.427] [DEBUG] debug-file - Incremental task entry:default@MakePackInfo pre-execution cost: 1 ms .
[2026-07-27T01:28:33.427] [DEBUG] debug-file - entry : default@MakePackInfo cost memory 0.138702392578125
[2026-07-27T01:28:33.427] [INFO] debug-file - UP-TO-DATE :entry:default@MakePackInfo...  
[2026-07-27T01:28:33.428] [DEBUG] debug-file - Executing task :entry:default@SyscapTransform
[2026-07-27T01:28:33.428] [DEBUG] debug-file - File: 'D:\SLE-ID\slekey\entry\src\main\syscap.json' from 'sysCapJsonPath' is not exists, just ignore.
[2026-07-27T01:28:33.429] [DEBUG] debug-file - Task 'entry:default@SyscapTransform' cost while wrapping incremental declarations: 1 ms 
[2026-07-27T01:28:33.436] [DEBUG] debug-file - entry:default@SyscapTransform is not up-to-date, since the output file 'D:\SLE-ID\slekey\entry\build\default\intermediates\syscap\default\rpcid.sc' does not exist.
[2026-07-27T01:28:33.436] [DEBUG] debug-file - Incremental task entry:default@SyscapTransform pre-execution cost: 8 ms .
[2026-07-27T01:28:33.436] [DEBUG] debug-file - entry : default@SyscapTransform cost memory 0.149566650390625
[2026-07-27T01:28:33.436] [DEBUG] debug-file - runTaskFromQueue task cost before running: 1 s 275 ms 
[2026-07-27T01:28:33.436] [INFO] debug-file - Finished :entry:default@SyscapTransform... after 8 ms 
[2026-07-27T01:28:33.437] [DEBUG] debug-file - Executing task :entry:default@ProcessProfile
[2026-07-27T01:28:33.438] [DEBUG] debug-file - Task 'entry:default@ProcessProfile' cost while wrapping incremental declarations: 1 ms 
[2026-07-27T01:28:33.439] [DEBUG] debug-file - Incremental task entry:default@ProcessProfile pre-execution cost: 1 ms .
[2026-07-27T01:28:33.439] [DEBUG] debug-file - entry : default@ProcessProfile cost memory 0.1433563232421875
[2026-07-27T01:28:33.439] [INFO] debug-file - UP-TO-DATE :entry:default@ProcessProfile...  
[2026-07-27T01:28:33.440] [DEBUG] debug-file - Executing task :entry:default@ProcessRouterMap
[2026-07-27T01:28:33.441] [DEBUG] debug-file - Incremental task entry:default@ProcessRouterMap pre-execution cost: 1 ms .
[2026-07-27T01:28:33.441] [DEBUG] debug-file - entry : default@ProcessRouterMap cost memory 0.1492767333984375
[2026-07-27T01:28:33.441] [INFO] debug-file - UP-TO-DATE :entry:default@ProcessRouterMap...  
[2026-07-27T01:28:33.442] [DEBUG] debug-file - Executing task :entry:default@ProcessShareConfig
[2026-07-27T01:28:33.443] [DEBUG] debug-file - Incremental task entry:default@ProcessShareConfig pre-execution cost: 1 ms .
[2026-07-27T01:28:33.443] [DEBUG] debug-file - entry : default@ProcessShareConfig cost memory 0.1362457275390625
[2026-07-27T01:28:33.443] [INFO] debug-file - UP-TO-DATE :entry:default@ProcessShareConfig...  
[2026-07-27T01:28:33.444] [DEBUG] debug-file - Executing task :entry:default@ProcessStartupConfig
[2026-07-27T01:28:33.444] [DEBUG] debug-file - Task 'entry:default@ProcessStartupConfig' cost while wrapping incremental declarations: 1 ms 
[2026-07-27T01:28:33.444] [DEBUG] debug-file - entry:default@ProcessStartupConfig is not up-to-date, since the output file 'D:\SLE-ID\slekey\entry\build\default\intermediates\startup\default\startup_config.json' does not exist.
[2026-07-27T01:28:33.444] [DEBUG] debug-file - Incremental task entry:default@ProcessStartupConfig pre-execution cost: 1 ms .
[2026-07-27T01:28:33.445] [DEBUG] debug-file - entry : default@ProcessStartupConfig cost memory 0.126861572265625
[2026-07-27T01:28:33.445] [DEBUG] debug-file - runTaskFromQueue task cost before running: 1 s 284 ms 
[2026-07-27T01:28:33.445] [INFO] debug-file - Finished :entry:default@ProcessStartupConfig... after 2 ms 
[2026-07-27T01:28:33.446] [DEBUG] debug-file - Executing task :entry:default@BuildNativeWithNinja
[2026-07-27T01:28:33.446] [DEBUG] debug-file - entry : default@BuildNativeWithNinja cost memory 0.0207061767578125
[2026-07-27T01:28:33.446] [DEBUG] debug-file - runTaskFromQueue task cost before running: 1 s 285 ms 
[2026-07-27T01:28:33.446] [INFO] debug-file - Finished :entry:default@BuildNativeWithNinja... after 1 ms 
[2026-07-27T01:28:33.447] [DEBUG] debug-file - restool module names: entry; moduleName=entry, taskName=default@ProcessResource
[2026-07-27T01:28:33.449] [DEBUG] debug-file - Executing task :entry:default@ProcessResource
[2026-07-27T01:28:33.449] [DEBUG] debug-file - Task 'entry:default@ProcessResource' cost while wrapping incremental declarations: 1 ms 
[2026-07-27T01:28:33.450] [DEBUG] debug-file - Incremental task entry:default@ProcessResource pre-execution cost: 1 ms .
[2026-07-27T01:28:33.450] [DEBUG] debug-file - entry : default@ProcessResource cost memory 0.13121795654296875
[2026-07-27T01:28:33.451] [INFO] debug-file - UP-TO-DATE :entry:default@ProcessResource...  
[2026-07-27T01:28:33.452] [DEBUG] debug-file - Executing task :entry:default@GenerateLoaderJson
[2026-07-27T01:28:33.453] [DEBUG] debug-file - Task 'entry:default@GenerateLoaderJson' cost while wrapping incremental declarations: 1 ms 
[2026-07-27T01:28:33.457] [DEBUG] debug-file - Incremental task entry:default@GenerateLoaderJson pre-execution cost: 3 ms .
[2026-07-27T01:28:33.457] [DEBUG] debug-file - entry : default@GenerateLoaderJson cost memory 0.506561279296875
[2026-07-27T01:28:33.459] [INFO] debug-file - UP-TO-DATE :entry:default@GenerateLoaderJson...  
[2026-07-27T01:28:33.459] [DEBUG] debug-file - Executing task :entry:default@ProcessLibs
[2026-07-27T01:28:33.461] [DEBUG] debug-file - Incremental task entry:default@ProcessLibs pre-execution cost: 1 ms .
[2026-07-27T01:28:33.461] [DEBUG] debug-file - entry : default@ProcessLibs cost memory 0.1929779052734375
[2026-07-27T01:28:33.461] [INFO] debug-file - UP-TO-DATE :entry:default@ProcessLibs...  
[2026-07-27T01:28:33.462] [DEBUG] debug-file - restool module names: entry; moduleName=entry, taskName=default@CompileResource
[2026-07-27T01:28:33.462] [DEBUG] debug-file - Executing task :entry:default@CompileResource
[2026-07-27T01:28:33.466] [DEBUG] debug-file - Incremental task entry:default@CompileResource pre-execution cost: 3 ms .
[2026-07-27T01:28:33.466] [DEBUG] debug-file - entry : default@CompileResource cost memory 0.48070526123046875
[2026-07-27T01:28:33.467] [INFO] debug-file - UP-TO-DATE :entry:default@CompileResource...  
[2026-07-27T01:28:33.467] [DEBUG] debug-file - Executing task :entry:default@DoNativeStrip
[2026-07-27T01:28:33.467] [DEBUG] debug-file - File: 'D:\SLE-ID\slekey\entry\build\default\intermediates\binxo\default' from 'doBinxoNativeLibs' is not exists, just ignore.
[2026-07-27T01:28:33.468] [DEBUG] debug-file - Task 'entry:default@DoNativeStrip' cost while wrapping incremental declarations: 1 ms 
[2026-07-27T01:28:33.468] [DEBUG] debug-file - Incremental task entry:default@DoNativeStrip pre-execution cost: 1 ms .
[2026-07-27T01:28:33.468] [DEBUG] debug-file - entry : default@DoNativeStrip cost memory 0.07770538330078125
[2026-07-27T01:28:33.468] [INFO] debug-file - UP-TO-DATE :entry:default@DoNativeStrip...  
[2026-07-27T01:28:33.469] [DEBUG] debug-file - Executing task :entry:default@CompileArkTS
[2026-07-27T01:28:33.470] [DEBUG] debug-file - obfuscationOptions: undefined
[2026-07-27T01:28:33.471] [DEBUG] debug-file - Task 'entry:default@CompileArkTS' cost while wrapping incremental declarations: 1 ms 
[2026-07-27T01:28:33.476] [DEBUG] debug-file - entry:default@CompileArkTS is not up-to-date, since the input file 'D:\SLE-ID\slekey\entry\src\main\ets' has been changed.
[2026-07-27T01:28:33.476] [DEBUG] debug-file - Incremental task entry:default@CompileArkTS pre-execution cost: 3 ms .
[2026-07-27T01:28:33.483] [DEBUG] debug-file - build config:
[2026-07-27T01:28:33.483] [DEBUG] debug-file - {
  moduleType: 'entry',
  perf: 0,
  targetName: '.default',
  packageManagerType: 'ohpm',
  localPropertiesPath: 'D:\\SLE-ID\\slekey\\local.properties',
  isPreview: false,
  isOhosTest: false,
  isLocalTest: false,
  buildMode: 'Debug',
  hotReloadBuild: undefined,
  watchMode: 'false',
  aceProfilePath: 'D:\\SLE-ID\\slekey\\entry\\build\\default\\intermediates\\res\\default\\resources\\base\\profile',
  etsLoaderPath: 'C:\\Program Files\\Huawei\\DevEco Studio\\sdk\\default\\openharmony\\ets\\build-tools\\ets-loader',
  modulePath: 'D:\\SLE-ID\\slekey\\entry',
  testFrameworkPar: {
    testMode: undefined,
    coveragePathFilter: undefined,
    coverageMode: undefined
  },
  needCoverageInsert: false,
  debugLine: false,
  projectTopDir: 'D:\\SLE-ID\\slekey',
  compileSdkVersion: 23,
  compatibleSdkVersion: 12,
  originCompatibleSdkVersion: '5.0.0(12)',
  compatibleSdkVersionStage: 'beta1',
  bundleName: 'c***p',
  etsLoaderVersion: '6.1.0.105',
  etsLoaderReleaseType: 'Release',
  aotCompileMode: 'type',
  apPath: 'D:\\SLE-ID\\slekey\\entry\\modules.ap',
  entryModuleName: 'entry',
  entryModuleVersion: '1.0.0',
  entryPackageName: 'entry',
  allModuleNameHash: 'f50575914c85e3183d91a020539fc5ec331fa18837794d3ea3a2aada5c34fdd7',
  externalApiPaths: [
    'C:\\Program Files\\Huawei\\DevEco Studio\\sdk\\default\\hms\\ets'
  ],
  compilerTypes: [],
  isCrossplatform: false,
  hvigorPluginFile: undefined,
  compilePluginPath: undefined,
  buildGeneratedProfilePath: 'D:\\SLE-ID\\slekey\\entry\\build\\default\\generated\\profile\\default',
  bundleType: 'app',
  arkTSVersion: '1.0',
  apiVersion: 23,
  needCompleteSourcesMap: false,
  isFaMode: false,
  buildDir: 'D:\\SLE-ID\\slekey\\entry\\build',
  deviceTypes: [ 'phone', 'tablet' ],
  pkgContextInfo: {
    '@ohos/hypium': {
      packageName: '@ohos/hypium',
      bundleName: '*****',
      moduleName: '',
      version: '1.0.19',
      entryPath: 'index.js',
      isSO: false,
      dependencyAlias: ''
    },
    entry: {
      packageName: 'entry',
      bundleName: '*****',
      moduleName: '',
      version: '',
      entryPath: 'src/main/',
      isSO: false,
      dependencyAlias: ''
    }
  },
  ohPackagePathMap: {},
  dependencyAliasMap: {},
  permission: { requestPermissions: [], definePermissions: undefined },
  useGetCurrentBundleName: false,
  projectArkOption: undefined,
  sourceMapDir: undefined,
  branchElimination: false,
  transformLib: undefined,
  tsImportSendable: false,
  resolveConflictMode: true,
  depName2RootPath: {},
  depName2DepInfo: {},
  depName2OhExports: {},
  rootPathSet: [ 'D:\\SLE-ID\\slekey' ],
  useNativeResolver: true,
  shouldEmitJs: true,
  useTscResolve: false,
  singleFileEmit: false,
  userProjectConfig: {
    autoLazyImport: false,
    allowEmptyBundleName: false,
    reExportCheckMode: 'noCheck',
    executionMode: 'memory',
    usePathPlaceholder: false,
    writeRollupCache: true,
    isExpandImportEnabled: false,
    expandImportExclude: '',
    lazyImportExclude: '',
    lazyImportInclude: '',
    ignoreCrossplatformCheck: false,
    isHarDeduplicateEnabled: false,
    skipOhModulesLint: false,
    enableStrictCheckOHModule: false,
    disableSendableCheckRules: [],
    useDeclarationFileSignature: false,
    customizedOptions: undefined,
    integratedHsp: false,
    isPreloadSoEnabled: false
  },
  executionMode: 'memory',
  arkCompileCachePath: 'D:\\SLE-ID\\slekey\\entry\\build\\default\\cache\\default\\default@CompileArkTS\\esmodule',
  autoLazyFilter: undefined,
  isHarDeduplicateEnabled: false,
  intermediateHarDuplicateDirPath: 'D:\\SLE-ID\\slekey\\entry\\build\\default\\intermediates\\har_duplicate\\default',
  autoLazyImport: false,
  allowEmptyBundleName: false,
  reExportCheckMode: 'noCheck',
  usePathPlaceholder: false,
  writeRollupCache: true,
  isExpandImportEnabled: false,
  expandImportExclude: '',
  lazyImportExclude: '',
  lazyImportInclude: '',
  ignoreCrossplatformCheck: false,
  skipOhModulesLint: false,
  enableStrictCheckOHModule: false,
  disableSendableCheckRules: [],
  useDeclarationFileSignature: false,
  customizedOptions: undefined,
  integratedHsp: false,
  isPreloadSoEnabled: false,
  strictMode: {
    caseSensitiveCheck: true,
    useNormalizedOHMUrl: true,
    noExternalImportByPath: true
  },
  useNormalizedOHMUrl: true,
  caseSensitiveCheck: true,
  aceModuleJsonPath: 'D:\\SLE-ID\\slekey\\entry\\build\\default\\intermediates\\res\\default\\ark_module.json',
  appResource: 'D:\\SLE-ID\\slekey\\entry\\build\\default\\intermediates\\res\\default\\ResourceTable.txt',
  rawFileResource: 'D:\\SLE-ID\\slekey\\entry\\build\\default\\intermediates\\res\\default\\resources\\rawfile',
  resourceTableHash: '8d499eae98a35ebfd449f640cb0204dc46fbfe126b8cecf18b5dae055c1b4570',
  runtimeOS: 'HarmonyOS',
  sdkInfo: 'false:23:6.1.0.105:Release',
  aceModuleRoot: 'D:\\SLE-ID\\slekey\\entry\\src\\main\\ets',
  compileMode: 'esmodule',
  aceSuperVisualPath: 'D:\\SLE-ID\\slekey\\entry\\src\\main\\supervisual',
  aceBuildJson: 'D:\\SLE-ID\\slekey\\entry\\build\\default\\intermediates\\loader\\default\\loader.json',
  cachePath: 'D:\\SLE-ID\\slekey\\entry\\build\\default\\cache\\default\\default@CompileArkTS\\esmodule\\debug',
  aceModuleBuild: 'D:\\SLE-ID\\slekey\\entry\\build\\default\\intermediates\\loader_out\\default\\ets',
  supportChunks: true,
  declaredFilesPath: undefined,
  shouldCollectDirectImportees: false,
  isByteCodeHarOptimize: false,
  expandImportPath: undefined,
  resourceTableTs: 'D:\\SLE-ID\\slekey\\entry\\build\\default\\generated\\r\\default\\ResourceTable.ts',
  moduleMetaInfoFiles: [
    {
      filePath: 'D:\\SLE-ID\\slekey\\entry\\build\\default\\generated\\r\\default\\ResourceTable.ts',
      ohmurl: '&entry/build/generated/r/ResourceTable&'
    }
  ],
  pkgNameToPkgBriefInfo: {
    '@ohos/hypium': {
      pkgRoot: 'D:\\SLE-ID\\slekey\\oh_modules\\.ohpm\\@ohos+hypium@1.0.19\\oh_modules\\@ohos\\hypium',
      pkgName: '@ohos/hypium',
      sourceRoots: undefined
    },
    entry: {
      pkgRoot: 'D:\\SLE-ID\\slekey\\entry',
      originalSourceRoots: undefined,
      sourceRoots: [Array],
      pkgName: 'entry'
    }
  },
  projectModel: {
    'D:\\SLE-ID\\slekey\\entry\\src\\main': {
      moduleName: 'entry',
      modulePkgPath: 'D:\\SLE-ID\\slekey\\entry',
      belongProjectPath: 'D:\\SLE-ID\\slekey'
    },
    'D:\\SLE-ID\\slekey\\entry': {
      moduleName: 'entry',
      modulePkgPath: 'D:\\SLE-ID\\slekey\\entry',
      belongProjectPath: 'D:\\SLE-ID\\slekey'
    },
    'D:\\SLE-ID\\slekey': {
      moduleName: 'slekey',
      modulePkgPath: 'D:\\SLE-ID\\slekey',
      belongProjectPath: 'D:\\SLE-ID\\slekey'
    }
  },
  pkgJsonFileHash: 'ec6406b50c1f0667f15176d21572c003d2c01d5ebca6edba903080a6bf4e4385',
  allModulePaths: [ 'D:\\SLE-ID\\slekey\\entry' ],
  routerMap: {},
  obfuscationOptions: undefined,
  byteCodeHarToDependencyKeys: undefined,
  compileBlockPkg: [],
  mockParams: {
    decorator: '@MockSetup',
    packageName: '@ohos/hamock',
    etsSourceRootPath: 'src/main/ets',
    mockConfigPath: undefined,
    mockConfigKey2ModuleInfo: {},
    source2ModuleIdMap: {}
  },
  copyCodeResourceEnable: true,
  copyCodeResourceExcludes: [],
  copyCodeResourceIncludes: undefined,
  uiTransformOptimization: false,
  sdkPath: 'C:/Program Files/Huawei/DevEco Studio/sdk',
  needPreloadSoFileSet: {},
  preloadSoFilePath: 'D:\\SLE-ID\\slekey\\entry\\build\\default\\intermediates\\preload\\default\\preload.json',
  useSourceHash: false,
  localModuleParamMap: {},
  otherPaths: {
    'entry/*': [
      '..\\*',
      '..\\..\\..\\build\\default\\generated\\profile\\default\\*'
    ]
  },
  collectImportersConfig: undefined
}
[2026-07-27T01:28:33.483] [DEBUG] debug-file - Compile arkts with external api path: C:\Program Files\Huawei\DevEco Studio\sdk\default\hms\ets
[2026-07-27T01:28:33.484] [DEBUG] debug-file - default@CompileArkTS work[0] is submitted.
[2026-07-27T01:28:33.485] [DEBUG] debug-file - default@CompileArkTS work[0] is pushed to ready queue.
[2026-07-27T01:28:33.485] [DEBUG] debug-file - A work dispatched to worker[23] failed because unable to get work from ready queue.
[2026-07-27T01:28:33.485] [DEBUG] debug-file - A work dispatched to worker[22] failed because unable to get work from ready queue.
[2026-07-27T01:28:33.485] [DEBUG] debug-file - A work dispatched to worker[21] failed because unable to get work from ready queue.
[2026-07-27T01:28:33.485] [DEBUG] debug-file - A work dispatched to worker[20] failed because unable to get work from ready queue.
[2026-07-27T01:28:33.485] [DEBUG] debug-file - A work dispatched to worker[19] failed because unable to get work from ready queue.
[2026-07-27T01:28:33.485] [DEBUG] debug-file - A work dispatched to worker[18] failed because unable to get work from ready queue.
[2026-07-27T01:28:33.485] [DEBUG] debug-file - A work dispatched to worker[17] failed because unable to get work from ready queue.
[2026-07-27T01:28:33.485] [DEBUG] debug-file - A work dispatched to worker[16] failed because unable to get work from ready queue.
[2026-07-27T01:28:33.485] [DEBUG] debug-file - A work dispatched to worker[15] failed because unable to get work from ready queue.
[2026-07-27T01:28:33.485] [DEBUG] debug-file - A work dispatched to worker[14] failed because unable to get work from ready queue.
[2026-07-27T01:28:33.485] [DEBUG] debug-file - A work dispatched to worker[13] failed because unable to get work from ready queue.
[2026-07-27T01:28:33.485] [DEBUG] debug-file - A work dispatched to worker[12] failed because unable to get work from ready queue.
[2026-07-27T01:28:33.485] [DEBUG] debug-file - A work dispatched to worker[11] failed because unable to get work from ready queue.
[2026-07-27T01:28:33.485] [DEBUG] debug-file - A work dispatched to worker[10] failed because unable to get work from ready queue.
[2026-07-27T01:28:33.485] [DEBUG] debug-file - A work dispatched to worker[9] failed because unable to get work from ready queue.
[2026-07-27T01:28:33.485] [DEBUG] debug-file - A work dispatched to worker[8] failed because unable to get work from ready queue.
[2026-07-27T01:28:33.485] [DEBUG] debug-file - A work dispatched to worker[7] failed because unable to get work from ready queue.
[2026-07-27T01:28:33.485] [DEBUG] debug-file - A work dispatched to worker[6] failed because unable to get work from ready queue.
[2026-07-27T01:28:33.485] [DEBUG] debug-file - A work dispatched to worker[5] failed because unable to get work from ready queue.
[2026-07-27T01:28:33.485] [DEBUG] debug-file - Create  resident worker with id: 4.
[2026-07-27T01:28:33.486] [DEBUG] debug-file - default@CompileArkTS work[0] has been dispatched to worker[4].
[2026-07-27T01:28:33.486] [DEBUG] debug-file - default@CompileArkTS work[0] is dispatched.
[2026-07-27T01:28:33.486] [DEBUG] debug-file - CopyResources startTime: 138212769356400
[2026-07-27T01:28:33.486] [DEBUG] debug-file - default@CompileArkTS work[1] is submitted.
[2026-07-27T01:28:33.486] [DEBUG] debug-file - default@CompileArkTS work[1] is pushed to ready queue.
[2026-07-27T01:28:33.486] [DEBUG] debug-file - A work dispatched to worker[23] failed because unable to get work from ready queue.
[2026-07-27T01:28:33.486] [DEBUG] debug-file - Create  resident worker with id: 22.
[2026-07-27T01:28:33.487] [DEBUG] debug-file - default@CompileArkTS work[1] has been dispatched to worker[22].
[2026-07-27T01:28:33.487] [DEBUG] debug-file - default@CompileArkTS work[1] is dispatched.
[2026-07-27T01:28:33.487] [DEBUG] debug-file - entry : default@CompileArkTS cost memory 1.9398727416992188
[2026-07-27T01:28:33.488] [DEBUG] debug-file - Executing task :entry:default@BuildJS
[2026-07-27T01:28:33.489] [DEBUG] debug-file - Task 'entry:default@BuildJS' cost while wrapping incremental declarations: 1 ms 
[2026-07-27T01:28:33.490] [DEBUG] debug-file - entry : default@BuildJS cost memory 0.11878204345703125
[2026-07-27T01:28:33.490] [DEBUG] debug-file - runTaskFromQueue task cost before running: 1 s 329 ms 
[2026-07-27T01:28:33.490] [INFO] debug-file - Finished :entry:default@BuildJS... after 2 ms 
[2026-07-27T01:28:33.491] [DEBUG] debug-file - Executing task :entry:default@CacheNativeLibs
[2026-07-27T01:28:33.491] [DEBUG] debug-file - File: 'D:\SLE-ID\slekey\entry\build\default\intermediates\binxo\default' from 'cacheBinxoNativeLibs' is not exists, just ignore.
[2026-07-27T01:28:33.491] [DEBUG] debug-file - Task 'entry:default@CacheNativeLibs' cost while wrapping incremental declarations: 1 ms 
[2026-07-27T01:28:33.492] [DEBUG] debug-file - Incremental task entry:default@CacheNativeLibs pre-execution cost: 1 ms .
[2026-07-27T01:28:33.492] [DEBUG] debug-file - entry : default@CacheNativeLibs cost memory 0.09218597412109375
[2026-07-27T01:28:33.492] [INFO] debug-file - UP-TO-DATE :entry:default@CacheNativeLibs...  
[2026-07-27T01:28:33.931] [DEBUG] debug-file - worker[22] has one work done.
[2026-07-27T01:28:33.931] [DEBUG] debug-file - CopyResources is end, endTime: 138213214024300
[2026-07-27T01:28:33.931] [DEBUG] debug-file - default@CompileArkTS work[1] done.
[2026-07-27T01:28:33.931] [DEBUG] debug-file - A work dispatched to worker[22] failed because unable to get work from ready queue.
[2026-07-27T01:28:37.742] [DEBUG] debug-file - worker[4] has one work done.
[2026-07-27T01:28:37.742] [DEBUG] debug-file - Ark compile task finished.finished time is 138217025064400
[2026-07-27T01:28:37.743] [DEBUG] debug-file - default@CompileArkTS work[0] done.
[2026-07-27T01:28:37.743] [DEBUG] debug-file - A work dispatched to worker[4] failed because unable to get work from ready queue.
[2026-07-27T01:28:37.744] [INFO] debug-file - Finished :entry:default@CompileArkTS... after 3 s 210 ms 
[2026-07-27T01:28:37.745] [DEBUG] debug-file - Executing task :entry:default@GeneratePkgModuleJson
[2026-07-27T01:28:37.745] [DEBUG] debug-file - File: 'D:\SLE-ID\slekey\entry\build\default\intermediates\preload\default\preload.json' from 'preloadSoJsonPath' is not exists, just ignore.
[2026-07-27T01:28:37.746] [DEBUG] debug-file - Error occurs while handling @Input 'shouldDeduplicateHar': The "data" argument must be of type string or an instance of Buffer, TypedArray, or DataView. Received undefined
[2026-07-27T01:28:37.746] [DEBUG] debug-file - Task 'entry:default@GeneratePkgModuleJson' cost while wrapping incremental declarations: 1 ms 
[2026-07-27T01:28:37.746] [DEBUG] debug-file - Incremental task entry:default@GeneratePkgModuleJson pre-execution cost: 1 ms .
[2026-07-27T01:28:37.746] [DEBUG] debug-file - entry : default@GeneratePkgModuleJson cost memory 0.09735870361328125
[2026-07-27T01:28:37.746] [INFO] debug-file - UP-TO-DATE :entry:default@GeneratePkgModuleJson...  
[2026-07-27T01:28:37.747] [DEBUG] debug-file - Executing task :entry:default@ProcessCompiledResources
[2026-07-27T01:28:37.747] [DEBUG] debug-file - File: 'D:\SLE-ID\slekey\entry\build\default\intermediates\preload\default\preload.json' from 'preloadSoJsonPath' is not exists, just ignore.
[2026-07-27T01:28:37.747] [DEBUG] debug-file - Task 'entry:default@ProcessCompiledResources' cost while wrapping incremental declarations: 1 ms 
[2026-07-27T01:28:37.747] [DEBUG] debug-file - entry : default@ProcessCompiledResources cost memory 0.05294036865234375
[2026-07-27T01:28:37.747] [DEBUG] debug-file - runTaskFromQueue task cost before running: 5 s 587 ms 
[2026-07-27T01:28:37.748] [INFO] debug-file - Finished :entry:default@ProcessCompiledResources... after 1 ms 
[2026-07-27T01:28:37.749] [DEBUG] debug-file - Executing task :entry:default@PackageHap
[2026-07-27T01:28:37.751] [DEBUG] debug-file - entry:default@PackageHap is not up-to-date, since the input file 'D:\SLE-ID\slekey\entry\build\default\intermediates\loader_out\default\ets' has been changed.
[2026-07-27T01:28:37.751] [DEBUG] debug-file - Incremental task entry:default@PackageHap pre-execution cost: 2 ms .
[2026-07-27T01:28:37.752] [DEBUG] debug-file - Use tool [C:\Program Files\Huawei\DevEco Studio\sdk\default\openharmony\toolchains\lib\app_packing_tool.jar]
 [
  'java',
  '-Dfile.encoding=GBK',
  '-jar',
  'C:\\Program Files\\Huawei\\DevEco Studio\\sdk\\default\\openharmony\\toolchains\\lib\\app_packing_tool.jar',
  '--mode',
  'hap',
  '--force',
  'true',
  '--lib-path',
  'D:\\SLE-ID\\slekey\\entry\\build\\default\\intermediates\\stripped_native_libs\\default',
  '--json-path',
  'D:\\SLE-ID\\slekey\\entry\\build\\default\\intermediates\\package\\default\\module.json',
  '--resources-path',
  'D:\\SLE-ID\\slekey\\entry\\build\\default\\intermediates\\res\\default\\resources',
  '--index-path',
  'D:\\SLE-ID\\slekey\\entry\\build\\default\\intermediates\\res\\default\\resources.index',
  '--pack-info-path',
  'D:\\SLE-ID\\slekey\\entry\\build\\default\\outputs\\default\\pack.info',
  '--out-path',
  'D:\\SLE-ID\\slekey\\entry\\build\\default\\outputs\\default\\entry-default-unsigned.hap',
  '--ets-path',
  'D:\\SLE-ID\\slekey\\entry\\build\\default\\intermediates\\loader_out\\default\\ets',
  '--pkg-context-path',
  'D:\\SLE-ID\\slekey\\entry\\build\\default\\intermediates\\loader\\default\\pkgContextInfo.json'
]
[2026-07-27T01:28:37.752] [DEBUG] debug-file - default@PackageHap work[2] is submitted.
[2026-07-27T01:28:37.752] [DEBUG] debug-file - default@PackageHap work[2] is pushed to ready queue.
[2026-07-27T01:28:37.752] [DEBUG] debug-file - A work dispatched to worker[23] failed because unable to get work from ready queue.
[2026-07-27T01:28:37.752] [DEBUG] debug-file - default@PackageHap work[2] has been dispatched to worker[22].
[2026-07-27T01:28:37.752] [DEBUG] debug-file - default@PackageHap work[2] is dispatched.
[2026-07-27T01:28:37.754] [DEBUG] debug-file - entry : default@PackageHap cost memory 0.44486236572265625
[2026-07-27T01:28:37.844] [DEBUG] debug-file - current process  memoryUsage: {
  rss: 786550784,
  heapTotal: 80293888,
  heapUsed: 54248104,
  external: 4176555,
  arrayBuffers: 22783
} os memoryUsage :13.850589752197266
[2026-07-27T01:28:38.220] [DEBUG] debug-file - worker[22] has one work done.
[2026-07-27T01:28:38.221] [DEBUG] debug-file - default@PackageHap work[2] done.
[2026-07-27T01:28:38.221] [DEBUG] debug-file - A work dispatched to worker[22] failed because unable to get work from ready queue.
[2026-07-27T01:28:38.221] [INFO] debug-file - Finished :entry:default@PackageHap... after 385 ms 
[2026-07-27T01:28:38.222] [DEBUG] debug-file - Executing task :entry:default@PackingCheck
[2026-07-27T01:28:38.225] [DEBUG] debug-file - entry : default@PackingCheck cost memory 0.505126953125
[2026-07-27T01:28:38.225] [DEBUG] debug-file - runTaskFromQueue task cost before running: 6 s 65 ms 
[2026-07-27T01:28:38.225] [INFO] debug-file - Finished :entry:default@PackingCheck... after 4 ms 
[2026-07-27T01:28:38.226] [DEBUG] debug-file - Executing task :entry:default@SignHap
[2026-07-27T01:28:38.227] [DEBUG] debug-file - entry:default@SignHap is not up-to-date, since the input file 'D:\SLE-ID\slekey\entry\build\default\outputs\default\entry-default-unsigned.hap' has been changed.
[2026-07-27T01:28:38.227] [DEBUG] debug-file - Incremental task entry:default@SignHap pre-execution cost: 1 ms .
[2026-07-27T01:28:38.254] [DEBUG] debug-file - java daemon socket received message:{"code":0,"message":"verify profile success"}
[2026-07-27T01:28:38.258] [DEBUG] debug-file - java daemon socket close code:1000 reason:close by user
[2026-07-27T01:28:38.324] [DEBUG] debug-file - java daemon socket received message:{"code":0,"message":"sign app success"}
[2026-07-27T01:28:38.324] [DEBUG] debug-file - entry : default@SignHap cost memory 0.96051025390625
[2026-07-27T01:28:38.324] [DEBUG] debug-file - runTaskFromQueue task cost before running: 6 s 163 ms 
[2026-07-27T01:28:38.325] [INFO] debug-file - Finished :entry:default@SignHap... after 98 ms 
[2026-07-27T01:28:38.325] [DEBUG] debug-file - Executing task :entry:default@CollectDebugSymbol
[2026-07-27T01:28:38.326] [DEBUG] debug-file - entry : default@CollectDebugSymbol cost memory 0.07498931884765625
[2026-07-27T01:28:38.326] [DEBUG] debug-file - runTaskFromQueue task cost before running: 6 s 165 ms 
[2026-07-27T01:28:38.326] [INFO] debug-file - Finished :entry:default@CollectDebugSymbol... after 1 ms 
[2026-07-27T01:28:38.326] [DEBUG] debug-file - Executing task :entry:assembleHap
[2026-07-27T01:28:38.326] [DEBUG] debug-file - entry : assembleHap cost memory 0.014678955078125
[2026-07-27T01:28:38.326] [DEBUG] debug-file - runTaskFromQueue task cost before running: 6 s 166 ms 
[2026-07-27T01:28:38.327] [INFO] debug-file - Finished :entry:assembleHap... after 1 ms 
[2026-07-27T01:28:38.327] [INFO] debug-file - BUILD SUCCESSFUL in 6 s 167 ms 
[2026-07-27T01:28:38.328] [DEBUG] debug-file - Update task entry:default@PreBuild input file:D:\SLE-ID\slekey\AppScope\app.json5 cache by regenerate.
[2026-07-27T01:28:38.328] [DEBUG] debug-file - Update task entry:default@PreBuild input file:D:\SLE-ID\slekey\entry\src\main\module.json5 cache by regenerate.
[2026-07-27T01:28:38.329] [DEBUG] debug-file - Update task entry:default@PreBuild input file:D:\SLE-ID\slekey\build-profile.json5 cache by regenerate.
[2026-07-27T01:28:38.329] [DEBUG] debug-file - Update task entry:default@PreBuild input file:D:\SLE-ID\slekey\entry\build-profile.json5 cache by regenerate.
[2026-07-27T01:28:38.329] [DEBUG] debug-file - Update task entry:default@PreBuild input file:D:\SLE-ID\slekey\entry\src\main\resources\base\profile\main_pages.json cache by regenerate.
[2026-07-27T01:28:38.329] [DEBUG] debug-file - Update task entry:default@PreBuild input file:D:\SLE-ID\slekey\hvigor\hvigor-config.json5 cache by regenerate.
[2026-07-27T01:28:38.329] [DEBUG] debug-file - Update task entry:default@PreBuild input file:D:\SLE-ID\slekey\entry\oh-package.json5 cache by regenerate.
[2026-07-27T01:28:38.329] [DEBUG] debug-file - Update task entry:default@PreBuild input file:D:\SLE-ID\slekey\oh-package.json5 cache by regenerate.
[2026-07-27T01:28:38.329] [DEBUG] debug-file - Incremental task entry:default@PreBuild post-execution cost:2 ms .
[2026-07-27T01:28:38.329] [DEBUG] debug-file - Update task entry:default@CreateModuleInfo output file:D:\SLE-ID\slekey\entry\build\default\generated\profile\default\ModuleInfo.ts cache.
[2026-07-27T01:28:38.329] [DEBUG] debug-file - Incremental task entry:default@CreateModuleInfo post-execution cost:1 ms .
[2026-07-27T01:28:38.329] [DEBUG] debug-file - There is no need to refresh cache, since the incremental task entry:default@GenerateMetadata is up-to-date.
[2026-07-27T01:28:38.329] [DEBUG] debug-file - There is no need to refresh cache, since the incremental task entry:default@MergeProfile is up-to-date.
[2026-07-27T01:28:38.329] [DEBUG] debug-file - There is no need to refresh cache, since the incremental task entry:default@CreateBuildProfile is up-to-date.
[2026-07-27T01:28:38.329] [DEBUG] debug-file - There is no need to refresh cache, since the incremental task entry:default@GeneratePkgContextInfo is up-to-date.
[2026-07-27T01:28:38.330] [DEBUG] debug-file - Update task entry:default@GeneratePkgSdkInfo output file:D:\SLE-ID\slekey\entry\build\default\intermediates\loader\default\pkgSdkInfo.json cache.
[2026-07-27T01:28:38.330] [DEBUG] debug-file - Incremental task entry:default@GeneratePkgSdkInfo post-execution cost:1 ms .
[2026-07-27T01:28:38.330] [DEBUG] debug-file - Update task entry:default@ProcessIntegratedHsp output file:D:\SLE-ID\slekey\build\cache\default\integrated_hsp\integratedHspCache.json cache.
[2026-07-27T01:28:38.330] [DEBUG] debug-file - Incremental task entry:default@ProcessIntegratedHsp post-execution cost:1 ms .
[2026-07-27T01:28:38.330] [DEBUG] debug-file - There is no need to refresh cache, since the incremental task entry:default@MakePackInfo is up-to-date.
[2026-07-27T01:28:38.330] [DEBUG] debug-file - Update task entry:default@SyscapTransform input file:C:\Program Files\Huawei\DevEco Studio\sdk\default\openharmony\toolchains\syscap_tool.exe cache by regenerate.
[2026-07-27T01:28:38.330] [DEBUG] debug-file - Update task entry:default@SyscapTransform input file:C:\Program Files\Huawei\DevEco Studio\sdk\default\openharmony\ets\api\device-define cache by regenerate.
[2026-07-27T01:28:38.330] [DEBUG] debug-file - Update task entry:default@SyscapTransform output file:D:\SLE-ID\slekey\entry\build\default\intermediates\syscap\default\rpcid.sc cache.
[2026-07-27T01:28:38.330] [DEBUG] debug-file - Incremental task entry:default@SyscapTransform post-execution cost:1 ms .
[2026-07-27T01:28:38.330] [DEBUG] debug-file - There is no need to refresh cache, since the incremental task entry:default@ProcessProfile is up-to-date.
[2026-07-27T01:28:38.330] [DEBUG] debug-file - There is no need to refresh cache, since the incremental task entry:default@ProcessRouterMap is up-to-date.
[2026-07-27T01:28:38.330] [DEBUG] debug-file - There is no need to refresh cache, since the incremental task entry:default@ProcessShareConfig is up-to-date.
[2026-07-27T01:28:38.331] [DEBUG] debug-file - Update task entry:default@ProcessStartupConfig input file:D:\SLE-ID\slekey\entry\build\default\intermediates\loader\default\pkgContextInfo.json cache by regenerate.
[2026-07-27T01:28:38.331] [DEBUG] debug-file - Update task entry:default@ProcessStartupConfig output file:D:\SLE-ID\slekey\entry\build\default\intermediates\startup\default\startup_config.json cache.
[2026-07-27T01:28:38.331] [DEBUG] debug-file - Incremental task entry:default@ProcessStartupConfig post-execution cost:1 ms .
[2026-07-27T01:28:38.331] [DEBUG] debug-file - There is no need to refresh cache, since the incremental task entry:default@ProcessResource is up-to-date.
[2026-07-27T01:28:38.331] [DEBUG] debug-file - There is no need to refresh cache, since the incremental task entry:default@GenerateLoaderJson is up-to-date.
[2026-07-27T01:28:38.331] [DEBUG] debug-file - There is no need to refresh cache, since the incremental task entry:default@ProcessLibs is up-to-date.
[2026-07-27T01:28:38.331] [DEBUG] debug-file - There is no need to refresh cache, since the incremental task entry:default@CompileResource is up-to-date.
[2026-07-27T01:28:38.331] [DEBUG] debug-file - There is no need to refresh cache, since the incremental task entry:default@DoNativeStrip is up-to-date.
[2026-07-27T01:28:38.331] [DEBUG] debug-file - Update task entry:default@CompileArkTS input file:D:\SLE-ID\slekey\entry\build\default\intermediates\loader\default cache by regenerate.
[2026-07-27T01:28:38.332] [DEBUG] debug-file - Update task entry:default@CompileArkTS input file:D:\SLE-ID\slekey\oh_modules\.ohpm\@ohos+hypium@1.0.19\oh_modules\@ohos\hypium\index.js cache by regenerate.
[2026-07-27T01:28:38.332] [DEBUG] debug-file - Update task entry:default@CompileArkTS input file:D:\SLE-ID\slekey\entry\build\default\intermediates\res\default\resources\rawfile cache by regenerate.
[2026-07-27T01:28:38.332] [DEBUG] debug-file - Update task entry:default@CompileArkTS input file:D:\SLE-ID\slekey\entry\build\default\intermediates\res\default\ResourceTable.txt cache by regenerate.
[2026-07-27T01:28:38.332] [DEBUG] debug-file - Update task entry:default@CompileArkTS input file:D:\SLE-ID\slekey\entry\build\default\intermediates\res\default\ark_module.json cache by regenerate.
[2026-07-27T01:28:38.332] [DEBUG] debug-file - Update task entry:default@CompileArkTS input file:D:\SLE-ID\slekey\entry\build\default\intermediates\res\default\resources\base\profile cache by regenerate.
[2026-07-27T01:28:38.332] [DEBUG] debug-file - Update task entry:default@CompileArkTS input file:D:\SLE-ID\slekey\entry\src\main\ets cache from map.
[2026-07-27T01:28:38.332] [DEBUG] debug-file - Update task entry:default@CompileArkTS input file:D:\SLE-ID\slekey\entry\build\default\intermediates\loader\default\pkgContextInfo.json cache by regenerate.
[2026-07-27T01:28:38.332] [DEBUG] debug-file - Update task entry:default@CompileArkTS input file:D:\SLE-ID\slekey\entry\build\default\generated\profile\default\BuildProfile.ets cache by regenerate.
[2026-07-27T01:28:38.332] [DEBUG] debug-file - Update task entry:default@CompileArkTS output file:D:\SLE-ID\slekey\entry\build\default\intermediates\loader_out\default\ets cache.
[2026-07-27T01:28:38.333] [DEBUG] debug-file - Incremental task entry:default@CompileArkTS post-execution cost:2 ms .
[2026-07-27T01:28:38.333] [DEBUG] debug-file - Update task entry:default@BuildJS input file:D:\SLE-ID\slekey\entry\build\default\intermediates\loader\default cache by regenerate.
[2026-07-27T01:28:38.333] [DEBUG] debug-file - Update task entry:default@BuildJS input file:D:\SLE-ID\slekey\oh_modules\.ohpm\@ohos+hypium@1.0.19\oh_modules\@ohos\hypium\index.js cache by regenerate.
[2026-07-27T01:28:38.333] [DEBUG] debug-file - Update task entry:default@BuildJS input file:D:\SLE-ID\slekey\entry\build\default\intermediates\res\default\resources\rawfile cache by regenerate.
[2026-07-27T01:28:38.334] [DEBUG] debug-file - Update task entry:default@BuildJS input file:D:\SLE-ID\slekey\entry\build\default\intermediates\res\default\ResourceTable.txt cache by regenerate.
[2026-07-27T01:28:38.334] [DEBUG] debug-file - Update task entry:default@BuildJS input file:D:\SLE-ID\slekey\entry\build\default\intermediates\res\default\ark_module.json cache by regenerate.
[2026-07-27T01:28:38.334] [DEBUG] debug-file - Update task entry:default@BuildJS input file:D:\SLE-ID\slekey\entry\build\default\intermediates\res\default\resources\base\profile cache by regenerate.
[2026-07-27T01:28:38.334] [DEBUG] debug-file - Update task entry:default@BuildJS input file:D:\SLE-ID\slekey\entry\build\default\intermediates\loader\default\pkgContextInfo.json cache by regenerate.
[2026-07-27T01:28:38.334] [DEBUG] debug-file - Update task entry:default@BuildJS output file:D:\SLE-ID\slekey\entry\build\default\intermediates\loader_out\default\js cache.
[2026-07-27T01:28:38.334] [DEBUG] debug-file - Incremental task entry:default@BuildJS post-execution cost:2 ms .
[2026-07-27T01:28:38.334] [DEBUG] debug-file - There is no need to refresh cache, since the incremental task entry:default@CacheNativeLibs is up-to-date.
[2026-07-27T01:28:38.334] [DEBUG] debug-file - There is no need to refresh cache, since the incremental task entry:default@GeneratePkgModuleJson is up-to-date.
[2026-07-27T01:28:38.334] [DEBUG] debug-file - Incremental task entry:default@ProcessCompiledResources post-execution cost:1 ms .
[2026-07-27T01:28:38.334] [DEBUG] debug-file - Update task entry:default@PackageHap input file:D:\SLE-ID\slekey\entry\build\default\intermediates\stripped_native_libs\default cache by regenerate.
[2026-07-27T01:28:38.334] [DEBUG] debug-file - Update task entry:default@PackageHap input file:D:\SLE-ID\slekey\entry\build\default\intermediates\res\default\module.json cache by regenerate.
[2026-07-27T01:28:38.334] [DEBUG] debug-file - Update task entry:default@PackageHap input file:D:\SLE-ID\slekey\entry\build\default\intermediates\res\default\resources cache by regenerate.
[2026-07-27T01:28:38.335] [DEBUG] debug-file - Update task entry:default@PackageHap input file:D:\SLE-ID\slekey\entry\build\default\intermediates\res\default\resources.index cache by regenerate.
[2026-07-27T01:28:38.335] [DEBUG] debug-file - Update task entry:default@PackageHap input file:D:\SLE-ID\slekey\entry\build\default\outputs\default\pack.info cache by regenerate.
[2026-07-27T01:28:38.335] [DEBUG] debug-file - Update task entry:default@PackageHap input file:D:\SLE-ID\slekey\entry\build\default\intermediates\loader_out\default\ets cache from map.
[2026-07-27T01:28:38.335] [DEBUG] debug-file - Update task entry:default@PackageHap input file:D:\SLE-ID\slekey\entry\build\default\intermediates\loader\default\pkgContextInfo.json cache by regenerate.
[2026-07-27T01:28:38.335] [DEBUG] debug-file - Update task entry:default@PackageHap input file:D:\SLE-ID\slekey\entry\build\default\intermediates\loader_out\default\ets\sourceMaps.map cache by regenerate.
[2026-07-27T01:28:38.335] [DEBUG] debug-file - Update task entry:default@PackageHap input file:D:\SLE-ID\slekey\entry\build\default\generated\profile\default\BuildProfile.ets cache by regenerate.
[2026-07-27T01:28:38.335] [DEBUG] debug-file - Update task entry:default@PackageHap output file:D:\SLE-ID\slekey\entry\build\default\outputs\default\entry-default-unsigned.hap cache.
[2026-07-27T01:28:38.335] [DEBUG] debug-file - Update task entry:default@PackageHap output file:D:\SLE-ID\slekey\entry\build\default\intermediates\source_map\default\sourceMaps.map cache.
[2026-07-27T01:28:38.335] [DEBUG] debug-file - Update task entry:default@PackageHap output file:D:\SLE-ID\slekey\entry\build\default\outputs\default\mapping\sourceMaps.map cache.
[2026-07-27T01:28:38.335] [DEBUG] debug-file - Incremental task entry:default@PackageHap post-execution cost:2 ms .
[2026-07-27T01:28:38.335] [DEBUG] debug-file - Update task entry:default@SignHap input file:C:\Users\32569\.ohos\config\default_slekey_UdSWNgKqYUi41KW_P95ww1Ca7HcZmrBKmrk2w4ao7DE=.cer cache by regenerate.
[2026-07-27T01:28:38.336] [DEBUG] debug-file - Update task entry:default@SignHap input file:C:\Users\32569\.ohos\config\default_slekey_UdSWNgKqYUi41KW_P95ww1Ca7HcZmrBKmrk2w4ao7DE=.p7b cache by regenerate.
[2026-07-27T01:28:38.336] [DEBUG] debug-file - Update task entry:default@SignHap input file:C:\Users\32569\.ohos\config\default_slekey_UdSWNgKqYUi41KW_P95ww1Ca7HcZmrBKmrk2w4ao7DE=.p12 cache by regenerate.
[2026-07-27T01:28:38.336] [DEBUG] debug-file - Update task entry:default@SignHap input file:D:\SLE-ID\slekey\entry\build\default\outputs\default\entry-default-unsigned.hap cache from map.
[2026-07-27T01:28:38.336] [DEBUG] debug-file - Update task entry:default@SignHap output file:D:\SLE-ID\slekey\entry\build\default\outputs\default\entry-default-signed.hap cache.
[2026-07-27T01:28:38.336] [DEBUG] debug-file - Incremental task entry:default@SignHap post-execution cost:1 ms .
[2026-07-27T01:28:38.336] [DEBUG] debug-file - Update task entry:default@CollectDebugSymbol input file:D:\SLE-ID\slekey\entry\build\default\intermediates\loader_out\default\ets\sourceMaps.map cache by regenerate.
[2026-07-27T01:28:38.336] [DEBUG] debug-file - Update task entry:default@CollectDebugSymbol input file:D:\SLE-ID\slekey\entry\build\default\intermediates\libs\default cache by regenerate.
[2026-07-27T01:28:38.336] [DEBUG] debug-file - Update task entry:default@CollectDebugSymbol output file:D:\SLE-ID\slekey\entry\build\default\outputs\default\symbol cache.
[2026-07-27T01:28:38.336] [DEBUG] debug-file - Incremental task entry:default@CollectDebugSymbol post-execution cost:1 ms .
[2026-07-27T01:28:38.346] [DEBUG] debug-file - Cleanup worker 0.
[2026-07-27T01:28:38.347] [DEBUG] debug-file - Worker 0 has been cleaned up.
[2026-07-27T01:28:38.347] [DEBUG] debug-file - Current idle worker size: 3.
[2026-07-27T01:28:38.347] [DEBUG] debug-file - Current resident worker size: 4.
[2026-07-27T01:28:38.347] [DEBUG] debug-file - Cleanup worker 1.
[2026-07-27T01:28:38.347] [DEBUG] debug-file - Worker 1 has been cleaned up.
[2026-07-27T01:28:38.347] [DEBUG] debug-file - Current idle worker size: 2.
[2026-07-27T01:28:38.347] [DEBUG] debug-file - Current resident worker size: 4.
[2026-07-27T01:28:38.347] [DEBUG] debug-file - Cleanup worker 22.
[2026-07-27T01:28:38.347] [DEBUG] debug-file - Worker 22 has been cleaned up.
[2026-07-27T01:28:38.347] [DEBUG] debug-file - Current idle worker size: 1.
[2026-07-27T01:28:38.347] [DEBUG] debug-file - Current resident worker size: 4.
[2026-07-27T01:28:38.348] [DEBUG] debug-file - session manager: send message to worker process.
[2026-07-27T01:28:38.348] [DEBUG] debug-file - session manager: send message to worker process.
[2026-07-27T01:28:38.349] [DEBUG] debug-file - hvigor build process will be closed.
[2026-07-27T01:28:38.349] [DEBUG] debug-file - java daemon socket close code:1000 reason:close by user
[2026-07-27T01:28:38.350] [DEBUG] debug-file - worker[1] exits with exit code 1.
[2026-07-27T01:28:38.351] [DEBUG] debug-file - worker[0] exits with exit code 1.
[2026-07-27T01:28:38.351] [DEBUG] debug-file - watch worker: worker id should be larger than 0. Nothing will be sent to any worker thread.
[2026-07-27T01:28:38.351] [DEBUG] debug-file - watch worker: worker id should be larger than 0. Nothing will be sent to any worker thread.
[2026-07-27T01:28:38.352] [DEBUG] debug-file - worker[22] exits with exit code 1.
[2026-07-27T01:28:52.222] [DEBUG] debug-file - env: nodejsVersion=v18.20.1
[2026-07-27T01:28:52.304] [DEBUG] debug-file - env: daemon=true
[2026-07-27T01:28:52.223] [DEBUG] debug-file - env: hvigor-config.json5 content = {
  modelVersion: '5.0.0',
  dependencies: {},
  execution: {},
  logging: {},
  debugging: {},
  nodeOptions: {}
}
[2026-07-27T01:28:52.939] [DEBUG] debug-file - hvigor java daemon: Starting java daemon. jvmXmxValue=512m, jarPath=C:\Program Files\Huawei\DevEco Studio\tools\hvigor\hvigor\lib\hvigor-java-daemon.jar
[2026-07-27T01:28:52.939] [DEBUG] debug-file - hvigor java daemon: Read cache file, 
    port=45050, pid=15400, sessionId exists=true
[2026-07-27T01:28:52.959] [DEBUG] debug-file - hvigor java daemon: tryConnect success
[2026-07-27T01:28:52.984] [DEBUG] debug-file - session manager: set active socket. socketId=wCcvrZLh0-J4JGAdAAAB
[2026-07-27T01:28:53.551] [DEBUG] debug-file - watch worker: worker id should be larger than 0. Nothing will be sent to any worker thread.
[2026-07-27T01:28:53.553] [DEBUG] debug-file - Since there is no instance or instance is terminated, create a new worker pool.
[2026-07-27T01:28:53.554] [DEBUG] debug-file - Worker pool is initialized with config:  {
  minPoolNum: 2,
  maxPoolNum: undefined,
  maxCoreSize: undefined,
  cacheCapacity: undefined,
  cacheTtl: undefined
}
[2026-07-27T01:28:53.554] [DEBUG] debug-file - Create  resident worker with id: 0.
[2026-07-27T01:28:53.556] [DEBUG] debug-file - Create  resident worker with id: 1.
[2026-07-27T01:28:53.557] [DEBUG] debug-file - Workers' log level updated to INFO
[2026-07-27T01:28:53.564] [DEBUG] debug-file - Hvigor init with startParameters:{
  hvigorfileTypeCheck: false,
  parallelExecution: true,
  incrementalExecution: true,
  printStackTrace: false,
  daemon: true,
  analyze: 0,
  logLevel: Level { level: 20000, levelStr: 'INFO', colour: 'green' },
  optimizationStrategy: 'memory',
  hotCompile: undefined,
  hotReloadBuild: undefined,
  customizedParam: undefined
}
[2026-07-27T01:28:53.570] [DEBUG] debug-file - Cache service initialization finished in 6 ms 
[2026-07-27T01:28:53.572] [DEBUG] debug-file - hvigorfile, resolving D:\SLE-ID\slekey\hvigorfile.ts
[2026-07-27T01:28:54.850] [DEBUG] debug-file - hvigorfile, require result:  { default: { plugins: [] } }
[2026-07-27T01:28:54.850] [DEBUG] debug-file - hvigorfile, binding system plugins null
[2026-07-27T01:28:54.851] [DEBUG] debug-file - Starting plugin build process
[2026-07-27T01:28:54.851] [DEBUG] debug-file - App plugin prepare start...
[2026-07-27T01:28:54.851] [DEBUG] debug-file - App plugin prepare end...
[2026-07-27T01:28:54.851] [DEBUG] debug-file - App plugin creating...
[2026-07-27T01:28:54.985] [DEBUG] debug-file - App plugin register hook start...
[2026-07-27T01:28:54.986] [DEBUG] debug-file - App plugin register hook end...
[2026-07-27T01:28:54.986] [DEBUG] debug-file - Plugin build process completed
[2026-07-27T01:28:54.987] [DEBUG] debug-file - Start initialize project's product build option map with build mode debug.
[2026-07-27T01:28:54.987] [DEBUG] debug-file - Picking option from product 'default' with build mode 'debug'.
[2026-07-27T01:28:54.987] [DEBUG] debug-file - Product 'default' build option initialized
[2026-07-27T01:28:54.987] [DEBUG] debug-file - End initialize project's product build option map with build mode 'debug'.
[2026-07-27T01:28:54.989] [DEBUG] debug-file - Obtain build option for product 'default'in this build.
[2026-07-27T01:28:54.990] [DEBUG] debug-file - D:\SLE-ID\slekey\build\cache\default\remote_hsp\remoteHspCache.json not exists.
[2026-07-27T01:28:54.991] [DEBUG] debug-file - Local scan or download HarmonyOS sdk components toolchains,ets,js,native,previewer
[2026-07-27T01:28:54.993] [DEBUG] debug-file - Local scan or download hmscore sdk components toolchains,ets,native
[2026-07-27T01:28:54.995] [DEBUG] debug-file - Start recording SDK configuration permission data.
[2026-07-27T01:28:55.019] [DEBUG] debug-file - Sdk init in 28 ms 
[2026-07-27T01:28:55.024] [DEBUG] debug-file - Project task initialization takes 5 ms 
[2026-07-27T01:28:55.024] [DEBUG] debug-file - hvigorfile, begin to bind custom plugins...
[2026-07-27T01:28:55.024] [DEBUG] debug-file - hvigorfile, no custom plugins were found in D:\SLE-ID\slekey\hvigorfile.ts
[2026-07-27T01:28:55.024] [DEBUG] debug-file - hvigorfile, resolve finished D:\SLE-ID\slekey\hvigorfile.ts
[2026-07-27T01:28:55.025] [DEBUG] debug-file - hvigorfile, resolving D:\SLE-ID\slekey\entry\hvigorfile.ts
[2026-07-27T01:28:55.028] [DEBUG] debug-file - hvigorfile, require result:  { default: { plugins: [] } }
[2026-07-27T01:28:55.028] [DEBUG] debug-file - hvigorfile, binding system plugins null
[2026-07-27T01:28:55.028] [DEBUG] debug-file - Starting plugin build process
[2026-07-27T01:28:55.028] [DEBUG] debug-file - Hap plugin creating...
[2026-07-27T01:28:55.029] [DEBUG] debug-file - failed to load cangjie to dynamically generate schemas: Error: Cannot find module '@ohos/cangjie-build-support/index'
Require stack:
- C:\Program Files\Huawei\DevEco Studio\tools\hvigor\hvigor-ohos-plugin\src\plugin\hooks\cangjie-register.js
- C:\Program Files\Huawei\DevEco Studio\tools\hvigor\hvigor-ohos-plugin\src\plugin\strategy\stage-init-strategy.js
- C:\Program Files\Huawei\DevEco Studio\tools\hvigor\hvigor-ohos-plugin\src\plugin\builder\abstract-plugin-builder.js
- C:\Program Files\Huawei\DevEco Studio\tools\hvigor\hvigor-ohos-plugin\src\plugin\builder\app-plugin-builder.js
- C:\Program Files\Huawei\DevEco Studio\tools\hvigor\hvigor-ohos-plugin\src\plugin\factory\plugin-factory.js
- C:\Program Files\Huawei\DevEco Studio\tools\hvigor\hvigor-ohos-plugin\index.js
- D:\SLE-ID\slekey\hvigorfile.ts
- C:\Program Files\Huawei\DevEco Studio\tools\hvigor\hvigor\src\base\internal\lifecycle\configuration.js
- C:\Program Files\Huawei\DevEco Studio\tools\hvigor\hvigor\src\base\boot\index.js
- C:\Program Files\Huawei\DevEco Studio\tools\hvigor\hvigor\src\base\daemon\cluster\worker-process-lifecycle.js
- C:\Program Files\Huawei\DevEco Studio\tools\hvigor\hvigor\src\base\daemon\process\daemon-process-boot-script.js
[2026-07-27T01:28:55.039] [DEBUG] debug-file - Start initialize module-target build option map, moduleName=entry, buildMode=debug
[2026-07-27T01:28:55.039] [DEBUG] debug-file - Target 'default' config initialized
[2026-07-27T01:28:55.040] [DEBUG] debug-file - Module 'entry' target 'default' build option initialized
[2026-07-27T01:28:55.040] [DEBUG] debug-file - End initialize module-target build option map, moduleName=entry
[2026-07-27T01:28:55.040] [DEBUG] debug-file - Start initialize module-target build option map, moduleName=entry, buildMode=release
[2026-07-27T01:28:55.040] [DEBUG] debug-file - Target 'default' config initialized
[2026-07-27T01:28:55.040] [DEBUG] debug-file - Module 'entry' target 'default' build option initialized
[2026-07-27T01:28:55.040] [DEBUG] debug-file - End initialize module-target build option map, moduleName=entry
[2026-07-27T01:28:55.041] [DEBUG] debug-file - Start initialize module-target build option map, moduleName=entry, buildMode=debug
[2026-07-27T01:28:55.041] [DEBUG] debug-file - Target 'default' config initialized
[2026-07-27T01:28:55.041] [DEBUG] debug-file - Module 'entry' target 'default' build option initialized
[2026-07-27T01:28:55.041] [DEBUG] debug-file - End initialize module-target build option map, moduleName=entry
[2026-07-27T01:28:55.041] [DEBUG] debug-file - Obtain build option for module 'entry' target 'default'in this build.
[2026-07-27T01:28:55.045] [DEBUG] debug-file - Module entry task initialization takes 3 ms 
[2026-07-27T01:28:55.045] [DEBUG] debug-file - Hap plugin register hook start...
[2026-07-27T01:28:55.045] [DEBUG] debug-file - Hap plugin register hook end...
[2026-07-27T01:28:55.045] [DEBUG] debug-file - Plugin build process completed
[2026-07-27T01:28:55.045] [DEBUG] debug-file - hvigorfile, begin to bind custom plugins...
[2026-07-27T01:28:55.045] [DEBUG] debug-file - hvigorfile, no custom plugins were found in D:\SLE-ID\slekey\entry\hvigorfile.ts
[2026-07-27T01:28:55.045] [DEBUG] debug-file - hvigorfile, resolve finished D:\SLE-ID\slekey\entry\hvigorfile.ts
[2026-07-27T01:28:55.090] [DEBUG] debug-file - hvigorfile, resolve hvigorfile dependencies in 45 ms 
[2026-07-27T01:28:55.090] [DEBUG] debug-file - project has submodules:entry
[2026-07-27T01:28:55.092] [DEBUG] debug-file - start to load updatedOhPackageInfo to the disk
[2026-07-27T01:28:55.093] [DEBUG] debug-file - load to the disk finished
[2026-07-27T01:28:55.093] [DEBUG] debug-file - Start to initialize dependency information.
[2026-07-27T01:28:55.097] [DEBUG] debug-file - Module slekey Collected Dependency: D:\SLE-ID\slekey\oh_modules\.ohpm\@ohos+hypium@1.0.19\oh_modules\@ohos\hypium
[2026-07-27T01:28:55.097] [DEBUG] debug-file - Module slekey's total dependency: 1
[2026-07-27T01:28:55.098] [DEBUG] debug-file - Start to initialize dependency information.
[2026-07-27T01:28:55.100] [DEBUG] debug-file - Module entry Collected Dependency: D:\SLE-ID\slekey\oh_modules\.ohpm\@ohos+hypium@1.0.19\oh_modules\@ohos\hypium
[2026-07-27T01:28:55.100] [DEBUG] debug-file - Module entry's total dependency: 1
[2026-07-27T01:28:55.102] [DEBUG] debug-file - Configuration phase cost:1 s 532 ms 
[2026-07-27T01:28:55.104] [DEBUG] debug-file - Configuration task cost before running: 1 s 546 ms 
[2026-07-27T01:28:55.107] [DEBUG] debug-file - Executing task :entry:default@PreBuild
[2026-07-27T01:28:55.109] [DEBUG] debug-file - Task 'entry:default@PreBuild' cost while wrapping incremental declarations: 1 ms 
[2026-07-27T01:28:55.114] [DEBUG] debug-file - entry:default@PreBuild is not up-to-date, since the task snapshots are different.
[2026-07-27T01:28:55.114] [DEBUG] debug-file - Incremental task entry:default@PreBuild pre-execution cost: 4 ms .
[2026-07-27T01:28:55.197] [DEBUG] debug-file - current product is not Atomic service.
[2026-07-27T01:28:55.197] [DEBUG] debug-file - Use tool [win32: JAVA_HOME, CLASSPATH]
 [
  { JAVA_HOME: 'C:\\Program Files\\Huawei\\DevEco Studio\\jbr' },
  { CLASSPATH: undefined }
]
[2026-07-27T01:28:55.197] [DEBUG] debug-file - Use tool [win32: NODE_HOME]
 [
  {
    NODE_HOME: 'C:\\Program Files\\Huawei\\DevEco Studio\\tools\\node'
  }
]
[2026-07-27T01:28:55.198] [DEBUG] debug-file - entry : default@PreBuild cost memory 13.694046020507812
[2026-07-27T01:28:55.198] [DEBUG] debug-file - runTaskFromQueue task cost before running: 1 s 641 ms 
[2026-07-27T01:28:55.199] [INFO] debug-file - Finished :entry:default@PreBuild... after 91 ms 
[2026-07-27T01:28:55.200] [DEBUG] debug-file - Executing task :entry:default@CreateModuleInfo
[2026-07-27T01:28:55.200] [DEBUG] debug-file - Task 'entry:default@CreateModuleInfo' cost while wrapping incremental declarations: 1 ms 
[2026-07-27T01:28:55.201] [DEBUG] debug-file - entry : default@CreateModuleInfo cost memory 0.04222869873046875
[2026-07-27T01:28:55.201] [DEBUG] debug-file - runTaskFromQueue task cost before running: 1 s 643 ms 
[2026-07-27T01:28:55.201] [INFO] debug-file - Finished :entry:default@CreateModuleInfo... after 1 ms 
[2026-07-27T01:28:55.203] [DEBUG] debug-file - Executing task :entry:default@GenerateMetadata
[2026-07-27T01:28:55.203] [DEBUG] debug-file - Task 'entry:default@GenerateMetadata' cost while wrapping incremental declarations: 1 ms 
[2026-07-27T01:28:55.204] [DEBUG] debug-file - Incremental task entry:default@GenerateMetadata pre-execution cost: 1 ms .
[2026-07-27T01:28:55.204] [DEBUG] debug-file - entry : default@GenerateMetadata cost memory 0.0878143310546875
[2026-07-27T01:28:55.205] [INFO] debug-file - UP-TO-DATE :entry:default@GenerateMetadata...  
[2026-07-27T01:28:55.205] [DEBUG] debug-file - Executing task :entry:default@ConfigureCmake
[2026-07-27T01:28:55.206] [DEBUG] debug-file - entry : default@ConfigureCmake cost memory 0.014556884765625
[2026-07-27T01:28:55.206] [DEBUG] debug-file - runTaskFromQueue task cost before running: 1 s 648 ms 
[2026-07-27T01:28:55.206] [INFO] debug-file - Finished :entry:default@ConfigureCmake... after 1 ms 
[2026-07-27T01:28:55.207] [DEBUG] debug-file - Executing task :entry:default@MergeProfile
[2026-07-27T01:28:55.207] [DEBUG] debug-file - Task 'entry:default@MergeProfile' cost while wrapping incremental declarations: 1 ms 
[2026-07-27T01:28:55.208] [DEBUG] debug-file - Incremental task entry:default@MergeProfile pre-execution cost: 2 ms .
[2026-07-27T01:28:55.209] [DEBUG] debug-file - entry : default@MergeProfile cost memory 0.39281463623046875
[2026-07-27T01:28:55.209] [INFO] debug-file - UP-TO-DATE :entry:default@MergeProfile...  
[2026-07-27T01:28:55.209] [DEBUG] debug-file - Executing task :entry:default@CreateBuildProfile
[2026-07-27T01:28:55.210] [DEBUG] debug-file - Task 'entry:default@CreateBuildProfile' cost while wrapping incremental declarations: 1 ms 
[2026-07-27T01:28:55.210] [DEBUG] debug-file - Incremental task entry:default@CreateBuildProfile pre-execution cost: 1 ms .
[2026-07-27T01:28:55.211] [DEBUG] debug-file - entry : default@CreateBuildProfile cost memory 0.104217529296875
[2026-07-27T01:28:55.211] [INFO] debug-file - UP-TO-DATE :entry:default@CreateBuildProfile...  
[2026-07-27T01:28:55.211] [DEBUG] debug-file - Executing task :entry:default@PreCheckSyscap
[2026-07-27T01:28:55.211] [DEBUG] debug-file - entry : default@PreCheckSyscap cost memory 0.01479339599609375
[2026-07-27T01:28:55.211] [DEBUG] debug-file - runTaskFromQueue task cost before running: 1 s 654 ms 
[2026-07-27T01:28:55.212] [INFO] debug-file - Finished :entry:default@PreCheckSyscap... after 1 ms 
[2026-07-27T01:28:55.212] [DEBUG] debug-file - Executing task :entry:default@GeneratePkgContextInfo
[2026-07-27T01:28:55.219] [DEBUG] debug-file - Task 'entry:default@GeneratePkgContextInfo' cost while wrapping incremental declarations: 1 ms 
[2026-07-27T01:28:55.220] [DEBUG] debug-file - Incremental task entry:default@GeneratePkgContextInfo pre-execution cost: 1 ms .
[2026-07-27T01:28:55.220] [DEBUG] debug-file - entry : default@GeneratePkgContextInfo cost memory 0.574310302734375
[2026-07-27T01:28:55.220] [INFO] debug-file - UP-TO-DATE :entry:default@GeneratePkgContextInfo...  
[2026-07-27T01:28:55.220] [DEBUG] debug-file - Executing task :entry:default@GeneratePkgSdkInfo
[2026-07-27T01:28:55.222] [DEBUG] debug-file - Dependency key: @ohos/hypium already exists, current dependency listed in devDependencies will be ignored.
[2026-07-27T01:28:55.222] [DEBUG] debug-file - Task 'entry:default@GeneratePkgSdkInfo' cost while wrapping incremental declarations: 1 ms 
[2026-07-27T01:28:55.222] [DEBUG] debug-file - entry : default@GeneratePkgSdkInfo cost memory 0.12999725341796875
[2026-07-27T01:28:55.222] [DEBUG] debug-file - runTaskFromQueue task cost before running: 1 s 665 ms 
[2026-07-27T01:28:55.223] [INFO] debug-file - Finished :entry:default@GeneratePkgSdkInfo... after 2 ms 
[2026-07-27T01:28:55.226] [DEBUG] debug-file - Executing task :entry:default@ProcessIntegratedHsp
[2026-07-27T01:28:55.227] [DEBUG] debug-file - entry:default@ProcessIntegratedHsp is not up-to-date, since the output file 'D:\SLE-ID\slekey\build\cache\default\integrated_hsp\integratedHspCache.json' does not exist.
[2026-07-27T01:28:55.227] [DEBUG] debug-file - Incremental task entry:default@ProcessIntegratedHsp pre-execution cost: 1 ms .
[2026-07-27T01:28:55.227] [DEBUG] debug-file - entry : default@ProcessIntegratedHsp cost memory 0.0550994873046875
[2026-07-27T01:28:55.227] [DEBUG] debug-file - runTaskFromQueue task cost before running: 1 s 670 ms 
[2026-07-27T01:28:55.227] [INFO] debug-file - Finished :entry:default@ProcessIntegratedHsp... after 1 ms 
[2026-07-27T01:28:55.228] [DEBUG] debug-file - Executing task :entry:default@BuildNativeWithCmake
[2026-07-27T01:28:55.228] [DEBUG] debug-file - entry : default@BuildNativeWithCmake cost memory 0.01513671875
[2026-07-27T01:28:55.228] [DEBUG] debug-file - runTaskFromQueue task cost before running: 1 s 671 ms 
[2026-07-27T01:28:55.228] [INFO] debug-file - Finished :entry:default@BuildNativeWithCmake... after 1 ms 
[2026-07-27T01:28:55.229] [DEBUG] debug-file - Executing task :entry:default@MakePackInfo
[2026-07-27T01:28:55.230] [DEBUG] debug-file - Incremental task entry:default@MakePackInfo pre-execution cost: 1 ms .
[2026-07-27T01:28:55.230] [DEBUG] debug-file - entry : default@MakePackInfo cost memory 0.10359954833984375
[2026-07-27T01:28:55.230] [INFO] debug-file - UP-TO-DATE :entry:default@MakePackInfo...  
[2026-07-27T01:28:55.231] [DEBUG] debug-file - Executing task :entry:default@SyscapTransform
[2026-07-27T01:28:55.231] [DEBUG] debug-file - File: 'D:\SLE-ID\slekey\entry\src\main\syscap.json' from 'sysCapJsonPath' is not exists, just ignore.
[2026-07-27T01:28:55.231] [DEBUG] debug-file - Task 'entry:default@SyscapTransform' cost while wrapping incremental declarations: 1 ms 
[2026-07-27T01:28:55.241] [DEBUG] debug-file - entry:default@SyscapTransform is not up-to-date, since the output file 'D:\SLE-ID\slekey\entry\build\default\intermediates\syscap\default\rpcid.sc' does not exist.
[2026-07-27T01:28:55.241] [DEBUG] debug-file - Incremental task entry:default@SyscapTransform pre-execution cost: 10 ms .
[2026-07-27T01:28:55.241] [DEBUG] debug-file - entry : default@SyscapTransform cost memory 0.15625
[2026-07-27T01:28:55.241] [DEBUG] debug-file - runTaskFromQueue task cost before running: 1 s 684 ms 
[2026-07-27T01:28:55.241] [INFO] debug-file - Finished :entry:default@SyscapTransform... after 11 ms 
[2026-07-27T01:28:55.242] [DEBUG] debug-file - Executing task :entry:default@ProcessProfile
[2026-07-27T01:28:55.243] [DEBUG] debug-file - Task 'entry:default@ProcessProfile' cost while wrapping incremental declarations: 1 ms 
[2026-07-27T01:28:55.244] [DEBUG] debug-file - Incremental task entry:default@ProcessProfile pre-execution cost: 1 ms .
[2026-07-27T01:28:55.244] [DEBUG] debug-file - entry : default@ProcessProfile cost memory 0.13330078125
[2026-07-27T01:28:55.244] [INFO] debug-file - UP-TO-DATE :entry:default@ProcessProfile...  
[2026-07-27T01:28:55.245] [DEBUG] debug-file - Executing task :entry:default@ProcessRouterMap
[2026-07-27T01:28:55.246] [DEBUG] debug-file - Incremental task entry:default@ProcessRouterMap pre-execution cost: 1 ms .
[2026-07-27T01:28:55.246] [DEBUG] debug-file - entry : default@ProcessRouterMap cost memory 0.2227020263671875
[2026-07-27T01:28:55.246] [INFO] debug-file - UP-TO-DATE :entry:default@ProcessRouterMap...  
[2026-07-27T01:28:55.247] [DEBUG] debug-file - Executing task :entry:default@ProcessShareConfig
[2026-07-27T01:28:55.248] [DEBUG] debug-file - Incremental task entry:default@ProcessShareConfig pre-execution cost: 1 ms .
[2026-07-27T01:28:55.248] [DEBUG] debug-file - entry : default@ProcessShareConfig cost memory 0.1427001953125
[2026-07-27T01:28:55.249] [INFO] debug-file - UP-TO-DATE :entry:default@ProcessShareConfig...  
[2026-07-27T01:28:55.249] [DEBUG] debug-file - Executing task :entry:default@ProcessStartupConfig
[2026-07-27T01:28:55.249] [DEBUG] debug-file - Task 'entry:default@ProcessStartupConfig' cost while wrapping incremental declarations: 1 ms 
[2026-07-27T01:28:55.250] [DEBUG] debug-file - entry:default@ProcessStartupConfig is not up-to-date, since the output file 'D:\SLE-ID\slekey\entry\build\default\intermediates\startup\default\startup_config.json' does not exist.
[2026-07-27T01:28:55.250] [DEBUG] debug-file - Incremental task entry:default@ProcessStartupConfig pre-execution cost: 1 ms .
[2026-07-27T01:28:55.251] [DEBUG] debug-file - entry : default@ProcessStartupConfig cost memory 0.1378936767578125
[2026-07-27T01:28:55.251] [DEBUG] debug-file - runTaskFromQueue task cost before running: 1 s 693 ms 
[2026-07-27T01:28:55.251] [INFO] debug-file - Finished :entry:default@ProcessStartupConfig... after 2 ms 
[2026-07-27T01:28:55.252] [DEBUG] debug-file - Executing task :entry:default@BuildNativeWithNinja
[2026-07-27T01:28:55.252] [DEBUG] debug-file - entry : default@BuildNativeWithNinja cost memory 0.0200347900390625
[2026-07-27T01:28:55.252] [DEBUG] debug-file - runTaskFromQueue task cost before running: 1 s 695 ms 
[2026-07-27T01:28:55.252] [INFO] debug-file - Finished :entry:default@BuildNativeWithNinja... after 1 ms 
[2026-07-27T01:28:55.253] [DEBUG] debug-file - restool module names: entry; moduleName=entry, taskName=default@ProcessResource
[2026-07-27T01:28:55.255] [DEBUG] debug-file - Executing task :entry:default@ProcessResource
[2026-07-27T01:28:55.255] [DEBUG] debug-file - Task 'entry:default@ProcessResource' cost while wrapping incremental declarations: 1 ms 
[2026-07-27T01:28:55.255] [DEBUG] debug-file - Incremental task entry:default@ProcessResource pre-execution cost: 1 ms .
[2026-07-27T01:28:55.255] [DEBUG] debug-file - entry : default@ProcessResource cost memory 0.1303558349609375
[2026-07-27T01:28:55.256] [INFO] debug-file - UP-TO-DATE :entry:default@ProcessResource...  
[2026-07-27T01:28:55.258] [DEBUG] debug-file - Executing task :entry:default@GenerateLoaderJson
[2026-07-27T01:28:55.259] [DEBUG] debug-file - Task 'entry:default@GenerateLoaderJson' cost while wrapping incremental declarations: 1 ms 
[2026-07-27T01:28:55.263] [DEBUG] debug-file - Incremental task entry:default@GenerateLoaderJson pre-execution cost: 3 ms .
[2026-07-27T01:28:55.263] [DEBUG] debug-file - entry : default@GenerateLoaderJson cost memory 0.5244293212890625
[2026-07-27T01:28:55.265] [INFO] debug-file - UP-TO-DATE :entry:default@GenerateLoaderJson...  
[2026-07-27T01:28:55.266] [DEBUG] debug-file - Executing task :entry:default@ProcessLibs
[2026-07-27T01:28:55.268] [DEBUG] debug-file - Incremental task entry:default@ProcessLibs pre-execution cost: 1 ms .
[2026-07-27T01:28:55.268] [DEBUG] debug-file - entry : default@ProcessLibs cost memory 0.41135406494140625
[2026-07-27T01:28:55.269] [INFO] debug-file - UP-TO-DATE :entry:default@ProcessLibs...  
[2026-07-27T01:28:55.269] [DEBUG] debug-file - restool module names: entry; moduleName=entry, taskName=default@CompileResource
[2026-07-27T01:28:55.270] [DEBUG] debug-file - Executing task :entry:default@CompileResource
[2026-07-27T01:28:55.274] [DEBUG] debug-file - Incremental task entry:default@CompileResource pre-execution cost: 5 ms .
[2026-07-27T01:28:55.275] [DEBUG] debug-file - entry : default@CompileResource cost memory 0.598602294921875
[2026-07-27T01:28:55.275] [INFO] debug-file - UP-TO-DATE :entry:default@CompileResource...  
[2026-07-27T01:28:55.276] [DEBUG] debug-file - Executing task :entry:default@DoNativeStrip
[2026-07-27T01:28:55.276] [DEBUG] debug-file - File: 'D:\SLE-ID\slekey\entry\build\default\intermediates\binxo\default' from 'doBinxoNativeLibs' is not exists, just ignore.
[2026-07-27T01:28:55.276] [DEBUG] debug-file - Task 'entry:default@DoNativeStrip' cost while wrapping incremental declarations: 1 ms 
[2026-07-27T01:28:55.276] [DEBUG] debug-file - Incremental task entry:default@DoNativeStrip pre-execution cost: 1 ms .
[2026-07-27T01:28:55.277] [DEBUG] debug-file - entry : default@DoNativeStrip cost memory 0.09267425537109375
[2026-07-27T01:28:55.277] [INFO] debug-file - UP-TO-DATE :entry:default@DoNativeStrip...  
[2026-07-27T01:28:55.278] [DEBUG] debug-file - Executing task :entry:default@CompileArkTS
[2026-07-27T01:28:55.278] [DEBUG] debug-file - obfuscationOptions: undefined
[2026-07-27T01:28:55.280] [DEBUG] debug-file - Task 'entry:default@CompileArkTS' cost while wrapping incremental declarations: 1 ms 
[2026-07-27T01:28:55.286] [DEBUG] debug-file - Incremental task entry:default@CompileArkTS pre-execution cost: 5 ms .
[2026-07-27T01:28:55.286] [DEBUG] debug-file - entry : default@CompileArkTS cost memory 0.9361419677734375
[2026-07-27T01:28:55.287] [INFO] debug-file - UP-TO-DATE :entry:default@CompileArkTS...  
[2026-07-27T01:28:55.287] [DEBUG] debug-file - Executing task :entry:default@BuildJS
[2026-07-27T01:28:55.288] [DEBUG] debug-file - Task 'entry:default@BuildJS' cost while wrapping incremental declarations: 1 ms 
[2026-07-27T01:28:55.290] [DEBUG] debug-file - entry : default@BuildJS cost memory 0.158477783203125
[2026-07-27T01:28:55.290] [DEBUG] debug-file - runTaskFromQueue task cost before running: 1 s 732 ms 
[2026-07-27T01:28:55.290] [INFO] debug-file - Finished :entry:default@BuildJS... after 3 ms 
[2026-07-27T01:28:55.291] [DEBUG] debug-file - Executing task :entry:default@CacheNativeLibs
[2026-07-27T01:28:55.291] [DEBUG] debug-file - File: 'D:\SLE-ID\slekey\entry\build\default\intermediates\binxo\default' from 'cacheBinxoNativeLibs' is not exists, just ignore.
[2026-07-27T01:28:55.291] [DEBUG] debug-file - Task 'entry:default@CacheNativeLibs' cost while wrapping incremental declarations: 1 ms 
[2026-07-27T01:28:55.292] [DEBUG] debug-file - Incremental task entry:default@CacheNativeLibs pre-execution cost: 1 ms .
[2026-07-27T01:28:55.292] [DEBUG] debug-file - entry : default@CacheNativeLibs cost memory 0.1202850341796875
[2026-07-27T01:28:55.292] [INFO] debug-file - UP-TO-DATE :entry:default@CacheNativeLibs...  
[2026-07-27T01:28:55.293] [DEBUG] debug-file - Executing task :entry:default@GeneratePkgModuleJson
[2026-07-27T01:28:55.293] [DEBUG] debug-file - File: 'D:\SLE-ID\slekey\entry\build\default\intermediates\preload\default\preload.json' from 'preloadSoJsonPath' is not exists, just ignore.
[2026-07-27T01:28:55.293] [DEBUG] debug-file - Error occurs while handling @Input 'shouldDeduplicateHar': The "data" argument must be of type string or an instance of Buffer, TypedArray, or DataView. Received undefined
[2026-07-27T01:28:55.293] [DEBUG] debug-file - Task 'entry:default@GeneratePkgModuleJson' cost while wrapping incremental declarations: 1 ms 
[2026-07-27T01:28:55.294] [DEBUG] debug-file - Incremental task entry:default@GeneratePkgModuleJson pre-execution cost: 1 ms .
[2026-07-27T01:28:55.294] [DEBUG] debug-file - entry : default@GeneratePkgModuleJson cost memory 0.10384368896484375
[2026-07-27T01:28:55.294] [INFO] debug-file - UP-TO-DATE :entry:default@GeneratePkgModuleJson...  
[2026-07-27T01:28:55.294] [DEBUG] debug-file - Executing task :entry:default@ProcessCompiledResources
[2026-07-27T01:28:55.295] [DEBUG] debug-file - File: 'D:\SLE-ID\slekey\entry\build\default\intermediates\preload\default\preload.json' from 'preloadSoJsonPath' is not exists, just ignore.
[2026-07-27T01:28:55.295] [DEBUG] debug-file - Task 'entry:default@ProcessCompiledResources' cost while wrapping incremental declarations: 1 ms 
[2026-07-27T01:28:55.295] [DEBUG] debug-file - entry : default@ProcessCompiledResources cost memory 0.05844879150390625
[2026-07-27T01:28:55.295] [DEBUG] debug-file - runTaskFromQueue task cost before running: 1 s 738 ms 
[2026-07-27T01:28:55.295] [INFO] debug-file - Finished :entry:default@ProcessCompiledResources... after 1 ms 
[2026-07-27T01:28:55.296] [DEBUG] debug-file - Executing task :entry:default@PackageHap
[2026-07-27T01:28:55.300] [DEBUG] debug-file - Incremental task entry:default@PackageHap pre-execution cost: 4 ms .
[2026-07-27T01:28:55.300] [DEBUG] debug-file - entry : default@PackageHap cost memory 0.4403533935546875
[2026-07-27T01:28:55.301] [INFO] debug-file - UP-TO-DATE :entry:default@PackageHap...  
[2026-07-27T01:28:55.301] [DEBUG] debug-file - Executing task :entry:default@PackingCheck
[2026-07-27T01:28:55.305] [DEBUG] debug-file - entry : default@PackingCheck cost memory 0.34796142578125
[2026-07-27T01:28:55.305] [DEBUG] debug-file - runTaskFromQueue task cost before running: 1 s 748 ms 
[2026-07-27T01:28:55.305] [INFO] debug-file - Finished :entry:default@PackingCheck... after 5 ms 
[2026-07-27T01:28:55.306] [DEBUG] debug-file - Executing task :entry:default@SignHap
[2026-07-27T01:28:55.308] [DEBUG] debug-file - Incremental task entry:default@SignHap pre-execution cost: 1 ms .
[2026-07-27T01:28:55.308] [DEBUG] debug-file - entry : default@SignHap cost memory 0.1151885986328125
[2026-07-27T01:28:55.308] [INFO] debug-file - UP-TO-DATE :entry:default@SignHap...  
[2026-07-27T01:28:55.309] [DEBUG] debug-file - Executing task :entry:default@CollectDebugSymbol
[2026-07-27T01:28:55.309] [DEBUG] debug-file - entry : default@CollectDebugSymbol cost memory 0.0905303955078125
[2026-07-27T01:28:55.309] [DEBUG] debug-file - runTaskFromQueue task cost before running: 1 s 752 ms 
[2026-07-27T01:28:55.310] [INFO] debug-file - Finished :entry:default@CollectDebugSymbol... after 1 ms 
[2026-07-27T01:28:55.310] [DEBUG] debug-file - Executing task :entry:assembleHap
[2026-07-27T01:28:55.310] [DEBUG] debug-file - entry : assembleHap cost memory 0.0128326416015625
[2026-07-27T01:28:55.310] [DEBUG] debug-file - runTaskFromQueue task cost before running: 1 s 752 ms 
[2026-07-27T01:28:55.310] [INFO] debug-file - Finished :entry:assembleHap... after 1 ms 
[2026-07-27T01:28:55.318] [INFO] debug-file - BUILD SUCCESSFUL in 1 s 760 ms 
[2026-07-27T01:28:55.319] [DEBUG] debug-file - Update task entry:default@PreBuild input file:D:\SLE-ID\slekey\AppScope\app.json5 cache by regenerate.
[2026-07-27T01:28:55.319] [DEBUG] debug-file - Update task entry:default@PreBuild input file:D:\SLE-ID\slekey\entry\src\main\module.json5 cache by regenerate.
[2026-07-27T01:28:55.319] [DEBUG] debug-file - Update task entry:default@PreBuild input file:D:\SLE-ID\slekey\build-profile.json5 cache by regenerate.
[2026-07-27T01:28:55.319] [DEBUG] debug-file - Update task entry:default@PreBuild input file:D:\SLE-ID\slekey\entry\build-profile.json5 cache by regenerate.
[2026-07-27T01:28:55.320] [DEBUG] debug-file - Update task entry:default@PreBuild input file:D:\SLE-ID\slekey\entry\src\main\resources\base\profile\main_pages.json cache by regenerate.
[2026-07-27T01:28:55.320] [DEBUG] debug-file - Update task entry:default@PreBuild input file:D:\SLE-ID\slekey\hvigor\hvigor-config.json5 cache by regenerate.
[2026-07-27T01:28:55.320] [DEBUG] debug-file - Update task entry:default@PreBuild input file:D:\SLE-ID\slekey\entry\oh-package.json5 cache by regenerate.
[2026-07-27T01:28:55.320] [DEBUG] debug-file - Update task entry:default@PreBuild input file:D:\SLE-ID\slekey\oh-package.json5 cache by regenerate.
[2026-07-27T01:28:55.320] [DEBUG] debug-file - Incremental task entry:default@PreBuild post-execution cost:2 ms .
[2026-07-27T01:28:55.320] [DEBUG] debug-file - Update task entry:default@CreateModuleInfo output file:D:\SLE-ID\slekey\entry\build\default\generated\profile\default\ModuleInfo.ts cache.
[2026-07-27T01:28:55.320] [DEBUG] debug-file - Incremental task entry:default@CreateModuleInfo post-execution cost:1 ms .
[2026-07-27T01:28:55.320] [DEBUG] debug-file - There is no need to refresh cache, since the incremental task entry:default@GenerateMetadata is up-to-date.
[2026-07-27T01:28:55.320] [DEBUG] debug-file - There is no need to refresh cache, since the incremental task entry:default@MergeProfile is up-to-date.
[2026-07-27T01:28:55.320] [DEBUG] debug-file - There is no need to refresh cache, since the incremental task entry:default@CreateBuildProfile is up-to-date.
[2026-07-27T01:28:55.320] [DEBUG] debug-file - There is no need to refresh cache, since the incremental task entry:default@GeneratePkgContextInfo is up-to-date.
[2026-07-27T01:28:55.320] [DEBUG] debug-file - Update task entry:default@GeneratePkgSdkInfo output file:D:\SLE-ID\slekey\entry\build\default\intermediates\loader\default\pkgSdkInfo.json cache.
[2026-07-27T01:28:55.321] [DEBUG] debug-file - Incremental task entry:default@GeneratePkgSdkInfo post-execution cost:1 ms .
[2026-07-27T01:28:55.321] [DEBUG] debug-file - Update task entry:default@ProcessIntegratedHsp output file:D:\SLE-ID\slekey\build\cache\default\integrated_hsp\integratedHspCache.json cache.
[2026-07-27T01:28:55.321] [DEBUG] debug-file - Incremental task entry:default@ProcessIntegratedHsp post-execution cost:1 ms .
[2026-07-27T01:28:55.321] [DEBUG] debug-file - There is no need to refresh cache, since the incremental task entry:default@MakePackInfo is up-to-date.
[2026-07-27T01:28:55.321] [DEBUG] debug-file - Update task entry:default@SyscapTransform input file:C:\Program Files\Huawei\DevEco Studio\sdk\default\openharmony\toolchains\syscap_tool.exe cache by regenerate.
[2026-07-27T01:28:55.321] [DEBUG] debug-file - Update task entry:default@SyscapTransform input file:C:\Program Files\Huawei\DevEco Studio\sdk\default\openharmony\ets\api\device-define cache by regenerate.
[2026-07-27T01:28:55.321] [DEBUG] debug-file - Update task entry:default@SyscapTransform output file:D:\SLE-ID\slekey\entry\build\default\intermediates\syscap\default\rpcid.sc cache.
[2026-07-27T01:28:55.322] [DEBUG] debug-file - Incremental task entry:default@SyscapTransform post-execution cost:1 ms .
[2026-07-27T01:28:55.322] [DEBUG] debug-file - There is no need to refresh cache, since the incremental task entry:default@ProcessProfile is up-to-date.
[2026-07-27T01:28:55.322] [DEBUG] debug-file - There is no need to refresh cache, since the incremental task entry:default@ProcessRouterMap is up-to-date.
[2026-07-27T01:28:55.322] [DEBUG] debug-file - There is no need to refresh cache, since the incremental task entry:default@ProcessShareConfig is up-to-date.
[2026-07-27T01:28:55.322] [DEBUG] debug-file - Update task entry:default@ProcessStartupConfig input file:D:\SLE-ID\slekey\entry\build\default\intermediates\loader\default\pkgContextInfo.json cache by regenerate.
[2026-07-27T01:28:55.322] [DEBUG] debug-file - Update task entry:default@ProcessStartupConfig output file:D:\SLE-ID\slekey\entry\build\default\intermediates\startup\default\startup_config.json cache.
[2026-07-27T01:28:55.322] [DEBUG] debug-file - Incremental task entry:default@ProcessStartupConfig post-execution cost:1 ms .
[2026-07-27T01:28:55.322] [DEBUG] debug-file - There is no need to refresh cache, since the incremental task entry:default@ProcessResource is up-to-date.
[2026-07-27T01:28:55.322] [DEBUG] debug-file - There is no need to refresh cache, since the incremental task entry:default@GenerateLoaderJson is up-to-date.
[2026-07-27T01:28:55.322] [DEBUG] debug-file - There is no need to refresh cache, since the incremental task entry:default@ProcessLibs is up-to-date.
[2026-07-27T01:28:55.322] [DEBUG] debug-file - There is no need to refresh cache, since the incremental task entry:default@CompileResource is up-to-date.
[2026-07-27T01:28:55.322] [DEBUG] debug-file - There is no need to refresh cache, since the incremental task entry:default@DoNativeStrip is up-to-date.
[2026-07-27T01:28:55.322] [DEBUG] debug-file - There is no need to refresh cache, since the incremental task entry:default@CompileArkTS is up-to-date.
[2026-07-27T01:28:55.323] [DEBUG] debug-file - Update task entry:default@BuildJS input file:D:\SLE-ID\slekey\entry\build\default\intermediates\loader\default cache by regenerate.
[2026-07-27T01:28:55.323] [DEBUG] debug-file - Update task entry:default@BuildJS input file:D:\SLE-ID\slekey\oh_modules\.ohpm\@ohos+hypium@1.0.19\oh_modules\@ohos\hypium\index.js cache by regenerate.
[2026-07-27T01:28:55.323] [DEBUG] debug-file - Update task entry:default@BuildJS input file:D:\SLE-ID\slekey\entry\build\default\intermediates\res\default\resources\rawfile cache by regenerate.
[2026-07-27T01:28:55.324] [DEBUG] debug-file - Update task entry:default@BuildJS input file:D:\SLE-ID\slekey\entry\build\default\intermediates\res\default\ResourceTable.txt cache by regenerate.
[2026-07-27T01:28:55.324] [DEBUG] debug-file - Update task entry:default@BuildJS input file:D:\SLE-ID\slekey\entry\build\default\intermediates\res\default\ark_module.json cache by regenerate.
[2026-07-27T01:28:55.324] [DEBUG] debug-file - Update task entry:default@BuildJS input file:D:\SLE-ID\slekey\entry\build\default\intermediates\res\default\resources\base\profile cache by regenerate.
[2026-07-27T01:28:55.324] [DEBUG] debug-file - Update task entry:default@BuildJS input file:D:\SLE-ID\slekey\entry\build\default\intermediates\loader\default\pkgContextInfo.json cache by regenerate.
[2026-07-27T01:28:55.324] [DEBUG] debug-file - Update task entry:default@BuildJS output file:D:\SLE-ID\slekey\entry\build\default\intermediates\loader_out\default\js cache.
[2026-07-27T01:28:55.324] [DEBUG] debug-file - Incremental task entry:default@BuildJS post-execution cost:2 ms .
[2026-07-27T01:28:55.324] [DEBUG] debug-file - There is no need to refresh cache, since the incremental task entry:default@CacheNativeLibs is up-to-date.
[2026-07-27T01:28:55.324] [DEBUG] debug-file - There is no need to refresh cache, since the incremental task entry:default@GeneratePkgModuleJson is up-to-date.
[2026-07-27T01:28:55.324] [DEBUG] debug-file - Incremental task entry:default@ProcessCompiledResources post-execution cost:1 ms .
[2026-07-27T01:28:55.324] [DEBUG] debug-file - There is no need to refresh cache, since the incremental task entry:default@PackageHap is up-to-date.
[2026-07-27T01:28:55.324] [DEBUG] debug-file - There is no need to refresh cache, since the incremental task entry:default@SignHap is up-to-date.
[2026-07-27T01:28:55.325] [DEBUG] debug-file - Update task entry:default@CollectDebugSymbol input file:D:\SLE-ID\slekey\entry\build\default\intermediates\loader_out\default\ets\sourceMaps.map cache by regenerate.
[2026-07-27T01:28:55.325] [DEBUG] debug-file - Update task entry:default@CollectDebugSymbol input file:D:\SLE-ID\slekey\entry\build\default\intermediates\libs\default cache by regenerate.
[2026-07-27T01:28:55.325] [DEBUG] debug-file - Update task entry:default@CollectDebugSymbol output file:D:\SLE-ID\slekey\entry\build\default\outputs\default\symbol cache.
[2026-07-27T01:28:55.325] [DEBUG] debug-file - Incremental task entry:default@CollectDebugSymbol post-execution cost:1 ms .
[2026-07-27T01:28:55.346] [DEBUG] debug-file - session manager: send message to worker process.
[2026-07-27T01:28:55.347] [DEBUG] debug-file - session manager: send message to worker process.
[2026-07-27T01:28:55.434] [DEBUG] debug-file - Cleanup worker 0.
[2026-07-27T01:28:55.434] [DEBUG] debug-file - Worker 0 has been cleaned up.
[2026-07-27T01:28:55.434] [DEBUG] debug-file - Current idle worker size: 1.
[2026-07-27T01:28:55.434] [DEBUG] debug-file - Current resident worker size: 2.
[2026-07-27T01:28:55.434] [DEBUG] debug-file - Cleanup worker 1.
[2026-07-27T01:28:55.434] [DEBUG] debug-file - Worker 1 has been cleaned up.
[2026-07-27T01:28:55.434] [DEBUG] debug-file - Current idle worker size: 0.
[2026-07-27T01:28:55.435] [DEBUG] debug-file - Current resident worker size: 2.
[2026-07-27T01:28:55.436] [DEBUG] debug-file - hvigor build process will be closed.
[2026-07-27T01:28:55.443] [DEBUG] debug-file - worker[1] exits with exit code 1.
[2026-07-27T01:28:55.444] [DEBUG] debug-file - worker[0] exits with exit code 1.
[2026-07-27T01:28:55.446] [DEBUG] debug-file - watch worker: worker id should be larger than 0. Nothing will be sent to any worker thread.
[2026-07-27T01:28:55.446] [DEBUG] debug-file - watch worker: worker id should be larger than 0. Nothing will be sent to any worker thread.
[2026-07-27T01:30:50.042] [DEBUG] debug-file - env: nodejsVersion=v24.16.0
[2026-07-27T01:30:50.099] [WARN] debug-file - 'C:\Windows\System32\wbem\wmic' 不是内部或外部命令，也不是可运行的程序
或批处理文件。

[2026-07-27T01:30:50.042] [DEBUG] debug-file - env: hvigor-config.json5 content = {
  modelVersion: '5.0.0',
  dependencies: {},
  execution: {},
  logging: {},
  debugging: {},
  nodeOptions: {}
}
[2026-07-27T01:30:51.020] [DEBUG] debug-file - env: daemon=true
[2026-07-27T01:30:51.455] [DEBUG] debug-file - hvigor java daemon: Starting java daemon. jvmXmxValue=512m, jarPath=C:\Program Files\Huawei\DevEco Studio\tools\hvigor\hvigor\lib\hvigor-java-daemon.jar
[2026-07-27T01:30:51.455] [DEBUG] debug-file - hvigor java daemon: Read cache file, 
    port=45050, pid=15400, sessionId exists=true
[2026-07-27T01:30:51.477] [DEBUG] debug-file - hvigor java daemon: tryConnect success
[2026-07-27T01:30:51.494] [DEBUG] debug-file - session manager: set active socket. socketId=bXNGNKvOUScHkogvAAAB
[2026-07-27T01:30:51.865] [DEBUG] debug-file - watch worker: worker id should be larger than 0. Nothing will be sent to any worker thread.
[2026-07-27T01:30:51.867] [DEBUG] debug-file - Since there is no instance or instance is terminated, create a new worker pool.
[2026-07-27T01:30:51.867] [DEBUG] debug-file - Worker pool is initialized with config:  {
  minPoolNum: 2,
  maxPoolNum: undefined,
  maxCoreSize: undefined,
  cacheCapacity: undefined,
  cacheTtl: undefined
}
[2026-07-27T01:30:51.868] [DEBUG] debug-file - Create  resident worker with id: 0.
[2026-07-27T01:30:51.870] [DEBUG] debug-file - Create  resident worker with id: 1.
[2026-07-27T01:30:51.871] [DEBUG] debug-file - Workers' log level updated to INFO
[2026-07-27T01:30:51.878] [DEBUG] debug-file - Hvigor init with startParameters:{
  hvigorfileTypeCheck: false,
  parallelExecution: true,
  incrementalExecution: true,
  printStackTrace: false,
  daemon: true,
  analyze: 0,
  logLevel: Level { level: 20000, levelStr: 'INFO', colour: 'green' },
  optimizationStrategy: 'memory',
  hotCompile: undefined,
  hotReloadBuild: undefined,
  customizedParam: undefined
}
[2026-07-27T01:30:51.882] [DEBUG] debug-file - Cache service initialization finished in 5 ms 
[2026-07-27T01:30:51.884] [DEBUG] debug-file - hvigorfile, resolving D:\SLE-ID\slekey\hvigorfile.ts
[2026-07-27T01:30:52.773] [DEBUG] debug-file - hvigorfile, require result:  { default: { plugins: [] } }
[2026-07-27T01:30:52.773] [DEBUG] debug-file - hvigorfile, binding system plugins null
[2026-07-27T01:30:52.774] [DEBUG] debug-file - Starting plugin build process
[2026-07-27T01:30:52.774] [DEBUG] debug-file - App plugin prepare start...
[2026-07-27T01:30:52.774] [DEBUG] debug-file - App plugin prepare end...
[2026-07-27T01:30:52.774] [DEBUG] debug-file - App plugin creating...
[2026-07-27T01:30:52.883] [DEBUG] debug-file - App plugin register hook start...
[2026-07-27T01:30:52.883] [DEBUG] debug-file - App plugin register hook end...
[2026-07-27T01:30:52.884] [DEBUG] debug-file - Plugin build process completed
[2026-07-27T01:30:52.884] [DEBUG] debug-file - Start initialize project's product build option map with build mode debug.
[2026-07-27T01:30:52.884] [DEBUG] debug-file - Picking option from product 'default' with build mode 'debug'.
[2026-07-27T01:30:52.885] [DEBUG] debug-file - Product 'default' build option initialized
[2026-07-27T01:30:52.885] [DEBUG] debug-file - End initialize project's product build option map with build mode 'debug'.
[2026-07-27T01:30:52.886] [DEBUG] debug-file - Obtain build option for product 'default'in this build.
[2026-07-27T01:30:52.887] [DEBUG] debug-file - D:\SLE-ID\slekey\build\cache\default\remote_hsp\remoteHspCache.json not exists.
[2026-07-27T01:30:52.888] [DEBUG] debug-file - Local scan or download HarmonyOS sdk components toolchains,ets,js,native,previewer
[2026-07-27T01:30:52.890] [DEBUG] debug-file - Local scan or download hmscore sdk components toolchains,ets,native
[2026-07-27T01:30:52.891] [DEBUG] debug-file - Start recording SDK configuration permission data.
[2026-07-27T01:30:52.912] [DEBUG] debug-file - Sdk init in 25 ms 
[2026-07-27T01:30:52.916] [DEBUG] debug-file - Project task initialization takes 3 ms 
[2026-07-27T01:30:52.916] [DEBUG] debug-file - hvigorfile, begin to bind custom plugins...
[2026-07-27T01:30:52.916] [DEBUG] debug-file - hvigorfile, no custom plugins were found in D:\SLE-ID\slekey\hvigorfile.ts
[2026-07-27T01:30:52.916] [DEBUG] debug-file - hvigorfile, resolve finished D:\SLE-ID\slekey\hvigorfile.ts
[2026-07-27T01:30:52.917] [DEBUG] debug-file - hvigorfile, resolving D:\SLE-ID\slekey\entry\hvigorfile.ts
[2026-07-27T01:30:52.920] [DEBUG] debug-file - hvigorfile, require result:  { default: { plugins: [] } }
[2026-07-27T01:30:52.921] [DEBUG] debug-file - hvigorfile, binding system plugins null
[2026-07-27T01:30:52.921] [DEBUG] debug-file - Starting plugin build process
[2026-07-27T01:30:52.921] [DEBUG] debug-file - Hap plugin creating...
[2026-07-27T01:30:52.921] [DEBUG] debug-file - failed to load cangjie to dynamically generate schemas: Error: Cannot find module '@ohos/cangjie-build-support/index'
Require stack:
- C:\Program Files\Huawei\DevEco Studio\tools\hvigor\hvigor-ohos-plugin\src\plugin\hooks\cangjie-register.js
- C:\Program Files\Huawei\DevEco Studio\tools\hvigor\hvigor-ohos-plugin\src\plugin\strategy\stage-init-strategy.js
- C:\Program Files\Huawei\DevEco Studio\tools\hvigor\hvigor-ohos-plugin\src\plugin\builder\abstract-plugin-builder.js
- C:\Program Files\Huawei\DevEco Studio\tools\hvigor\hvigor-ohos-plugin\src\plugin\builder\app-plugin-builder.js
- C:\Program Files\Huawei\DevEco Studio\tools\hvigor\hvigor-ohos-plugin\src\plugin\factory\plugin-factory.js
- C:\Program Files\Huawei\DevEco Studio\tools\hvigor\hvigor-ohos-plugin\index.js
- D:\SLE-ID\slekey\hvigorfile.ts
- C:\Program Files\Huawei\DevEco Studio\tools\hvigor\hvigor\src\base\internal\lifecycle\configuration.js
- C:\Program Files\Huawei\DevEco Studio\tools\hvigor\hvigor\src\base\boot\index.js
- C:\Program Files\Huawei\DevEco Studio\tools\hvigor\hvigor\src\base\daemon\cluster\worker-process-lifecycle.js
- C:\Program Files\Huawei\DevEco Studio\tools\hvigor\hvigor\src\base\daemon\process\daemon-process-boot-script.js
[2026-07-27T01:30:52.928] [DEBUG] debug-file - Start initialize module-target build option map, moduleName=entry, buildMode=debug
[2026-07-27T01:30:52.928] [DEBUG] debug-file - Target 'default' config initialized
[2026-07-27T01:30:52.929] [DEBUG] debug-file - Module 'entry' target 'default' build option initialized
[2026-07-27T01:30:52.929] [DEBUG] debug-file - End initialize module-target build option map, moduleName=entry
[2026-07-27T01:30:52.929] [DEBUG] debug-file - Start initialize module-target build option map, moduleName=entry, buildMode=release
[2026-07-27T01:30:52.929] [DEBUG] debug-file - Target 'default' config initialized
[2026-07-27T01:30:52.929] [DEBUG] debug-file - Module 'entry' target 'default' build option initialized
[2026-07-27T01:30:52.929] [DEBUG] debug-file - End initialize module-target build option map, moduleName=entry
[2026-07-27T01:30:52.929] [DEBUG] debug-file - Start initialize module-target build option map, moduleName=entry, buildMode=debug
[2026-07-27T01:30:52.929] [DEBUG] debug-file - Target 'default' config initialized
[2026-07-27T01:30:52.930] [DEBUG] debug-file - Module 'entry' target 'default' build option initialized
[2026-07-27T01:30:52.930] [DEBUG] debug-file - End initialize module-target build option map, moduleName=entry
[2026-07-27T01:30:52.930] [DEBUG] debug-file - Obtain build option for module 'entry' target 'default'in this build.
[2026-07-27T01:30:52.933] [DEBUG] debug-file - Module entry task initialization takes 3 ms 
[2026-07-27T01:30:52.933] [DEBUG] debug-file - Hap plugin register hook start...
[2026-07-27T01:30:52.933] [DEBUG] debug-file - Hap plugin register hook end...
[2026-07-27T01:30:52.933] [DEBUG] debug-file - Plugin build process completed
[2026-07-27T01:30:52.933] [DEBUG] debug-file - hvigorfile, begin to bind custom plugins...
[2026-07-27T01:30:52.934] [DEBUG] debug-file - hvigorfile, no custom plugins were found in D:\SLE-ID\slekey\entry\hvigorfile.ts
[2026-07-27T01:30:52.934] [DEBUG] debug-file - hvigorfile, resolve finished D:\SLE-ID\slekey\entry\hvigorfile.ts
[2026-07-27T01:30:52.985] [DEBUG] debug-file - hvigorfile, resolve hvigorfile dependencies in 52 ms 
[2026-07-27T01:30:52.985] [DEBUG] debug-file - project has submodules:entry
[2026-07-27T01:30:52.987] [DEBUG] debug-file - start to load updatedOhPackageInfo to the disk
[2026-07-27T01:30:52.988] [DEBUG] debug-file - load to the disk finished
[2026-07-27T01:30:52.988] [DEBUG] debug-file - Start to initialize dependency information.
[2026-07-27T01:30:52.992] [DEBUG] debug-file - Module slekey Collected Dependency: D:\SLE-ID\slekey\oh_modules\.ohpm\@ohos+hypium@1.0.19\oh_modules\@ohos\hypium
[2026-07-27T01:30:52.992] [DEBUG] debug-file - Module slekey's total dependency: 1
[2026-07-27T01:30:52.993] [DEBUG] debug-file - Start to initialize dependency information.
[2026-07-27T01:30:52.994] [DEBUG] debug-file - Module entry Collected Dependency: D:\SLE-ID\slekey\oh_modules\.ohpm\@ohos+hypium@1.0.19\oh_modules\@ohos\hypium
[2026-07-27T01:30:52.994] [DEBUG] debug-file - Module entry's total dependency: 1
[2026-07-27T01:30:52.996] [DEBUG] debug-file - Configuration phase cost:1 s 114 ms 
[2026-07-27T01:30:52.998] [DEBUG] debug-file - Configuration task cost before running: 1 s 127 ms 
[2026-07-27T01:30:53.002] [DEBUG] debug-file - Executing task :entry:default@PreBuild
[2026-07-27T01:30:53.003] [DEBUG] debug-file - Task 'entry:default@PreBuild' cost while wrapping incremental declarations: 1 ms 
[2026-07-27T01:30:53.007] [DEBUG] debug-file - entry:default@PreBuild is not up-to-date, since the task snapshots are different.
[2026-07-27T01:30:53.007] [DEBUG] debug-file - Incremental task entry:default@PreBuild pre-execution cost: 3 ms .
[2026-07-27T01:30:53.087] [DEBUG] debug-file - current product is not Atomic service.
[2026-07-27T01:30:53.088] [DEBUG] debug-file - Use tool [win32: JAVA_HOME, CLASSPATH]
 [
  { JAVA_HOME: 'C:\\Program Files\\Huawei\\DevEco Studio\\jbr' },
  { CLASSPATH: undefined }
]
[2026-07-27T01:30:53.088] [DEBUG] debug-file - Use tool [win32: NODE_HOME]
 [
  {
    NODE_HOME: 'C:\\Program Files\\Huawei\\DevEco Studio\\tools\\node'
  }
]
[2026-07-27T01:30:53.088] [DEBUG] debug-file - entry : default@PreBuild cost memory 0.12866973876953125
[2026-07-27T01:30:53.088] [DEBUG] debug-file - runTaskFromQueue task cost before running: 1 s 217 ms 
[2026-07-27T01:30:53.089] [INFO] debug-file - Finished :entry:default@PreBuild... after 87 ms 
[2026-07-27T01:30:53.090] [DEBUG] debug-file - Executing task :entry:default@CreateModuleInfo
[2026-07-27T01:30:53.090] [DEBUG] debug-file - Task 'entry:default@CreateModuleInfo' cost while wrapping incremental declarations: 1 ms 
[2026-07-27T01:30:53.091] [DEBUG] debug-file - entry : default@CreateModuleInfo cost memory 0.04615020751953125
[2026-07-27T01:30:53.091] [DEBUG] debug-file - runTaskFromQueue task cost before running: 1 s 219 ms 
[2026-07-27T01:30:53.091] [INFO] debug-file - Finished :entry:default@CreateModuleInfo... after 1 ms 
[2026-07-27T01:30:53.093] [DEBUG] debug-file - Executing task :entry:default@GenerateMetadata
[2026-07-27T01:30:53.093] [DEBUG] debug-file - Task 'entry:default@GenerateMetadata' cost while wrapping incremental declarations: 1 ms 
[2026-07-27T01:30:53.094] [DEBUG] debug-file - Incremental task entry:default@GenerateMetadata pre-execution cost: 1 ms .
[2026-07-27T01:30:53.094] [DEBUG] debug-file - entry : default@GenerateMetadata cost memory 0.13346099853515625
[2026-07-27T01:30:53.094] [INFO] debug-file - UP-TO-DATE :entry:default@GenerateMetadata...  
[2026-07-27T01:30:53.095] [DEBUG] debug-file - Executing task :entry:default@ConfigureCmake
[2026-07-27T01:30:53.095] [DEBUG] debug-file - entry : default@ConfigureCmake cost memory 0.01462554931640625
[2026-07-27T01:30:53.095] [DEBUG] debug-file - runTaskFromQueue task cost before running: 1 s 224 ms 
[2026-07-27T01:30:53.095] [INFO] debug-file - Finished :entry:default@ConfigureCmake... after 1 ms 
[2026-07-27T01:30:53.096] [DEBUG] debug-file - Executing task :entry:default@MergeProfile
[2026-07-27T01:30:53.096] [DEBUG] debug-file - Task 'entry:default@MergeProfile' cost while wrapping incremental declarations: 1 ms 
[2026-07-27T01:30:53.097] [DEBUG] debug-file - Incremental task entry:default@MergeProfile pre-execution cost: 1 ms .
[2026-07-27T01:30:53.097] [DEBUG] debug-file - entry : default@MergeProfile cost memory 0.41768646240234375
[2026-07-27T01:30:53.097] [INFO] debug-file - UP-TO-DATE :entry:default@MergeProfile...  
[2026-07-27T01:30:53.098] [DEBUG] debug-file - Executing task :entry:default@CreateBuildProfile
[2026-07-27T01:30:53.098] [DEBUG] debug-file - Task 'entry:default@CreateBuildProfile' cost while wrapping incremental declarations: 1 ms 
[2026-07-27T01:30:53.099] [DEBUG] debug-file - Incremental task entry:default@CreateBuildProfile pre-execution cost: 1 ms .
[2026-07-27T01:30:53.099] [DEBUG] debug-file - entry : default@CreateBuildProfile cost memory 0.11200714111328125
[2026-07-27T01:30:53.099] [INFO] debug-file - UP-TO-DATE :entry:default@CreateBuildProfile...  
[2026-07-27T01:30:53.099] [DEBUG] debug-file - Executing task :entry:default@PreCheckSyscap
[2026-07-27T01:30:53.100] [DEBUG] debug-file - entry : default@PreCheckSyscap cost memory 0.0171356201171875
[2026-07-27T01:30:53.100] [DEBUG] debug-file - runTaskFromQueue task cost before running: 1 s 229 ms 
[2026-07-27T01:30:53.100] [INFO] debug-file - Finished :entry:default@PreCheckSyscap... after 1 ms 
[2026-07-27T01:30:53.101] [DEBUG] debug-file - Executing task :entry:default@GeneratePkgContextInfo
[2026-07-27T01:30:53.106] [DEBUG] debug-file - Task 'entry:default@GeneratePkgContextInfo' cost while wrapping incremental declarations: 1 ms 
[2026-07-27T01:30:53.106] [DEBUG] debug-file - Incremental task entry:default@GeneratePkgContextInfo pre-execution cost: 1 ms .
[2026-07-27T01:30:53.106] [DEBUG] debug-file - entry : default@GeneratePkgContextInfo cost memory 0.5174102783203125
[2026-07-27T01:30:53.106] [INFO] debug-file - UP-TO-DATE :entry:default@GeneratePkgContextInfo...  
[2026-07-27T01:30:53.107] [DEBUG] debug-file - Executing task :entry:default@GeneratePkgSdkInfo
[2026-07-27T01:30:53.109] [DEBUG] debug-file - Dependency key: @ohos/hypium already exists, current dependency listed in devDependencies will be ignored.
[2026-07-27T01:30:53.109] [DEBUG] debug-file - Task 'entry:default@GeneratePkgSdkInfo' cost while wrapping incremental declarations: 1 ms 
[2026-07-27T01:30:53.109] [DEBUG] debug-file - entry : default@GeneratePkgSdkInfo cost memory 0.1360931396484375
[2026-07-27T01:30:53.109] [DEBUG] debug-file - runTaskFromQueue task cost before running: 1 s 238 ms 
[2026-07-27T01:30:53.109] [INFO] debug-file - Finished :entry:default@GeneratePkgSdkInfo... after 2 ms 
[2026-07-27T01:30:53.112] [DEBUG] debug-file - Executing task :entry:default@ProcessIntegratedHsp
[2026-07-27T01:30:53.112] [DEBUG] debug-file - entry:default@ProcessIntegratedHsp is not up-to-date, since the output file 'D:\SLE-ID\slekey\build\cache\default\integrated_hsp\integratedHspCache.json' does not exist.
[2026-07-27T01:30:53.112] [DEBUG] debug-file - Incremental task entry:default@ProcessIntegratedHsp pre-execution cost: 1 ms .
[2026-07-27T01:30:53.112] [DEBUG] debug-file - entry : default@ProcessIntegratedHsp cost memory 0.052581787109375
[2026-07-27T01:30:53.112] [DEBUG] debug-file - runTaskFromQueue task cost before running: 1 s 241 ms 
[2026-07-27T01:30:53.112] [INFO] debug-file - Finished :entry:default@ProcessIntegratedHsp... after 1 ms 
[2026-07-27T01:30:53.113] [DEBUG] debug-file - Executing task :entry:default@BuildNativeWithCmake
[2026-07-27T01:30:53.113] [DEBUG] debug-file - entry : default@BuildNativeWithCmake cost memory 0.0150146484375
[2026-07-27T01:30:53.113] [DEBUG] debug-file - runTaskFromQueue task cost before running: 1 s 242 ms 
[2026-07-27T01:30:53.113] [INFO] debug-file - Finished :entry:default@BuildNativeWithCmake... after 1 ms 
[2026-07-27T01:30:53.114] [DEBUG] debug-file - Executing task :entry:default@MakePackInfo
[2026-07-27T01:30:53.115] [DEBUG] debug-file - Incremental task entry:default@MakePackInfo pre-execution cost: 1 ms .
[2026-07-27T01:30:53.115] [DEBUG] debug-file - entry : default@MakePackInfo cost memory 0.1334075927734375
[2026-07-27T01:30:53.115] [INFO] debug-file - UP-TO-DATE :entry:default@MakePackInfo...  
[2026-07-27T01:30:53.116] [DEBUG] debug-file - Executing task :entry:default@SyscapTransform
[2026-07-27T01:30:53.116] [DEBUG] debug-file - File: 'D:\SLE-ID\slekey\entry\src\main\syscap.json' from 'sysCapJsonPath' is not exists, just ignore.
[2026-07-27T01:30:53.116] [DEBUG] debug-file - Task 'entry:default@SyscapTransform' cost while wrapping incremental declarations: 1 ms 
[2026-07-27T01:30:53.123] [DEBUG] debug-file - entry:default@SyscapTransform is not up-to-date, since the output file 'D:\SLE-ID\slekey\entry\build\default\intermediates\syscap\default\rpcid.sc' does not exist.
[2026-07-27T01:30:53.123] [DEBUG] debug-file - Incremental task entry:default@SyscapTransform pre-execution cost: 8 ms .
[2026-07-27T01:30:53.124] [DEBUG] debug-file - entry : default@SyscapTransform cost memory 0.14978790283203125
[2026-07-27T01:30:53.124] [DEBUG] debug-file - runTaskFromQueue task cost before running: 1 s 253 ms 
[2026-07-27T01:30:53.124] [INFO] debug-file - Finished :entry:default@SyscapTransform... after 9 ms 
[2026-07-27T01:30:53.126] [DEBUG] debug-file - Executing task :entry:default@ProcessProfile
[2026-07-27T01:30:53.127] [DEBUG] debug-file - Task 'entry:default@ProcessProfile' cost while wrapping incremental declarations: 1 ms 
[2026-07-27T01:30:53.128] [DEBUG] debug-file - Incremental task entry:default@ProcessProfile pre-execution cost: 1 ms .
[2026-07-27T01:30:53.128] [DEBUG] debug-file - entry : default@ProcessProfile cost memory 0.14304351806640625
[2026-07-27T01:30:53.128] [INFO] debug-file - UP-TO-DATE :entry:default@ProcessProfile...  
[2026-07-27T01:30:53.129] [DEBUG] debug-file - Executing task :entry:default@ProcessRouterMap
[2026-07-27T01:30:53.130] [DEBUG] debug-file - Incremental task entry:default@ProcessRouterMap pre-execution cost: 1 ms .
[2026-07-27T01:30:53.130] [DEBUG] debug-file - entry : default@ProcessRouterMap cost memory 0.149383544921875
[2026-07-27T01:30:53.130] [INFO] debug-file - UP-TO-DATE :entry:default@ProcessRouterMap...  
[2026-07-27T01:30:53.131] [DEBUG] debug-file - Executing task :entry:default@ProcessShareConfig
[2026-07-27T01:30:53.132] [DEBUG] debug-file - Incremental task entry:default@ProcessShareConfig pre-execution cost: 1 ms .
[2026-07-27T01:30:53.132] [DEBUG] debug-file - entry : default@ProcessShareConfig cost memory 0.13655853271484375
[2026-07-27T01:30:53.132] [INFO] debug-file - UP-TO-DATE :entry:default@ProcessShareConfig...  
[2026-07-27T01:30:53.133] [DEBUG] debug-file - Executing task :entry:default@ProcessStartupConfig
[2026-07-27T01:30:53.133] [DEBUG] debug-file - Task 'entry:default@ProcessStartupConfig' cost while wrapping incremental declarations: 1 ms 
[2026-07-27T01:30:53.134] [DEBUG] debug-file - entry:default@ProcessStartupConfig is not up-to-date, since the output file 'D:\SLE-ID\slekey\entry\build\default\intermediates\startup\default\startup_config.json' does not exist.
[2026-07-27T01:30:53.134] [DEBUG] debug-file - Incremental task entry:default@ProcessStartupConfig pre-execution cost: 1 ms .
[2026-07-27T01:30:53.135] [DEBUG] debug-file - entry : default@ProcessStartupConfig cost memory 0.12679290771484375
[2026-07-27T01:30:53.135] [DEBUG] debug-file - runTaskFromQueue task cost before running: 1 s 263 ms 
[2026-07-27T01:30:53.135] [INFO] debug-file - Finished :entry:default@ProcessStartupConfig... after 2 ms 
[2026-07-27T01:30:53.135] [DEBUG] debug-file - Executing task :entry:default@BuildNativeWithNinja
[2026-07-27T01:30:53.136] [DEBUG] debug-file - entry : default@BuildNativeWithNinja cost memory 0.020751953125
[2026-07-27T01:30:53.136] [DEBUG] debug-file - runTaskFromQueue task cost before running: 1 s 265 ms 
[2026-07-27T01:30:53.136] [INFO] debug-file - Finished :entry:default@BuildNativeWithNinja... after 1 ms 
[2026-07-27T01:30:53.137] [DEBUG] debug-file - restool module names: entry; moduleName=entry, taskName=default@ProcessResource
[2026-07-27T01:30:53.138] [DEBUG] debug-file - Executing task :entry:default@ProcessResource
[2026-07-27T01:30:53.138] [DEBUG] debug-file - Task 'entry:default@ProcessResource' cost while wrapping incremental declarations: 1 ms 
[2026-07-27T01:30:53.139] [DEBUG] debug-file - Incremental task entry:default@ProcessResource pre-execution cost: 1 ms .
[2026-07-27T01:30:53.139] [DEBUG] debug-file - entry : default@ProcessResource cost memory 0.13146209716796875
[2026-07-27T01:30:53.140] [INFO] debug-file - UP-TO-DATE :entry:default@ProcessResource...  
[2026-07-27T01:30:53.142] [DEBUG] debug-file - Executing task :entry:default@GenerateLoaderJson
[2026-07-27T01:30:53.143] [DEBUG] debug-file - Task 'entry:default@GenerateLoaderJson' cost while wrapping incremental declarations: 1 ms 
[2026-07-27T01:30:53.148] [DEBUG] debug-file - Incremental task entry:default@GenerateLoaderJson pre-execution cost: 3 ms .
[2026-07-27T01:30:53.148] [DEBUG] debug-file - entry : default@GenerateLoaderJson cost memory 0.507171630859375
[2026-07-27T01:30:53.150] [INFO] debug-file - UP-TO-DATE :entry:default@GenerateLoaderJson...  
[2026-07-27T01:30:53.150] [DEBUG] debug-file - Executing task :entry:default@ProcessLibs
[2026-07-27T01:30:53.152] [DEBUG] debug-file - Incremental task entry:default@ProcessLibs pre-execution cost: 1 ms .
[2026-07-27T01:30:53.152] [DEBUG] debug-file - entry : default@ProcessLibs cost memory 0.19329071044921875
[2026-07-27T01:30:53.153] [INFO] debug-file - UP-TO-DATE :entry:default@ProcessLibs...  
[2026-07-27T01:30:53.153] [DEBUG] debug-file - restool module names: entry; moduleName=entry, taskName=default@CompileResource
[2026-07-27T01:30:53.154] [DEBUG] debug-file - Executing task :entry:default@CompileResource
[2026-07-27T01:30:53.159] [DEBUG] debug-file - Incremental task entry:default@CompileResource pre-execution cost: 5 ms .
[2026-07-27T01:30:53.159] [DEBUG] debug-file - entry : default@CompileResource cost memory 0.48160552978515625
[2026-07-27T01:30:53.160] [INFO] debug-file - UP-TO-DATE :entry:default@CompileResource...  
[2026-07-27T01:30:53.161] [DEBUG] debug-file - Executing task :entry:default@DoNativeStrip
[2026-07-27T01:30:53.161] [DEBUG] debug-file - File: 'D:\SLE-ID\slekey\entry\build\default\intermediates\binxo\default' from 'doBinxoNativeLibs' is not exists, just ignore.
[2026-07-27T01:30:53.161] [DEBUG] debug-file - Task 'entry:default@DoNativeStrip' cost while wrapping incremental declarations: 1 ms 
[2026-07-27T01:30:53.162] [DEBUG] debug-file - Incremental task entry:default@DoNativeStrip pre-execution cost: 1 ms .
[2026-07-27T01:30:53.162] [DEBUG] debug-file - entry : default@DoNativeStrip cost memory 0.07813262939453125
[2026-07-27T01:30:53.162] [INFO] debug-file - UP-TO-DATE :entry:default@DoNativeStrip...  
[2026-07-27T01:30:53.163] [DEBUG] debug-file - Executing task :entry:default@CompileArkTS
[2026-07-27T01:30:53.163] [DEBUG] debug-file - obfuscationOptions: undefined
[2026-07-27T01:30:53.165] [DEBUG] debug-file - Task 'entry:default@CompileArkTS' cost while wrapping incremental declarations: 1 ms 
[2026-07-27T01:30:53.169] [DEBUG] debug-file - entry:default@CompileArkTS is not up-to-date, since the input file 'D:\SLE-ID\slekey\entry\src\main\ets' has been changed.
[2026-07-27T01:30:53.169] [DEBUG] debug-file - Incremental task entry:default@CompileArkTS pre-execution cost: 3 ms .
[2026-07-27T01:30:53.176] [DEBUG] debug-file - build config:
[2026-07-27T01:30:53.177] [DEBUG] debug-file - {
  moduleType: 'entry',
  perf: 0,
  targetName: '.default',
  packageManagerType: 'ohpm',
  localPropertiesPath: 'D:\\SLE-ID\\slekey\\local.properties',
  isPreview: false,
  isOhosTest: false,
  isLocalTest: false,
  buildMode: 'Debug',
  hotReloadBuild: undefined,
  watchMode: 'false',
  aceProfilePath: 'D:\\SLE-ID\\slekey\\entry\\build\\default\\intermediates\\res\\default\\resources\\base\\profile',
  etsLoaderPath: 'C:\\Program Files\\Huawei\\DevEco Studio\\sdk\\default\\openharmony\\ets\\build-tools\\ets-loader',
  modulePath: 'D:\\SLE-ID\\slekey\\entry',
  testFrameworkPar: {
    testMode: undefined,
    coveragePathFilter: undefined,
    coverageMode: undefined
  },
  needCoverageInsert: false,
  debugLine: false,
  projectTopDir: 'D:\\SLE-ID\\slekey',
  compileSdkVersion: 23,
  compatibleSdkVersion: 12,
  originCompatibleSdkVersion: '5.0.0(12)',
  compatibleSdkVersionStage: 'beta1',
  bundleName: 'c***p',
  etsLoaderVersion: '6.1.0.105',
  etsLoaderReleaseType: 'Release',
  aotCompileMode: 'type',
  apPath: 'D:\\SLE-ID\\slekey\\entry\\modules.ap',
  entryModuleName: 'entry',
  entryModuleVersion: '1.0.0',
  entryPackageName: 'entry',
  allModuleNameHash: 'f50575914c85e3183d91a020539fc5ec331fa18837794d3ea3a2aada5c34fdd7',
  externalApiPaths: [
    'C:\\Program Files\\Huawei\\DevEco Studio\\sdk\\default\\hms\\ets'
  ],
  compilerTypes: [],
  isCrossplatform: false,
  hvigorPluginFile: undefined,
  compilePluginPath: undefined,
  buildGeneratedProfilePath: 'D:\\SLE-ID\\slekey\\entry\\build\\default\\generated\\profile\\default',
  bundleType: 'app',
  arkTSVersion: '1.0',
  apiVersion: 23,
  needCompleteSourcesMap: false,
  isFaMode: false,
  buildDir: 'D:\\SLE-ID\\slekey\\entry\\build',
  deviceTypes: [ 'phone', 'tablet' ],
  pkgContextInfo: {
    '@ohos/hypium': {
      packageName: '@ohos/hypium',
      bundleName: '*****',
      moduleName: '',
      version: '1.0.19',
      entryPath: 'index.js',
      isSO: false,
      dependencyAlias: ''
    },
    entry: {
      packageName: 'entry',
      bundleName: '*****',
      moduleName: '',
      version: '',
      entryPath: 'src/main/',
      isSO: false,
      dependencyAlias: ''
    }
  },
  ohPackagePathMap: {},
  dependencyAliasMap: {},
  permission: { requestPermissions: [], definePermissions: undefined },
  useGetCurrentBundleName: false,
  projectArkOption: undefined,
  sourceMapDir: undefined,
  branchElimination: false,
  transformLib: undefined,
  tsImportSendable: false,
  resolveConflictMode: true,
  depName2RootPath: {},
  depName2DepInfo: {},
  depName2OhExports: {},
  rootPathSet: [ 'D:\\SLE-ID\\slekey' ],
  useNativeResolver: true,
  shouldEmitJs: true,
  useTscResolve: false,
  singleFileEmit: false,
  userProjectConfig: {
    autoLazyImport: false,
    allowEmptyBundleName: false,
    reExportCheckMode: 'noCheck',
    executionMode: 'memory',
    usePathPlaceholder: false,
    writeRollupCache: true,
    isExpandImportEnabled: false,
    expandImportExclude: '',
    lazyImportExclude: '',
    lazyImportInclude: '',
    ignoreCrossplatformCheck: false,
    isHarDeduplicateEnabled: false,
    skipOhModulesLint: false,
    enableStrictCheckOHModule: false,
    disableSendableCheckRules: [],
    useDeclarationFileSignature: false,
    customizedOptions: undefined,
    integratedHsp: false,
    isPreloadSoEnabled: false
  },
  executionMode: 'memory',
  arkCompileCachePath: 'D:\\SLE-ID\\slekey\\entry\\build\\default\\cache\\default\\default@CompileArkTS\\esmodule',
  autoLazyFilter: undefined,
  isHarDeduplicateEnabled: false,
  intermediateHarDuplicateDirPath: 'D:\\SLE-ID\\slekey\\entry\\build\\default\\intermediates\\har_duplicate\\default',
  autoLazyImport: false,
  allowEmptyBundleName: false,
  reExportCheckMode: 'noCheck',
  usePathPlaceholder: false,
  writeRollupCache: true,
  isExpandImportEnabled: false,
  expandImportExclude: '',
  lazyImportExclude: '',
  lazyImportInclude: '',
  ignoreCrossplatformCheck: false,
  skipOhModulesLint: false,
  enableStrictCheckOHModule: false,
  disableSendableCheckRules: [],
  useDeclarationFileSignature: false,
  customizedOptions: undefined,
  integratedHsp: false,
  isPreloadSoEnabled: false,
  strictMode: {
    caseSensitiveCheck: true,
    useNormalizedOHMUrl: true,
    noExternalImportByPath: true
  },
  useNormalizedOHMUrl: true,
  caseSensitiveCheck: true,
  aceModuleJsonPath: 'D:\\SLE-ID\\slekey\\entry\\build\\default\\intermediates\\res\\default\\ark_module.json',
  appResource: 'D:\\SLE-ID\\slekey\\entry\\build\\default\\intermediates\\res\\default\\ResourceTable.txt',
  rawFileResource: 'D:\\SLE-ID\\slekey\\entry\\build\\default\\intermediates\\res\\default\\resources\\rawfile',
  resourceTableHash: '8d499eae98a35ebfd449f640cb0204dc46fbfe126b8cecf18b5dae055c1b4570',
  runtimeOS: 'HarmonyOS',
  sdkInfo: 'false:23:6.1.0.105:Release',
  aceModuleRoot: 'D:\\SLE-ID\\slekey\\entry\\src\\main\\ets',
  compileMode: 'esmodule',
  aceSuperVisualPath: 'D:\\SLE-ID\\slekey\\entry\\src\\main\\supervisual',
  aceBuildJson: 'D:\\SLE-ID\\slekey\\entry\\build\\default\\intermediates\\loader\\default\\loader.json',
  cachePath: 'D:\\SLE-ID\\slekey\\entry\\build\\default\\cache\\default\\default@CompileArkTS\\esmodule\\debug',
  aceModuleBuild: 'D:\\SLE-ID\\slekey\\entry\\build\\default\\intermediates\\loader_out\\default\\ets',
  supportChunks: true,
  declaredFilesPath: undefined,
  shouldCollectDirectImportees: false,
  isByteCodeHarOptimize: false,
  expandImportPath: undefined,
  resourceTableTs: 'D:\\SLE-ID\\slekey\\entry\\build\\default\\generated\\r\\default\\ResourceTable.ts',
  moduleMetaInfoFiles: [
    {
      filePath: 'D:\\SLE-ID\\slekey\\entry\\build\\default\\generated\\r\\default\\ResourceTable.ts',
      ohmurl: '&entry/build/generated/r/ResourceTable&'
    }
  ],
  pkgNameToPkgBriefInfo: {
    '@ohos/hypium': {
      pkgRoot: 'D:\\SLE-ID\\slekey\\oh_modules\\.ohpm\\@ohos+hypium@1.0.19\\oh_modules\\@ohos\\hypium',
      pkgName: '@ohos/hypium',
      sourceRoots: undefined
    },
    entry: {
      pkgRoot: 'D:\\SLE-ID\\slekey\\entry',
      originalSourceRoots: undefined,
      sourceRoots: [Array],
      pkgName: 'entry'
    }
  },
  projectModel: {
    'D:\\SLE-ID\\slekey\\entry\\src\\main': {
      moduleName: 'entry',
      modulePkgPath: 'D:\\SLE-ID\\slekey\\entry',
      belongProjectPath: 'D:\\SLE-ID\\slekey'
    },
    'D:\\SLE-ID\\slekey\\entry': {
      moduleName: 'entry',
      modulePkgPath: 'D:\\SLE-ID\\slekey\\entry',
      belongProjectPath: 'D:\\SLE-ID\\slekey'
    },
    'D:\\SLE-ID\\slekey': {
      moduleName: 'slekey',
      modulePkgPath: 'D:\\SLE-ID\\slekey',
      belongProjectPath: 'D:\\SLE-ID\\slekey'
    }
  },
  pkgJsonFileHash: 'ec6406b50c1f0667f15176d21572c003d2c01d5ebca6edba903080a6bf4e4385',
  allModulePaths: [ 'D:\\SLE-ID\\slekey\\entry' ],
  routerMap: {},
  obfuscationOptions: undefined,
  byteCodeHarToDependencyKeys: undefined,
  compileBlockPkg: [],
  mockParams: {
    decorator: '@MockSetup',
    packageName: '@ohos/hamock',
    etsSourceRootPath: 'src/main/ets',
    mockConfigPath: undefined,
    mockConfigKey2ModuleInfo: {},
    source2ModuleIdMap: {}
  },
  copyCodeResourceEnable: true,
  copyCodeResourceExcludes: [],
  copyCodeResourceIncludes: undefined,
  uiTransformOptimization: false,
  sdkPath: 'C:/Program Files/Huawei/DevEco Studio/sdk',
  needPreloadSoFileSet: {},
  preloadSoFilePath: 'D:\\SLE-ID\\slekey\\entry\\build\\default\\intermediates\\preload\\default\\preload.json',
  useSourceHash: false,
  localModuleParamMap: {},
  otherPaths: {
    'entry/*': [
      '..\\*',
      '..\\..\\..\\build\\default\\generated\\profile\\default\\*'
    ]
  },
  collectImportersConfig: undefined
}
[2026-07-27T01:30:53.177] [DEBUG] debug-file - Compile arkts with external api path: C:\Program Files\Huawei\DevEco Studio\sdk\default\hms\ets
[2026-07-27T01:30:53.178] [DEBUG] debug-file - default@CompileArkTS work[0] is submitted.
[2026-07-27T01:30:53.178] [DEBUG] debug-file - default@CompileArkTS work[0] is pushed to ready queue.
[2026-07-27T01:30:53.178] [DEBUG] debug-file - A work dispatched to worker[23] failed because unable to get work from ready queue.
[2026-07-27T01:30:53.178] [DEBUG] debug-file - A work dispatched to worker[22] failed because unable to get work from ready queue.
[2026-07-27T01:30:53.178] [DEBUG] debug-file - A work dispatched to worker[21] failed because unable to get work from ready queue.
[2026-07-27T01:30:53.178] [DEBUG] debug-file - A work dispatched to worker[20] failed because unable to get work from ready queue.
[2026-07-27T01:30:53.178] [DEBUG] debug-file - A work dispatched to worker[19] failed because unable to get work from ready queue.
[2026-07-27T01:30:53.178] [DEBUG] debug-file - A work dispatched to worker[18] failed because unable to get work from ready queue.
[2026-07-27T01:30:53.178] [DEBUG] debug-file - A work dispatched to worker[17] failed because unable to get work from ready queue.
[2026-07-27T01:30:53.178] [DEBUG] debug-file - A work dispatched to worker[16] failed because unable to get work from ready queue.
[2026-07-27T01:30:53.178] [DEBUG] debug-file - A work dispatched to worker[15] failed because unable to get work from ready queue.
[2026-07-27T01:30:53.179] [DEBUG] debug-file - A work dispatched to worker[14] failed because unable to get work from ready queue.
[2026-07-27T01:30:53.179] [DEBUG] debug-file - A work dispatched to worker[13] failed because unable to get work from ready queue.
[2026-07-27T01:30:53.179] [DEBUG] debug-file - A work dispatched to worker[12] failed because unable to get work from ready queue.
[2026-07-27T01:30:53.179] [DEBUG] debug-file - A work dispatched to worker[11] failed because unable to get work from ready queue.
[2026-07-27T01:30:53.179] [DEBUG] debug-file - A work dispatched to worker[10] failed because unable to get work from ready queue.
[2026-07-27T01:30:53.179] [DEBUG] debug-file - A work dispatched to worker[9] failed because unable to get work from ready queue.
[2026-07-27T01:30:53.179] [DEBUG] debug-file - A work dispatched to worker[8] failed because unable to get work from ready queue.
[2026-07-27T01:30:53.179] [DEBUG] debug-file - A work dispatched to worker[7] failed because unable to get work from ready queue.
[2026-07-27T01:30:53.179] [DEBUG] debug-file - A work dispatched to worker[6] failed because unable to get work from ready queue.
[2026-07-27T01:30:53.179] [DEBUG] debug-file - A work dispatched to worker[5] failed because unable to get work from ready queue.
[2026-07-27T01:30:53.179] [DEBUG] debug-file - Create  resident worker with id: 4.
[2026-07-27T01:30:53.180] [DEBUG] debug-file - default@CompileArkTS work[0] has been dispatched to worker[4].
[2026-07-27T01:30:53.180] [DEBUG] debug-file - default@CompileArkTS work[0] is dispatched.
[2026-07-27T01:30:53.180] [DEBUG] debug-file - CopyResources startTime: 138352463666200
[2026-07-27T01:30:53.180] [DEBUG] debug-file - default@CompileArkTS work[1] is submitted.
[2026-07-27T01:30:53.180] [DEBUG] debug-file - default@CompileArkTS work[1] is pushed to ready queue.
[2026-07-27T01:30:53.180] [DEBUG] debug-file - A work dispatched to worker[23] failed because unable to get work from ready queue.
[2026-07-27T01:30:53.180] [DEBUG] debug-file - Create  resident worker with id: 22.
[2026-07-27T01:30:53.180] [DEBUG] debug-file - default@CompileArkTS work[1] has been dispatched to worker[22].
[2026-07-27T01:30:53.180] [DEBUG] debug-file - default@CompileArkTS work[1] is dispatched.
[2026-07-27T01:30:53.181] [DEBUG] debug-file - entry : default@CompileArkTS cost memory 1.9494247436523438
[2026-07-27T01:30:53.182] [DEBUG] debug-file - Executing task :entry:default@BuildJS
[2026-07-27T01:30:53.182] [DEBUG] debug-file - Task 'entry:default@BuildJS' cost while wrapping incremental declarations: 1 ms 
[2026-07-27T01:30:53.183] [DEBUG] debug-file - entry : default@BuildJS cost memory 0.1187896728515625
[2026-07-27T01:30:53.183] [DEBUG] debug-file - runTaskFromQueue task cost before running: 1 s 312 ms 
[2026-07-27T01:30:53.183] [INFO] debug-file - Finished :entry:default@BuildJS... after 2 ms 
[2026-07-27T01:30:53.184] [DEBUG] debug-file - Executing task :entry:default@CacheNativeLibs
[2026-07-27T01:30:53.184] [DEBUG] debug-file - File: 'D:\SLE-ID\slekey\entry\build\default\intermediates\binxo\default' from 'cacheBinxoNativeLibs' is not exists, just ignore.
[2026-07-27T01:30:53.184] [DEBUG] debug-file - Task 'entry:default@CacheNativeLibs' cost while wrapping incremental declarations: 1 ms 
[2026-07-27T01:30:53.185] [DEBUG] debug-file - Incremental task entry:default@CacheNativeLibs pre-execution cost: 1 ms .
[2026-07-27T01:30:53.185] [DEBUG] debug-file - entry : default@CacheNativeLibs cost memory 0.09228515625
[2026-07-27T01:30:53.185] [INFO] debug-file - UP-TO-DATE :entry:default@CacheNativeLibs...  
[2026-07-27T01:30:53.642] [DEBUG] debug-file - worker[22] has one work done.
[2026-07-27T01:30:53.642] [DEBUG] debug-file - CopyResources is end, endTime: 138352925647100
[2026-07-27T01:30:53.642] [DEBUG] debug-file - default@CompileArkTS work[1] done.
[2026-07-27T01:30:53.642] [DEBUG] debug-file - A work dispatched to worker[22] failed because unable to get work from ready queue.
[2026-07-27T01:30:57.446] [DEBUG] debug-file - worker[4] has one work done.
[2026-07-27T01:30:57.446] [DEBUG] debug-file - Ark compile task finished.finished time is 138356730091300
[2026-07-27T01:30:57.447] [DEBUG] debug-file - default@CompileArkTS work[0] done.
[2026-07-27T01:30:57.448] [DEBUG] debug-file - A work dispatched to worker[4] failed because unable to get work from ready queue.
[2026-07-27T01:30:57.449] [INFO] debug-file - Finished :entry:default@CompileArkTS... after 3 s 180 ms 
[2026-07-27T01:30:57.450] [DEBUG] debug-file - Executing task :entry:default@GeneratePkgModuleJson
[2026-07-27T01:30:57.450] [DEBUG] debug-file - File: 'D:\SLE-ID\slekey\entry\build\default\intermediates\preload\default\preload.json' from 'preloadSoJsonPath' is not exists, just ignore.
[2026-07-27T01:30:57.450] [DEBUG] debug-file - Error occurs while handling @Input 'shouldDeduplicateHar': The "data" argument must be of type string or an instance of Buffer, TypedArray, or DataView. Received undefined
[2026-07-27T01:30:57.450] [DEBUG] debug-file - Task 'entry:default@GeneratePkgModuleJson' cost while wrapping incremental declarations: 1 ms 
[2026-07-27T01:30:57.451] [DEBUG] debug-file - Incremental task entry:default@GeneratePkgModuleJson pre-execution cost: 1 ms .
[2026-07-27T01:30:57.451] [DEBUG] debug-file - entry : default@GeneratePkgModuleJson cost memory 0.09757232666015625
[2026-07-27T01:30:57.451] [INFO] debug-file - UP-TO-DATE :entry:default@GeneratePkgModuleJson...  
[2026-07-27T01:30:57.451] [DEBUG] debug-file - Executing task :entry:default@ProcessCompiledResources
[2026-07-27T01:30:57.452] [DEBUG] debug-file - File: 'D:\SLE-ID\slekey\entry\build\default\intermediates\preload\default\preload.json' from 'preloadSoJsonPath' is not exists, just ignore.
[2026-07-27T01:30:57.452] [DEBUG] debug-file - Task 'entry:default@ProcessCompiledResources' cost while wrapping incremental declarations: 1 ms 
[2026-07-27T01:30:57.452] [DEBUG] debug-file - entry : default@ProcessCompiledResources cost memory 0.05277252197265625
[2026-07-27T01:30:57.452] [DEBUG] debug-file - runTaskFromQueue task cost before running: 5 s 581 ms 
[2026-07-27T01:30:57.452] [INFO] debug-file - Finished :entry:default@ProcessCompiledResources... after 1 ms 
[2026-07-27T01:30:57.453] [DEBUG] debug-file - Executing task :entry:default@PackageHap
[2026-07-27T01:30:57.456] [DEBUG] debug-file - entry:default@PackageHap is not up-to-date, since the input file 'D:\SLE-ID\slekey\entry\build\default\intermediates\loader_out\default\ets' has been changed.
[2026-07-27T01:30:57.456] [DEBUG] debug-file - Incremental task entry:default@PackageHap pre-execution cost: 2 ms .
[2026-07-27T01:30:57.457] [DEBUG] debug-file - Use tool [C:\Program Files\Huawei\DevEco Studio\sdk\default\openharmony\toolchains\lib\app_packing_tool.jar]
 [
  'java',
  '-Dfile.encoding=GBK',
  '-jar',
  'C:\\Program Files\\Huawei\\DevEco Studio\\sdk\\default\\openharmony\\toolchains\\lib\\app_packing_tool.jar',
  '--mode',
  'hap',
  '--force',
  'true',
  '--lib-path',
  'D:\\SLE-ID\\slekey\\entry\\build\\default\\intermediates\\stripped_native_libs\\default',
  '--json-path',
  'D:\\SLE-ID\\slekey\\entry\\build\\default\\intermediates\\package\\default\\module.json',
  '--resources-path',
  'D:\\SLE-ID\\slekey\\entry\\build\\default\\intermediates\\res\\default\\resources',
  '--index-path',
  'D:\\SLE-ID\\slekey\\entry\\build\\default\\intermediates\\res\\default\\resources.index',
  '--pack-info-path',
  'D:\\SLE-ID\\slekey\\entry\\build\\default\\outputs\\default\\pack.info',
  '--out-path',
  'D:\\SLE-ID\\slekey\\entry\\build\\default\\outputs\\default\\entry-default-unsigned.hap',
  '--ets-path',
  'D:\\SLE-ID\\slekey\\entry\\build\\default\\intermediates\\loader_out\\default\\ets',
  '--pkg-context-path',
  'D:\\SLE-ID\\slekey\\entry\\build\\default\\intermediates\\loader\\default\\pkgContextInfo.json'
]
[2026-07-27T01:30:57.457] [DEBUG] debug-file - default@PackageHap work[2] is submitted.
[2026-07-27T01:30:57.457] [DEBUG] debug-file - default@PackageHap work[2] is pushed to ready queue.
[2026-07-27T01:30:57.457] [DEBUG] debug-file - A work dispatched to worker[23] failed because unable to get work from ready queue.
[2026-07-27T01:30:57.457] [DEBUG] debug-file - default@PackageHap work[2] has been dispatched to worker[22].
[2026-07-27T01:30:57.457] [DEBUG] debug-file - default@PackageHap work[2] is dispatched.
[2026-07-27T01:30:57.459] [DEBUG] debug-file - entry : default@PackageHap cost memory 0.4451141357421875
[2026-07-27T01:30:57.550] [DEBUG] debug-file - current process  memoryUsage: {
  rss: 773980160,
  heapTotal: 79769600,
  heapUsed: 54113936,
  external: 4176555,
  arrayBuffers: 22783
} os memoryUsage :13.825443267822266
[2026-07-27T01:30:57.913] [DEBUG] debug-file - worker[22] has one work done.
[2026-07-27T01:30:57.913] [DEBUG] debug-file - default@PackageHap work[2] done.
[2026-07-27T01:30:57.914] [DEBUG] debug-file - A work dispatched to worker[22] failed because unable to get work from ready queue.
[2026-07-27T01:30:57.914] [INFO] debug-file - Finished :entry:default@PackageHap... after 372 ms 
[2026-07-27T01:30:57.915] [DEBUG] debug-file - Executing task :entry:default@PackingCheck
[2026-07-27T01:30:57.919] [DEBUG] debug-file - entry : default@PackingCheck cost memory 0.5065765380859375
[2026-07-27T01:30:57.919] [DEBUG] debug-file - runTaskFromQueue task cost before running: 6 s 48 ms 
[2026-07-27T01:30:57.919] [INFO] debug-file - Finished :entry:default@PackingCheck... after 4 ms 
[2026-07-27T01:30:57.920] [DEBUG] debug-file - Executing task :entry:default@SignHap
[2026-07-27T01:30:57.921] [DEBUG] debug-file - entry:default@SignHap is not up-to-date, since the input file 'D:\SLE-ID\slekey\entry\build\default\outputs\default\entry-default-unsigned.hap' has been changed.
[2026-07-27T01:30:57.921] [DEBUG] debug-file - Incremental task entry:default@SignHap pre-execution cost: 1 ms .
[2026-07-27T01:30:57.945] [DEBUG] debug-file - java daemon socket received message:{"code":0,"message":"verify profile success"}
[2026-07-27T01:30:57.950] [DEBUG] debug-file - java daemon socket close code:1000 reason:close by user
[2026-07-27T01:30:58.014] [DEBUG] debug-file - java daemon socket received message:{"code":0,"message":"sign app success"}
[2026-07-27T01:30:58.014] [DEBUG] debug-file - entry : default@SignHap cost memory 0.8531341552734375
[2026-07-27T01:30:58.015] [DEBUG] debug-file - runTaskFromQueue task cost before running: 6 s 143 ms 
[2026-07-27T01:30:58.015] [INFO] debug-file - Finished :entry:default@SignHap... after 95 ms 
[2026-07-27T01:30:58.016] [DEBUG] debug-file - Executing task :entry:default@CollectDebugSymbol
[2026-07-27T01:30:58.016] [DEBUG] debug-file - entry : default@CollectDebugSymbol cost memory 0.07515716552734375
[2026-07-27T01:30:58.016] [DEBUG] debug-file - runTaskFromQueue task cost before running: 6 s 145 ms 
[2026-07-27T01:30:58.016] [INFO] debug-file - Finished :entry:default@CollectDebugSymbol... after 1 ms 
[2026-07-27T01:30:58.017] [DEBUG] debug-file - Executing task :entry:assembleHap
[2026-07-27T01:30:58.017] [DEBUG] debug-file - entry : assembleHap cost memory 0.0147247314453125
[2026-07-27T01:30:58.017] [DEBUG] debug-file - runTaskFromQueue task cost before running: 6 s 146 ms 
[2026-07-27T01:30:58.017] [INFO] debug-file - Finished :entry:assembleHap... after 1 ms 
[2026-07-27T01:30:58.018] [INFO] debug-file - BUILD SUCCESSFUL in 6 s 146 ms 
[2026-07-27T01:30:58.018] [DEBUG] debug-file - Update task entry:default@PreBuild input file:D:\SLE-ID\slekey\AppScope\app.json5 cache by regenerate.
[2026-07-27T01:30:58.018] [DEBUG] debug-file - Update task entry:default@PreBuild input file:D:\SLE-ID\slekey\entry\src\main\module.json5 cache by regenerate.
[2026-07-27T01:30:58.019] [DEBUG] debug-file - Update task entry:default@PreBuild input file:D:\SLE-ID\slekey\build-profile.json5 cache by regenerate.
[2026-07-27T01:30:58.019] [DEBUG] debug-file - Update task entry:default@PreBuild input file:D:\SLE-ID\slekey\entry\build-profile.json5 cache by regenerate.
[2026-07-27T01:30:58.019] [DEBUG] debug-file - Update task entry:default@PreBuild input file:D:\SLE-ID\slekey\entry\src\main\resources\base\profile\main_pages.json cache by regenerate.
[2026-07-27T01:30:58.019] [DEBUG] debug-file - Update task entry:default@PreBuild input file:D:\SLE-ID\slekey\hvigor\hvigor-config.json5 cache by regenerate.
[2026-07-27T01:30:58.019] [DEBUG] debug-file - Update task entry:default@PreBuild input file:D:\SLE-ID\slekey\entry\oh-package.json5 cache by regenerate.
[2026-07-27T01:30:58.019] [DEBUG] debug-file - Update task entry:default@PreBuild input file:D:\SLE-ID\slekey\oh-package.json5 cache by regenerate.
[2026-07-27T01:30:58.019] [DEBUG] debug-file - Incremental task entry:default@PreBuild post-execution cost:2 ms .
[2026-07-27T01:30:58.019] [DEBUG] debug-file - Update task entry:default@CreateModuleInfo output file:D:\SLE-ID\slekey\entry\build\default\generated\profile\default\ModuleInfo.ts cache.
[2026-07-27T01:30:58.019] [DEBUG] debug-file - Incremental task entry:default@CreateModuleInfo post-execution cost:1 ms .
[2026-07-27T01:30:58.019] [DEBUG] debug-file - There is no need to refresh cache, since the incremental task entry:default@GenerateMetadata is up-to-date.
[2026-07-27T01:30:58.019] [DEBUG] debug-file - There is no need to refresh cache, since the incremental task entry:default@MergeProfile is up-to-date.
[2026-07-27T01:30:58.019] [DEBUG] debug-file - There is no need to refresh cache, since the incremental task entry:default@CreateBuildProfile is up-to-date.
[2026-07-27T01:30:58.019] [DEBUG] debug-file - There is no need to refresh cache, since the incremental task entry:default@GeneratePkgContextInfo is up-to-date.
[2026-07-27T01:30:58.019] [DEBUG] debug-file - Update task entry:default@GeneratePkgSdkInfo output file:D:\SLE-ID\slekey\entry\build\default\intermediates\loader\default\pkgSdkInfo.json cache.
[2026-07-27T01:30:58.019] [DEBUG] debug-file - Incremental task entry:default@GeneratePkgSdkInfo post-execution cost:1 ms .
[2026-07-27T01:30:58.019] [DEBUG] debug-file - Update task entry:default@ProcessIntegratedHsp output file:D:\SLE-ID\slekey\build\cache\default\integrated_hsp\integratedHspCache.json cache.
[2026-07-27T01:30:58.020] [DEBUG] debug-file - Incremental task entry:default@ProcessIntegratedHsp post-execution cost:1 ms .
[2026-07-27T01:30:58.020] [DEBUG] debug-file - There is no need to refresh cache, since the incremental task entry:default@MakePackInfo is up-to-date.
[2026-07-27T01:30:58.020] [DEBUG] debug-file - Update task entry:default@SyscapTransform input file:C:\Program Files\Huawei\DevEco Studio\sdk\default\openharmony\toolchains\syscap_tool.exe cache by regenerate.
[2026-07-27T01:30:58.020] [DEBUG] debug-file - Update task entry:default@SyscapTransform input file:C:\Program Files\Huawei\DevEco Studio\sdk\default\openharmony\ets\api\device-define cache by regenerate.
[2026-07-27T01:30:58.020] [DEBUG] debug-file - Update task entry:default@SyscapTransform output file:D:\SLE-ID\slekey\entry\build\default\intermediates\syscap\default\rpcid.sc cache.
[2026-07-27T01:30:58.020] [DEBUG] debug-file - Incremental task entry:default@SyscapTransform post-execution cost:1 ms .
[2026-07-27T01:30:58.020] [DEBUG] debug-file - There is no need to refresh cache, since the incremental task entry:default@ProcessProfile is up-to-date.
[2026-07-27T01:30:58.020] [DEBUG] debug-file - There is no need to refresh cache, since the incremental task entry:default@ProcessRouterMap is up-to-date.
[2026-07-27T01:30:58.020] [DEBUG] debug-file - There is no need to refresh cache, since the incremental task entry:default@ProcessShareConfig is up-to-date.
[2026-07-27T01:30:58.020] [DEBUG] debug-file - Update task entry:default@ProcessStartupConfig input file:D:\SLE-ID\slekey\entry\build\default\intermediates\loader\default\pkgContextInfo.json cache by regenerate.
[2026-07-27T01:30:58.020] [DEBUG] debug-file - Update task entry:default@ProcessStartupConfig output file:D:\SLE-ID\slekey\entry\build\default\intermediates\startup\default\startup_config.json cache.
[2026-07-27T01:30:58.020] [DEBUG] debug-file - Incremental task entry:default@ProcessStartupConfig post-execution cost:1 ms .
[2026-07-27T01:30:58.020] [DEBUG] debug-file - There is no need to refresh cache, since the incremental task entry:default@ProcessResource is up-to-date.
[2026-07-27T01:30:58.020] [DEBUG] debug-file - There is no need to refresh cache, since the incremental task entry:default@GenerateLoaderJson is up-to-date.
[2026-07-27T01:30:58.020] [DEBUG] debug-file - There is no need to refresh cache, since the incremental task entry:default@ProcessLibs is up-to-date.
[2026-07-27T01:30:58.020] [DEBUG] debug-file - There is no need to refresh cache, since the incremental task entry:default@CompileResource is up-to-date.
[2026-07-27T01:30:58.020] [DEBUG] debug-file - There is no need to refresh cache, since the incremental task entry:default@DoNativeStrip is up-to-date.
[2026-07-27T01:30:58.021] [DEBUG] debug-file - Update task entry:default@CompileArkTS input file:D:\SLE-ID\slekey\entry\build\default\intermediates\loader\default cache by regenerate.
[2026-07-27T01:30:58.021] [DEBUG] debug-file - Update task entry:default@CompileArkTS input file:D:\SLE-ID\slekey\oh_modules\.ohpm\@ohos+hypium@1.0.19\oh_modules\@ohos\hypium\index.js cache by regenerate.
[2026-07-27T01:30:58.021] [DEBUG] debug-file - Update task entry:default@CompileArkTS input file:D:\SLE-ID\slekey\entry\build\default\intermediates\res\default\resources\rawfile cache by regenerate.
[2026-07-27T01:30:58.021] [DEBUG] debug-file - Update task entry:default@CompileArkTS input file:D:\SLE-ID\slekey\entry\build\default\intermediates\res\default\ResourceTable.txt cache by regenerate.
[2026-07-27T01:30:58.021] [DEBUG] debug-file - Update task entry:default@CompileArkTS input file:D:\SLE-ID\slekey\entry\build\default\intermediates\res\default\ark_module.json cache by regenerate.
[2026-07-27T01:30:58.021] [DEBUG] debug-file - Update task entry:default@CompileArkTS input file:D:\SLE-ID\slekey\entry\build\default\intermediates\res\default\resources\base\profile cache by regenerate.
[2026-07-27T01:30:58.022] [DEBUG] debug-file - Update task entry:default@CompileArkTS input file:D:\SLE-ID\slekey\entry\src\main\ets cache from map.
[2026-07-27T01:30:58.022] [DEBUG] debug-file - Update task entry:default@CompileArkTS input file:D:\SLE-ID\slekey\entry\build\default\intermediates\loader\default\pkgContextInfo.json cache by regenerate.
[2026-07-27T01:30:58.022] [DEBUG] debug-file - Update task entry:default@CompileArkTS input file:D:\SLE-ID\slekey\entry\build\default\generated\profile\default\BuildProfile.ets cache by regenerate.
[2026-07-27T01:30:58.022] [DEBUG] debug-file - Update task entry:default@CompileArkTS output file:D:\SLE-ID\slekey\entry\build\default\intermediates\loader_out\default\ets cache.
[2026-07-27T01:30:58.022] [DEBUG] debug-file - Incremental task entry:default@CompileArkTS post-execution cost:2 ms .
[2026-07-27T01:30:58.022] [DEBUG] debug-file - Update task entry:default@BuildJS input file:D:\SLE-ID\slekey\entry\build\default\intermediates\loader\default cache by regenerate.
[2026-07-27T01:30:58.022] [DEBUG] debug-file - Update task entry:default@BuildJS input file:D:\SLE-ID\slekey\oh_modules\.ohpm\@ohos+hypium@1.0.19\oh_modules\@ohos\hypium\index.js cache by regenerate.
[2026-07-27T01:30:58.022] [DEBUG] debug-file - Update task entry:default@BuildJS input file:D:\SLE-ID\slekey\entry\build\default\intermediates\res\default\resources\rawfile cache by regenerate.
[2026-07-27T01:30:58.023] [DEBUG] debug-file - Update task entry:default@BuildJS input file:D:\SLE-ID\slekey\entry\build\default\intermediates\res\default\ResourceTable.txt cache by regenerate.
[2026-07-27T01:30:58.023] [DEBUG] debug-file - Update task entry:default@BuildJS input file:D:\SLE-ID\slekey\entry\build\default\intermediates\res\default\ark_module.json cache by regenerate.
[2026-07-27T01:30:58.023] [DEBUG] debug-file - Update task entry:default@BuildJS input file:D:\SLE-ID\slekey\entry\build\default\intermediates\res\default\resources\base\profile cache by regenerate.
[2026-07-27T01:30:58.023] [DEBUG] debug-file - Update task entry:default@BuildJS input file:D:\SLE-ID\slekey\entry\build\default\intermediates\loader\default\pkgContextInfo.json cache by regenerate.
[2026-07-27T01:30:58.023] [DEBUG] debug-file - Update task entry:default@BuildJS output file:D:\SLE-ID\slekey\entry\build\default\intermediates\loader_out\default\js cache.
[2026-07-27T01:30:58.023] [DEBUG] debug-file - Incremental task entry:default@BuildJS post-execution cost:2 ms .
[2026-07-27T01:30:58.023] [DEBUG] debug-file - There is no need to refresh cache, since the incremental task entry:default@CacheNativeLibs is up-to-date.
[2026-07-27T01:30:58.023] [DEBUG] debug-file - There is no need to refresh cache, since the incremental task entry:default@GeneratePkgModuleJson is up-to-date.
[2026-07-27T01:30:58.023] [DEBUG] debug-file - Incremental task entry:default@ProcessCompiledResources post-execution cost:1 ms .
[2026-07-27T01:30:58.023] [DEBUG] debug-file - Update task entry:default@PackageHap input file:D:\SLE-ID\slekey\entry\build\default\intermediates\stripped_native_libs\default cache by regenerate.
[2026-07-27T01:30:58.023] [DEBUG] debug-file - Update task entry:default@PackageHap input file:D:\SLE-ID\slekey\entry\build\default\intermediates\res\default\module.json cache by regenerate.
[2026-07-27T01:30:58.023] [DEBUG] debug-file - Update task entry:default@PackageHap input file:D:\SLE-ID\slekey\entry\build\default\intermediates\res\default\resources cache by regenerate.
[2026-07-27T01:30:58.024] [DEBUG] debug-file - Update task entry:default@PackageHap input file:D:\SLE-ID\slekey\entry\build\default\intermediates\res\default\resources.index cache by regenerate.
[2026-07-27T01:30:58.024] [DEBUG] debug-file - Update task entry:default@PackageHap input file:D:\SLE-ID\slekey\entry\build\default\outputs\default\pack.info cache by regenerate.
[2026-07-27T01:30:58.024] [DEBUG] debug-file - Update task entry:default@PackageHap input file:D:\SLE-ID\slekey\entry\build\default\intermediates\loader_out\default\ets cache from map.
[2026-07-27T01:30:58.024] [DEBUG] debug-file - Update task entry:default@PackageHap input file:D:\SLE-ID\slekey\entry\build\default\intermediates\loader\default\pkgContextInfo.json cache by regenerate.
[2026-07-27T01:30:58.024] [DEBUG] debug-file - Update task entry:default@PackageHap input file:D:\SLE-ID\slekey\entry\build\default\intermediates\loader_out\default\ets\sourceMaps.map cache by regenerate.
[2026-07-27T01:30:58.024] [DEBUG] debug-file - Update task entry:default@PackageHap input file:D:\SLE-ID\slekey\entry\build\default\generated\profile\default\BuildProfile.ets cache by regenerate.
[2026-07-27T01:30:58.024] [DEBUG] debug-file - Update task entry:default@PackageHap output file:D:\SLE-ID\slekey\entry\build\default\outputs\default\entry-default-unsigned.hap cache.
[2026-07-27T01:30:58.024] [DEBUG] debug-file - Update task entry:default@PackageHap output file:D:\SLE-ID\slekey\entry\build\default\intermediates\source_map\default\sourceMaps.map cache.
[2026-07-27T01:30:58.024] [DEBUG] debug-file - Update task entry:default@PackageHap output file:D:\SLE-ID\slekey\entry\build\default\outputs\default\mapping\sourceMaps.map cache.
[2026-07-27T01:30:58.024] [DEBUG] debug-file - Incremental task entry:default@PackageHap post-execution cost:2 ms .
[2026-07-27T01:30:58.025] [DEBUG] debug-file - Update task entry:default@SignHap input file:C:\Users\32569\.ohos\config\default_slekey_UdSWNgKqYUi41KW_P95ww1Ca7HcZmrBKmrk2w4ao7DE=.cer cache by regenerate.
[2026-07-27T01:30:58.025] [DEBUG] debug-file - Update task entry:default@SignHap input file:C:\Users\32569\.ohos\config\default_slekey_UdSWNgKqYUi41KW_P95ww1Ca7HcZmrBKmrk2w4ao7DE=.p7b cache by regenerate.
[2026-07-27T01:30:58.025] [DEBUG] debug-file - Update task entry:default@SignHap input file:C:\Users\32569\.ohos\config\default_slekey_UdSWNgKqYUi41KW_P95ww1Ca7HcZmrBKmrk2w4ao7DE=.p12 cache by regenerate.
[2026-07-27T01:30:58.025] [DEBUG] debug-file - Update task entry:default@SignHap input file:D:\SLE-ID\slekey\entry\build\default\outputs\default\entry-default-unsigned.hap cache from map.
[2026-07-27T01:30:58.025] [DEBUG] debug-file - Update task entry:default@SignHap output file:D:\SLE-ID\slekey\entry\build\default\outputs\default\entry-default-signed.hap cache.
[2026-07-27T01:30:58.025] [DEBUG] debug-file - Incremental task entry:default@SignHap post-execution cost:1 ms .
[2026-07-27T01:30:58.025] [DEBUG] debug-file - Update task entry:default@CollectDebugSymbol input file:D:\SLE-ID\slekey\entry\build\default\intermediates\loader_out\default\ets\sourceMaps.map cache by regenerate.
[2026-07-27T01:30:58.025] [DEBUG] debug-file - Update task entry:default@CollectDebugSymbol input file:D:\SLE-ID\slekey\entry\build\default\intermediates\libs\default cache by regenerate.
[2026-07-27T01:30:58.025] [DEBUG] debug-file - Update task entry:default@CollectDebugSymbol output file:D:\SLE-ID\slekey\entry\build\default\outputs\default\symbol cache.
[2026-07-27T01:30:58.025] [DEBUG] debug-file - Incremental task entry:default@CollectDebugSymbol post-execution cost:1 ms .
[2026-07-27T01:30:58.035] [DEBUG] debug-file - Cleanup worker 0.
[2026-07-27T01:30:58.035] [DEBUG] debug-file - Worker 0 has been cleaned up.
[2026-07-27T01:30:58.035] [DEBUG] debug-file - Current idle worker size: 3.
[2026-07-27T01:30:58.035] [DEBUG] debug-file - Current resident worker size: 4.
[2026-07-27T01:30:58.035] [DEBUG] debug-file - Cleanup worker 1.
[2026-07-27T01:30:58.035] [DEBUG] debug-file - Worker 1 has been cleaned up.
[2026-07-27T01:30:58.035] [DEBUG] debug-file - Current idle worker size: 2.
[2026-07-27T01:30:58.035] [DEBUG] debug-file - Current resident worker size: 4.
[2026-07-27T01:30:58.035] [DEBUG] debug-file - Cleanup worker 22.
[2026-07-27T01:30:58.035] [DEBUG] debug-file - Worker 22 has been cleaned up.
[2026-07-27T01:30:58.035] [DEBUG] debug-file - Current idle worker size: 1.
[2026-07-27T01:30:58.035] [DEBUG] debug-file - Current resident worker size: 4.
[2026-07-27T01:30:58.037] [DEBUG] debug-file - session manager: send message to worker process.
[2026-07-27T01:30:58.037] [DEBUG] debug-file - session manager: send message to worker process.
[2026-07-27T01:30:58.036] [DEBUG] debug-file - hvigor build process will be closed.
[2026-07-27T01:30:58.036] [DEBUG] debug-file - java daemon socket close code:1000 reason:close by user
[2026-07-27T01:30:58.037] [DEBUG] debug-file - worker[0] exits with exit code 1.
[2026-07-27T01:30:58.038] [DEBUG] debug-file - worker[1] exits with exit code 1.
[2026-07-27T01:30:58.038] [DEBUG] debug-file - watch worker: worker id should be larger than 0. Nothing will be sent to any worker thread.
[2026-07-27T01:30:58.038] [DEBUG] debug-file - watch worker: worker id should be larger than 0. Nothing will be sent to any worker thread.
[2026-07-27T01:30:58.040] [DEBUG] debug-file - worker[22] exits with exit code 1.
[2026-07-27T01:32:13.717] [DEBUG] debug-file - env: daemon=true
[2026-07-27T01:32:13.641] [DEBUG] debug-file - env: nodejsVersion=v18.20.1
[2026-07-27T01:32:13.642] [DEBUG] debug-file - env: hvigor-config.json5 content = {
  modelVersion: '5.0.0',
  dependencies: {},
  execution: {},
  logging: {},
  debugging: {},
  nodeOptions: {}
}
[2026-07-27T01:32:14.267] [DEBUG] debug-file - hvigor java daemon: Starting java daemon. jvmXmxValue=512m, jarPath=C:\Program Files\Huawei\DevEco Studio\tools\hvigor\hvigor\lib\hvigor-java-daemon.jar
[2026-07-27T01:32:14.267] [DEBUG] debug-file - hvigor java daemon: Read cache file, 
    port=45050, pid=15400, sessionId exists=true
[2026-07-27T01:32:14.286] [DEBUG] debug-file - hvigor java daemon: tryConnect success
[2026-07-27T01:32:14.311] [DEBUG] debug-file - session manager: set active socket. socketId=hAYcAsxqC79gmmfhAAAB
[2026-07-27T01:32:14.860] [DEBUG] debug-file - watch worker: worker id should be larger than 0. Nothing will be sent to any worker thread.
[2026-07-27T01:32:14.863] [DEBUG] debug-file - Since there is no instance or instance is terminated, create a new worker pool.
[2026-07-27T01:32:14.863] [DEBUG] debug-file - Worker pool is initialized with config:  {
  minPoolNum: 2,
  maxPoolNum: undefined,
  maxCoreSize: undefined,
  cacheCapacity: undefined,
  cacheTtl: undefined
}
[2026-07-27T01:32:14.864] [DEBUG] debug-file - Create  resident worker with id: 0.
[2026-07-27T01:32:14.866] [DEBUG] debug-file - Create  resident worker with id: 1.
[2026-07-27T01:32:14.868] [DEBUG] debug-file - Workers' log level updated to INFO
[2026-07-27T01:32:14.874] [DEBUG] debug-file - Hvigor init with startParameters:{
  hvigorfileTypeCheck: false,
  parallelExecution: true,
  incrementalExecution: true,
  printStackTrace: false,
  daemon: true,
  analyze: 0,
  logLevel: Level { level: 20000, levelStr: 'INFO', colour: 'green' },
  optimizationStrategy: 'memory',
  hotCompile: undefined,
  hotReloadBuild: undefined,
  customizedParam: undefined
}
[2026-07-27T01:32:14.878] [DEBUG] debug-file - Cache service initialization finished in 4 ms 
[2026-07-27T01:32:14.880] [DEBUG] debug-file - hvigorfile, resolving D:\SLE-ID\slekey\hvigorfile.ts
[2026-07-27T01:32:16.022] [DEBUG] debug-file - hvigorfile, require result:  { default: { plugins: [] } }
[2026-07-27T01:32:16.023] [DEBUG] debug-file - hvigorfile, binding system plugins null
[2026-07-27T01:32:16.023] [DEBUG] debug-file - Starting plugin build process
[2026-07-27T01:32:16.023] [DEBUG] debug-file - App plugin prepare start...
[2026-07-27T01:32:16.023] [DEBUG] debug-file - App plugin prepare end...
[2026-07-27T01:32:16.023] [DEBUG] debug-file - App plugin creating...
[2026-07-27T01:32:16.156] [DEBUG] debug-file - App plugin register hook start...
[2026-07-27T01:32:16.156] [DEBUG] debug-file - App plugin register hook end...
[2026-07-27T01:32:16.156] [DEBUG] debug-file - Plugin build process completed
[2026-07-27T01:32:16.157] [DEBUG] debug-file - Start initialize project's product build option map with build mode debug.
[2026-07-27T01:32:16.157] [DEBUG] debug-file - Picking option from product 'default' with build mode 'debug'.
[2026-07-27T01:32:16.158] [DEBUG] debug-file - Product 'default' build option initialized
[2026-07-27T01:32:16.158] [DEBUG] debug-file - End initialize project's product build option map with build mode 'debug'.
[2026-07-27T01:32:16.159] [DEBUG] debug-file - Obtain build option for product 'default'in this build.
[2026-07-27T01:32:16.160] [DEBUG] debug-file - D:\SLE-ID\slekey\build\cache\default\remote_hsp\remoteHspCache.json not exists.
[2026-07-27T01:32:16.162] [DEBUG] debug-file - Local scan or download HarmonyOS sdk components toolchains,ets,js,native,previewer
[2026-07-27T01:32:16.164] [DEBUG] debug-file - Local scan or download hmscore sdk components toolchains,ets,native
[2026-07-27T01:32:16.165] [DEBUG] debug-file - Start recording SDK configuration permission data.
[2026-07-27T01:32:16.190] [DEBUG] debug-file - Sdk init in 30 ms 
[2026-07-27T01:32:16.196] [DEBUG] debug-file - Project task initialization takes 5 ms 
[2026-07-27T01:32:16.196] [DEBUG] debug-file - hvigorfile, begin to bind custom plugins...
[2026-07-27T01:32:16.196] [DEBUG] debug-file - hvigorfile, no custom plugins were found in D:\SLE-ID\slekey\hvigorfile.ts
[2026-07-27T01:32:16.196] [DEBUG] debug-file - hvigorfile, resolve finished D:\SLE-ID\slekey\hvigorfile.ts
[2026-07-27T01:32:16.197] [DEBUG] debug-file - hvigorfile, resolving D:\SLE-ID\slekey\entry\hvigorfile.ts
[2026-07-27T01:32:16.201] [DEBUG] debug-file - hvigorfile, require result:  { default: { plugins: [] } }
[2026-07-27T01:32:16.201] [DEBUG] debug-file - hvigorfile, binding system plugins null
[2026-07-27T01:32:16.201] [DEBUG] debug-file - Starting plugin build process
[2026-07-27T01:32:16.201] [DEBUG] debug-file - Hap plugin creating...
[2026-07-27T01:32:16.202] [DEBUG] debug-file - failed to load cangjie to dynamically generate schemas: Error: Cannot find module '@ohos/cangjie-build-support/index'
Require stack:
- C:\Program Files\Huawei\DevEco Studio\tools\hvigor\hvigor-ohos-plugin\src\plugin\hooks\cangjie-register.js
- C:\Program Files\Huawei\DevEco Studio\tools\hvigor\hvigor-ohos-plugin\src\plugin\strategy\stage-init-strategy.js
- C:\Program Files\Huawei\DevEco Studio\tools\hvigor\hvigor-ohos-plugin\src\plugin\builder\abstract-plugin-builder.js
- C:\Program Files\Huawei\DevEco Studio\tools\hvigor\hvigor-ohos-plugin\src\plugin\builder\app-plugin-builder.js
- C:\Program Files\Huawei\DevEco Studio\tools\hvigor\hvigor-ohos-plugin\src\plugin\factory\plugin-factory.js
- C:\Program Files\Huawei\DevEco Studio\tools\hvigor\hvigor-ohos-plugin\index.js
- D:\SLE-ID\slekey\hvigorfile.ts
- C:\Program Files\Huawei\DevEco Studio\tools\hvigor\hvigor\src\base\internal\lifecycle\configuration.js
- C:\Program Files\Huawei\DevEco Studio\tools\hvigor\hvigor\src\base\boot\index.js
- C:\Program Files\Huawei\DevEco Studio\tools\hvigor\hvigor\src\base\daemon\cluster\worker-process-lifecycle.js
- C:\Program Files\Huawei\DevEco Studio\tools\hvigor\hvigor\src\base\daemon\process\daemon-process-boot-script.js
[2026-07-27T01:32:16.212] [DEBUG] debug-file - Start initialize module-target build option map, moduleName=entry, buildMode=debug
[2026-07-27T01:32:16.212] [DEBUG] debug-file - Target 'default' config initialized
[2026-07-27T01:32:16.213] [DEBUG] debug-file - Module 'entry' target 'default' build option initialized
[2026-07-27T01:32:16.213] [DEBUG] debug-file - End initialize module-target build option map, moduleName=entry
[2026-07-27T01:32:16.213] [DEBUG] debug-file - Start initialize module-target build option map, moduleName=entry, buildMode=release
[2026-07-27T01:32:16.213] [DEBUG] debug-file - Target 'default' config initialized
[2026-07-27T01:32:16.213] [DEBUG] debug-file - Module 'entry' target 'default' build option initialized
[2026-07-27T01:32:16.213] [DEBUG] debug-file - End initialize module-target build option map, moduleName=entry
[2026-07-27T01:32:16.213] [DEBUG] debug-file - Start initialize module-target build option map, moduleName=entry, buildMode=debug
[2026-07-27T01:32:16.213] [DEBUG] debug-file - Target 'default' config initialized
[2026-07-27T01:32:16.214] [DEBUG] debug-file - Module 'entry' target 'default' build option initialized
[2026-07-27T01:32:16.214] [DEBUG] debug-file - End initialize module-target build option map, moduleName=entry
[2026-07-27T01:32:16.214] [DEBUG] debug-file - Obtain build option for module 'entry' target 'default'in this build.
[2026-07-27T01:32:16.217] [DEBUG] debug-file - Module entry task initialization takes 3 ms 
[2026-07-27T01:32:16.217] [DEBUG] debug-file - Hap plugin register hook start...
[2026-07-27T01:32:16.217] [DEBUG] debug-file - Hap plugin register hook end...
[2026-07-27T01:32:16.217] [DEBUG] debug-file - Plugin build process completed
[2026-07-27T01:32:16.217] [DEBUG] debug-file - hvigorfile, begin to bind custom plugins...
[2026-07-27T01:32:16.217] [DEBUG] debug-file - hvigorfile, no custom plugins were found in D:\SLE-ID\slekey\entry\hvigorfile.ts
[2026-07-27T01:32:16.218] [DEBUG] debug-file - hvigorfile, resolve finished D:\SLE-ID\slekey\entry\hvigorfile.ts
[2026-07-27T01:32:16.264] [DEBUG] debug-file - hvigorfile, resolve hvigorfile dependencies in 46 ms 
[2026-07-27T01:32:16.264] [DEBUG] debug-file - project has submodules:entry
[2026-07-27T01:32:16.265] [DEBUG] debug-file - start to load updatedOhPackageInfo to the disk
[2026-07-27T01:32:16.267] [DEBUG] debug-file - load to the disk finished
[2026-07-27T01:32:16.267] [DEBUG] debug-file - Start to initialize dependency information.
[2026-07-27T01:32:16.271] [DEBUG] debug-file - Module slekey Collected Dependency: D:\SLE-ID\slekey\oh_modules\.ohpm\@ohos+hypium@1.0.19\oh_modules\@ohos\hypium
[2026-07-27T01:32:16.271] [DEBUG] debug-file - Module slekey's total dependency: 1
[2026-07-27T01:32:16.272] [DEBUG] debug-file - Start to initialize dependency information.
[2026-07-27T01:32:16.274] [DEBUG] debug-file - Module entry Collected Dependency: D:\SLE-ID\slekey\oh_modules\.ohpm\@ohos+hypium@1.0.19\oh_modules\@ohos\hypium
[2026-07-27T01:32:16.274] [DEBUG] debug-file - Module entry's total dependency: 1
[2026-07-27T01:32:16.276] [DEBUG] debug-file - Configuration phase cost:1 s 398 ms 
[2026-07-27T01:32:16.277] [DEBUG] debug-file - Configuration task cost before running: 1 s 409 ms 
[2026-07-27T01:32:16.281] [DEBUG] debug-file - Executing task :entry:default@PreBuild
[2026-07-27T01:32:16.283] [DEBUG] debug-file - Task 'entry:default@PreBuild' cost while wrapping incremental declarations: 1 ms 
[2026-07-27T01:32:16.287] [DEBUG] debug-file - entry:default@PreBuild is not up-to-date, since the task snapshots are different.
[2026-07-27T01:32:16.288] [DEBUG] debug-file - Incremental task entry:default@PreBuild pre-execution cost: 4 ms .
[2026-07-27T01:32:16.374] [DEBUG] debug-file - current product is not Atomic service.
[2026-07-27T01:32:16.374] [DEBUG] debug-file - Use tool [win32: JAVA_HOME, CLASSPATH]
 [
  { JAVA_HOME: 'C:\\Program Files\\Huawei\\DevEco Studio\\jbr' },
  { CLASSPATH: undefined }
]
[2026-07-27T01:32:16.374] [DEBUG] debug-file - Use tool [win32: NODE_HOME]
 [
  {
    NODE_HOME: 'C:\\Program Files\\Huawei\\DevEco Studio\\tools\\node'
  }
]
[2026-07-27T01:32:16.375] [DEBUG] debug-file - entry : default@PreBuild cost memory 13.664207458496094
[2026-07-27T01:32:16.375] [DEBUG] debug-file - runTaskFromQueue task cost before running: 1 s 508 ms 
[2026-07-27T01:32:16.377] [INFO] debug-file - Finished :entry:default@PreBuild... after 94 ms 
[2026-07-27T01:32:16.378] [DEBUG] debug-file - Executing task :entry:default@CreateModuleInfo
[2026-07-27T01:32:16.378] [DEBUG] debug-file - Task 'entry:default@CreateModuleInfo' cost while wrapping incremental declarations: 1 ms 
[2026-07-27T01:32:16.378] [DEBUG] debug-file - entry : default@CreateModuleInfo cost memory 0.04248809814453125
[2026-07-27T01:32:16.378] [DEBUG] debug-file - runTaskFromQueue task cost before running: 1 s 510 ms 
[2026-07-27T01:32:16.378] [INFO] debug-file - Finished :entry:default@CreateModuleInfo... after 1 ms 
[2026-07-27T01:32:16.380] [DEBUG] debug-file - Executing task :entry:default@GenerateMetadata
[2026-07-27T01:32:16.381] [DEBUG] debug-file - Task 'entry:default@GenerateMetadata' cost while wrapping incremental declarations: 1 ms 
[2026-07-27T01:32:16.382] [DEBUG] debug-file - Incremental task entry:default@GenerateMetadata pre-execution cost: 1 ms .
[2026-07-27T01:32:16.382] [DEBUG] debug-file - entry : default@GenerateMetadata cost memory 0.0878143310546875
[2026-07-27T01:32:16.382] [INFO] debug-file - UP-TO-DATE :entry:default@GenerateMetadata...  
[2026-07-27T01:32:16.383] [DEBUG] debug-file - Executing task :entry:default@ConfigureCmake
[2026-07-27T01:32:16.383] [DEBUG] debug-file - entry : default@ConfigureCmake cost memory 0.2600250244140625
[2026-07-27T01:32:16.383] [DEBUG] debug-file - runTaskFromQueue task cost before running: 1 s 515 ms 
[2026-07-27T01:32:16.383] [INFO] debug-file - Finished :entry:default@ConfigureCmake... after 1 ms 
[2026-07-27T01:32:16.384] [DEBUG] debug-file - Executing task :entry:default@MergeProfile
[2026-07-27T01:32:16.384] [DEBUG] debug-file - Task 'entry:default@MergeProfile' cost while wrapping incremental declarations: 1 ms 
[2026-07-27T01:32:16.386] [DEBUG] debug-file - Incremental task entry:default@MergeProfile pre-execution cost: 1 ms .
[2026-07-27T01:32:16.386] [DEBUG] debug-file - entry : default@MergeProfile cost memory 0.14357757568359375
[2026-07-27T01:32:16.386] [INFO] debug-file - UP-TO-DATE :entry:default@MergeProfile...  
[2026-07-27T01:32:16.387] [DEBUG] debug-file - Executing task :entry:default@CreateBuildProfile
[2026-07-27T01:32:16.387] [DEBUG] debug-file - Task 'entry:default@CreateBuildProfile' cost while wrapping incremental declarations: 1 ms 
[2026-07-27T01:32:16.388] [DEBUG] debug-file - Incremental task entry:default@CreateBuildProfile pre-execution cost: 1 ms .
[2026-07-27T01:32:16.388] [DEBUG] debug-file - entry : default@CreateBuildProfile cost memory 0.104217529296875
[2026-07-27T01:32:16.388] [INFO] debug-file - UP-TO-DATE :entry:default@CreateBuildProfile...  
[2026-07-27T01:32:16.389] [DEBUG] debug-file - Executing task :entry:default@PreCheckSyscap
[2026-07-27T01:32:16.389] [DEBUG] debug-file - entry : default@PreCheckSyscap cost memory 0.01479339599609375
[2026-07-27T01:32:16.389] [DEBUG] debug-file - runTaskFromQueue task cost before running: 1 s 521 ms 
[2026-07-27T01:32:16.389] [INFO] debug-file - Finished :entry:default@PreCheckSyscap... after 1 ms 
[2026-07-27T01:32:16.390] [DEBUG] debug-file - Executing task :entry:default@GeneratePkgContextInfo
[2026-07-27T01:32:16.396] [DEBUG] debug-file - Task 'entry:default@GeneratePkgContextInfo' cost while wrapping incremental declarations: 1 ms 
[2026-07-27T01:32:16.397] [DEBUG] debug-file - Incremental task entry:default@GeneratePkgContextInfo pre-execution cost: 1 ms .
[2026-07-27T01:32:16.397] [DEBUG] debug-file - entry : default@GeneratePkgContextInfo cost memory 0.5743331909179688
[2026-07-27T01:32:16.397] [INFO] debug-file - UP-TO-DATE :entry:default@GeneratePkgContextInfo...  
[2026-07-27T01:32:16.398] [DEBUG] debug-file - Executing task :entry:default@GeneratePkgSdkInfo
[2026-07-27T01:32:16.399] [DEBUG] debug-file - Dependency key: @ohos/hypium already exists, current dependency listed in devDependencies will be ignored.
[2026-07-27T01:32:16.399] [DEBUG] debug-file - Task 'entry:default@GeneratePkgSdkInfo' cost while wrapping incremental declarations: 1 ms 
[2026-07-27T01:32:16.399] [DEBUG] debug-file - entry : default@GeneratePkgSdkInfo cost memory 0.12999725341796875
[2026-07-27T01:32:16.399] [DEBUG] debug-file - runTaskFromQueue task cost before running: 1 s 532 ms 
[2026-07-27T01:32:16.400] [INFO] debug-file - Finished :entry:default@GeneratePkgSdkInfo... after 2 ms 
[2026-07-27T01:32:16.401] [DEBUG] debug-file - Executing task :entry:default@ProcessIntegratedHsp
[2026-07-27T01:32:16.402] [DEBUG] debug-file - entry:default@ProcessIntegratedHsp is not up-to-date, since the output file 'D:\SLE-ID\slekey\build\cache\default\integrated_hsp\integratedHspCache.json' does not exist.
[2026-07-27T01:32:16.402] [DEBUG] debug-file - Incremental task entry:default@ProcessIntegratedHsp pre-execution cost: 1 ms .
[2026-07-27T01:32:16.402] [DEBUG] debug-file - entry : default@ProcessIntegratedHsp cost memory 0.0550994873046875
[2026-07-27T01:32:16.402] [DEBUG] debug-file - runTaskFromQueue task cost before running: 1 s 534 ms 
[2026-07-27T01:32:16.402] [INFO] debug-file - Finished :entry:default@ProcessIntegratedHsp... after 1 ms 
[2026-07-27T01:32:16.404] [DEBUG] debug-file - Executing task :entry:default@BuildNativeWithCmake
[2026-07-27T01:32:16.405] [DEBUG] debug-file - entry : default@BuildNativeWithCmake cost memory 0.01513671875
[2026-07-27T01:32:16.405] [DEBUG] debug-file - runTaskFromQueue task cost before running: 1 s 537 ms 
[2026-07-27T01:32:16.405] [INFO] debug-file - Finished :entry:default@BuildNativeWithCmake... after 1 ms 
[2026-07-27T01:32:16.405] [DEBUG] debug-file - Executing task :entry:default@MakePackInfo
[2026-07-27T01:32:16.407] [DEBUG] debug-file - Incremental task entry:default@MakePackInfo pre-execution cost: 2 ms .
[2026-07-27T01:32:16.407] [DEBUG] debug-file - entry : default@MakePackInfo cost memory 0.3437957763671875
[2026-07-27T01:32:16.407] [INFO] debug-file - UP-TO-DATE :entry:default@MakePackInfo...  
[2026-07-27T01:32:16.408] [DEBUG] debug-file - Executing task :entry:default@SyscapTransform
[2026-07-27T01:32:16.409] [DEBUG] debug-file - File: 'D:\SLE-ID\slekey\entry\src\main\syscap.json' from 'sysCapJsonPath' is not exists, just ignore.
[2026-07-27T01:32:16.409] [DEBUG] debug-file - Task 'entry:default@SyscapTransform' cost while wrapping incremental declarations: 1 ms 
[2026-07-27T01:32:16.419] [DEBUG] debug-file - entry:default@SyscapTransform is not up-to-date, since the output file 'D:\SLE-ID\slekey\entry\build\default\intermediates\syscap\default\rpcid.sc' does not exist.
[2026-07-27T01:32:16.419] [DEBUG] debug-file - Incremental task entry:default@SyscapTransform pre-execution cost: 10 ms .
[2026-07-27T01:32:16.419] [DEBUG] debug-file - entry : default@SyscapTransform cost memory 0.15625762939453125
[2026-07-27T01:32:16.419] [DEBUG] debug-file - runTaskFromQueue task cost before running: 1 s 551 ms 
[2026-07-27T01:32:16.419] [INFO] debug-file - Finished :entry:default@SyscapTransform... after 11 ms 
[2026-07-27T01:32:16.421] [DEBUG] debug-file - Executing task :entry:default@ProcessProfile
[2026-07-27T01:32:16.422] [DEBUG] debug-file - Task 'entry:default@ProcessProfile' cost while wrapping incremental declarations: 1 ms 
[2026-07-27T01:32:16.422] [DEBUG] debug-file - Incremental task entry:default@ProcessProfile pre-execution cost: 1 ms .
[2026-07-27T01:32:16.422] [DEBUG] debug-file - entry : default@ProcessProfile cost memory 0.13330078125
[2026-07-27T01:32:16.422] [INFO] debug-file - UP-TO-DATE :entry:default@ProcessProfile...  
[2026-07-27T01:32:16.423] [DEBUG] debug-file - Executing task :entry:default@ProcessRouterMap
[2026-07-27T01:32:16.425] [DEBUG] debug-file - Incremental task entry:default@ProcessRouterMap pre-execution cost: 1 ms .
[2026-07-27T01:32:16.425] [DEBUG] debug-file - entry : default@ProcessRouterMap cost memory 0.1679840087890625
[2026-07-27T01:32:16.425] [INFO] debug-file - UP-TO-DATE :entry:default@ProcessRouterMap...  
[2026-07-27T01:32:16.426] [DEBUG] debug-file - Executing task :entry:default@ProcessShareConfig
[2026-07-27T01:32:16.427] [DEBUG] debug-file - Incremental task entry:default@ProcessShareConfig pre-execution cost: 1 ms .
[2026-07-27T01:32:16.427] [DEBUG] debug-file - entry : default@ProcessShareConfig cost memory 0.14270782470703125
[2026-07-27T01:32:16.427] [INFO] debug-file - UP-TO-DATE :entry:default@ProcessShareConfig...  
[2026-07-27T01:32:16.428] [DEBUG] debug-file - Executing task :entry:default@ProcessStartupConfig
[2026-07-27T01:32:16.428] [DEBUG] debug-file - Task 'entry:default@ProcessStartupConfig' cost while wrapping incremental declarations: 1 ms 
[2026-07-27T01:32:16.429] [DEBUG] debug-file - entry:default@ProcessStartupConfig is not up-to-date, since the output file 'D:\SLE-ID\slekey\entry\build\default\intermediates\startup\default\startup_config.json' does not exist.
[2026-07-27T01:32:16.429] [DEBUG] debug-file - Incremental task entry:default@ProcessStartupConfig pre-execution cost: 1 ms .
[2026-07-27T01:32:16.430] [DEBUG] debug-file - entry : default@ProcessStartupConfig cost memory 0.13820648193359375
[2026-07-27T01:32:16.430] [DEBUG] debug-file - runTaskFromQueue task cost before running: 1 s 562 ms 
[2026-07-27T01:32:16.430] [INFO] debug-file - Finished :entry:default@ProcessStartupConfig... after 2 ms 
[2026-07-27T01:32:16.431] [DEBUG] debug-file - Executing task :entry:default@BuildNativeWithNinja
[2026-07-27T01:32:16.431] [DEBUG] debug-file - entry : default@BuildNativeWithNinja cost memory 0.0200347900390625
[2026-07-27T01:32:16.431] [DEBUG] debug-file - runTaskFromQueue task cost before running: 1 s 563 ms 
[2026-07-27T01:32:16.431] [INFO] debug-file - Finished :entry:default@BuildNativeWithNinja... after 1 ms 
[2026-07-27T01:32:16.432] [DEBUG] debug-file - restool module names: entry; moduleName=entry, taskName=default@ProcessResource
[2026-07-27T01:32:16.434] [DEBUG] debug-file - Executing task :entry:default@ProcessResource
[2026-07-27T01:32:16.434] [DEBUG] debug-file - Task 'entry:default@ProcessResource' cost while wrapping incremental declarations: 1 ms 
[2026-07-27T01:32:16.434] [DEBUG] debug-file - Incremental task entry:default@ProcessResource pre-execution cost: 1 ms .
[2026-07-27T01:32:16.434] [DEBUG] debug-file - entry : default@ProcessResource cost memory 0.13037109375
[2026-07-27T01:32:16.435] [INFO] debug-file - UP-TO-DATE :entry:default@ProcessResource...  
[2026-07-27T01:32:16.437] [DEBUG] debug-file - Executing task :entry:default@GenerateLoaderJson
[2026-07-27T01:32:16.438] [DEBUG] debug-file - Task 'entry:default@GenerateLoaderJson' cost while wrapping incremental declarations: 1 ms 
[2026-07-27T01:32:16.444] [DEBUG] debug-file - Incremental task entry:default@GenerateLoaderJson pre-execution cost: 3 ms .
[2026-07-27T01:32:16.444] [DEBUG] debug-file - entry : default@GenerateLoaderJson cost memory 0.5244598388671875
[2026-07-27T01:32:16.445] [INFO] debug-file - UP-TO-DATE :entry:default@GenerateLoaderJson...  
[2026-07-27T01:32:16.446] [DEBUG] debug-file - Executing task :entry:default@ProcessLibs
[2026-07-27T01:32:16.448] [DEBUG] debug-file - Incremental task entry:default@ProcessLibs pre-execution cost: 1 ms .
[2026-07-27T01:32:16.448] [DEBUG] debug-file - entry : default@ProcessLibs cost memory 0.5876541137695312
[2026-07-27T01:32:16.449] [INFO] debug-file - UP-TO-DATE :entry:default@ProcessLibs...  
[2026-07-27T01:32:16.449] [DEBUG] debug-file - restool module names: entry; moduleName=entry, taskName=default@CompileResource
[2026-07-27T01:32:16.450] [DEBUG] debug-file - Executing task :entry:default@CompileResource
[2026-07-27T01:32:16.455] [DEBUG] debug-file - Incremental task entry:default@CompileResource pre-execution cost: 5 ms .
[2026-07-27T01:32:16.455] [DEBUG] debug-file - entry : default@CompileResource cost memory 0.598602294921875
[2026-07-27T01:32:16.455] [INFO] debug-file - UP-TO-DATE :entry:default@CompileResource...  
[2026-07-27T01:32:16.456] [DEBUG] debug-file - Executing task :entry:default@DoNativeStrip
[2026-07-27T01:32:16.456] [DEBUG] debug-file - File: 'D:\SLE-ID\slekey\entry\build\default\intermediates\binxo\default' from 'doBinxoNativeLibs' is not exists, just ignore.
[2026-07-27T01:32:16.456] [DEBUG] debug-file - Task 'entry:default@DoNativeStrip' cost while wrapping incremental declarations: 1 ms 
[2026-07-27T01:32:16.457] [DEBUG] debug-file - Incremental task entry:default@DoNativeStrip pre-execution cost: 1 ms .
[2026-07-27T01:32:16.457] [DEBUG] debug-file - entry : default@DoNativeStrip cost memory 0.09268951416015625
[2026-07-27T01:32:16.457] [INFO] debug-file - UP-TO-DATE :entry:default@DoNativeStrip...  
[2026-07-27T01:32:16.458] [DEBUG] debug-file - Executing task :entry:default@CompileArkTS
[2026-07-27T01:32:16.458] [DEBUG] debug-file - obfuscationOptions: undefined
[2026-07-27T01:32:16.460] [DEBUG] debug-file - Task 'entry:default@CompileArkTS' cost while wrapping incremental declarations: 1 ms 
[2026-07-27T01:32:16.466] [DEBUG] debug-file - Incremental task entry:default@CompileArkTS pre-execution cost: 5 ms .
[2026-07-27T01:32:16.466] [DEBUG] debug-file - entry : default@CompileArkTS cost memory 0.967559814453125
[2026-07-27T01:32:16.467] [INFO] debug-file - UP-TO-DATE :entry:default@CompileArkTS...  
[2026-07-27T01:32:16.467] [DEBUG] debug-file - Executing task :entry:default@BuildJS
[2026-07-27T01:32:16.468] [DEBUG] debug-file - Task 'entry:default@BuildJS' cost while wrapping incremental declarations: 1 ms 
[2026-07-27T01:32:16.469] [DEBUG] debug-file - entry : default@BuildJS cost memory 0.1584625244140625
[2026-07-27T01:32:16.469] [DEBUG] debug-file - runTaskFromQueue task cost before running: 1 s 602 ms 
[2026-07-27T01:32:16.469] [INFO] debug-file - Finished :entry:default@BuildJS... after 2 ms 
[2026-07-27T01:32:16.470] [DEBUG] debug-file - Executing task :entry:default@CacheNativeLibs
[2026-07-27T01:32:16.470] [DEBUG] debug-file - File: 'D:\SLE-ID\slekey\entry\build\default\intermediates\binxo\default' from 'cacheBinxoNativeLibs' is not exists, just ignore.
[2026-07-27T01:32:16.470] [DEBUG] debug-file - Task 'entry:default@CacheNativeLibs' cost while wrapping incremental declarations: 1 ms 
[2026-07-27T01:32:16.471] [DEBUG] debug-file - Incremental task entry:default@CacheNativeLibs pre-execution cost: 1 ms .
[2026-07-27T01:32:16.472] [DEBUG] debug-file - entry : default@CacheNativeLibs cost memory 0.12030792236328125
[2026-07-27T01:32:16.472] [INFO] debug-file - UP-TO-DATE :entry:default@CacheNativeLibs...  
[2026-07-27T01:32:16.472] [DEBUG] debug-file - Executing task :entry:default@GeneratePkgModuleJson
[2026-07-27T01:32:16.472] [DEBUG] debug-file - File: 'D:\SLE-ID\slekey\entry\build\default\intermediates\preload\default\preload.json' from 'preloadSoJsonPath' is not exists, just ignore.
[2026-07-27T01:32:16.473] [DEBUG] debug-file - Error occurs while handling @Input 'shouldDeduplicateHar': The "data" argument must be of type string or an instance of Buffer, TypedArray, or DataView. Received undefined
[2026-07-27T01:32:16.473] [DEBUG] debug-file - Task 'entry:default@GeneratePkgModuleJson' cost while wrapping incremental declarations: 1 ms 
[2026-07-27T01:32:16.473] [DEBUG] debug-file - Incremental task entry:default@GeneratePkgModuleJson pre-execution cost: 1 ms .
[2026-07-27T01:32:16.473] [DEBUG] debug-file - entry : default@GeneratePkgModuleJson cost memory 0.1038360595703125
[2026-07-27T01:32:16.473] [INFO] debug-file - UP-TO-DATE :entry:default@GeneratePkgModuleJson...  
[2026-07-27T01:32:16.474] [DEBUG] debug-file - Executing task :entry:default@ProcessCompiledResources
[2026-07-27T01:32:16.474] [DEBUG] debug-file - File: 'D:\SLE-ID\slekey\entry\build\default\intermediates\preload\default\preload.json' from 'preloadSoJsonPath' is not exists, just ignore.
[2026-07-27T01:32:16.474] [DEBUG] debug-file - Task 'entry:default@ProcessCompiledResources' cost while wrapping incremental declarations: 1 ms 
[2026-07-27T01:32:16.474] [DEBUG] debug-file - entry : default@ProcessCompiledResources cost memory 0.0584716796875
[2026-07-27T01:32:16.475] [DEBUG] debug-file - runTaskFromQueue task cost before running: 1 s 607 ms 
[2026-07-27T01:32:16.475] [INFO] debug-file - Finished :entry:default@ProcessCompiledResources... after 1 ms 
[2026-07-27T01:32:16.476] [DEBUG] debug-file - Executing task :entry:default@PackageHap
[2026-07-27T01:32:16.480] [DEBUG] debug-file - Incremental task entry:default@PackageHap pre-execution cost: 4 ms .
[2026-07-27T01:32:16.480] [DEBUG] debug-file - entry : default@PackageHap cost memory 0.6165847778320312
[2026-07-27T01:32:16.480] [INFO] debug-file - UP-TO-DATE :entry:default@PackageHap...  
[2026-07-27T01:32:16.481] [DEBUG] debug-file - Executing task :entry:default@PackingCheck
[2026-07-27T01:32:16.485] [DEBUG] debug-file - entry : default@PackingCheck cost memory 0.31683349609375
[2026-07-27T01:32:16.485] [DEBUG] debug-file - runTaskFromQueue task cost before running: 1 s 617 ms 
[2026-07-27T01:32:16.485] [INFO] debug-file - Finished :entry:default@PackingCheck... after 5 ms 
[2026-07-27T01:32:16.486] [DEBUG] debug-file - Executing task :entry:default@SignHap
[2026-07-27T01:32:16.488] [DEBUG] debug-file - Incremental task entry:default@SignHap pre-execution cost: 1 ms .
[2026-07-27T01:32:16.488] [DEBUG] debug-file - entry : default@SignHap cost memory 0.1151885986328125
[2026-07-27T01:32:16.488] [INFO] debug-file - UP-TO-DATE :entry:default@SignHap...  
[2026-07-27T01:32:16.489] [DEBUG] debug-file - Executing task :entry:default@CollectDebugSymbol
[2026-07-27T01:32:16.489] [DEBUG] debug-file - entry : default@CollectDebugSymbol cost memory 0.0905303955078125
[2026-07-27T01:32:16.489] [DEBUG] debug-file - runTaskFromQueue task cost before running: 1 s 622 ms 
[2026-07-27T01:32:16.490] [INFO] debug-file - Finished :entry:default@CollectDebugSymbol... after 1 ms 
[2026-07-27T01:32:16.490] [DEBUG] debug-file - Executing task :entry:assembleHap
[2026-07-27T01:32:16.490] [DEBUG] debug-file - entry : assembleHap cost memory 0.0128326416015625
[2026-07-27T01:32:16.490] [DEBUG] debug-file - runTaskFromQueue task cost before running: 1 s 622 ms 
[2026-07-27T01:32:16.490] [INFO] debug-file - Finished :entry:assembleHap... after 1 ms 
[2026-07-27T01:32:16.498] [INFO] debug-file - BUILD SUCCESSFUL in 1 s 630 ms 
[2026-07-27T01:32:16.499] [DEBUG] debug-file - Update task entry:default@PreBuild input file:D:\SLE-ID\slekey\AppScope\app.json5 cache by regenerate.
[2026-07-27T01:32:16.500] [DEBUG] debug-file - Update task entry:default@PreBuild input file:D:\SLE-ID\slekey\entry\src\main\module.json5 cache by regenerate.
[2026-07-27T01:32:16.500] [DEBUG] debug-file - Update task entry:default@PreBuild input file:D:\SLE-ID\slekey\build-profile.json5 cache by regenerate.
[2026-07-27T01:32:16.500] [DEBUG] debug-file - Update task entry:default@PreBuild input file:D:\SLE-ID\slekey\entry\build-profile.json5 cache by regenerate.
[2026-07-27T01:32:16.500] [DEBUG] debug-file - Update task entry:default@PreBuild input file:D:\SLE-ID\slekey\entry\src\main\resources\base\profile\main_pages.json cache by regenerate.
[2026-07-27T01:32:16.500] [DEBUG] debug-file - Update task entry:default@PreBuild input file:D:\SLE-ID\slekey\hvigor\hvigor-config.json5 cache by regenerate.
[2026-07-27T01:32:16.500] [DEBUG] debug-file - Update task entry:default@PreBuild input file:D:\SLE-ID\slekey\entry\oh-package.json5 cache by regenerate.
[2026-07-27T01:32:16.500] [DEBUG] debug-file - Update task entry:default@PreBuild input file:D:\SLE-ID\slekey\oh-package.json5 cache by regenerate.
[2026-07-27T01:32:16.500] [DEBUG] debug-file - Incremental task entry:default@PreBuild post-execution cost:2 ms .
[2026-07-27T01:32:16.500] [DEBUG] debug-file - Update task entry:default@CreateModuleInfo output file:D:\SLE-ID\slekey\entry\build\default\generated\profile\default\ModuleInfo.ts cache.
[2026-07-27T01:32:16.501] [DEBUG] debug-file - Incremental task entry:default@CreateModuleInfo post-execution cost:1 ms .
[2026-07-27T01:32:16.501] [DEBUG] debug-file - There is no need to refresh cache, since the incremental task entry:default@GenerateMetadata is up-to-date.
[2026-07-27T01:32:16.501] [DEBUG] debug-file - There is no need to refresh cache, since the incremental task entry:default@MergeProfile is up-to-date.
[2026-07-27T01:32:16.501] [DEBUG] debug-file - There is no need to refresh cache, since the incremental task entry:default@CreateBuildProfile is up-to-date.
[2026-07-27T01:32:16.501] [DEBUG] debug-file - There is no need to refresh cache, since the incremental task entry:default@GeneratePkgContextInfo is up-to-date.
[2026-07-27T01:32:16.501] [DEBUG] debug-file - Update task entry:default@GeneratePkgSdkInfo output file:D:\SLE-ID\slekey\entry\build\default\intermediates\loader\default\pkgSdkInfo.json cache.
[2026-07-27T01:32:16.501] [DEBUG] debug-file - Incremental task entry:default@GeneratePkgSdkInfo post-execution cost:1 ms .
[2026-07-27T01:32:16.501] [DEBUG] debug-file - Update task entry:default@ProcessIntegratedHsp output file:D:\SLE-ID\slekey\build\cache\default\integrated_hsp\integratedHspCache.json cache.
[2026-07-27T01:32:16.501] [DEBUG] debug-file - Incremental task entry:default@ProcessIntegratedHsp post-execution cost:1 ms .
[2026-07-27T01:32:16.501] [DEBUG] debug-file - There is no need to refresh cache, since the incremental task entry:default@MakePackInfo is up-to-date.
[2026-07-27T01:32:16.501] [DEBUG] debug-file - Update task entry:default@SyscapTransform input file:C:\Program Files\Huawei\DevEco Studio\sdk\default\openharmony\toolchains\syscap_tool.exe cache by regenerate.
[2026-07-27T01:32:16.501] [DEBUG] debug-file - Update task entry:default@SyscapTransform input file:C:\Program Files\Huawei\DevEco Studio\sdk\default\openharmony\ets\api\device-define cache by regenerate.
[2026-07-27T01:32:16.502] [DEBUG] debug-file - Update task entry:default@SyscapTransform output file:D:\SLE-ID\slekey\entry\build\default\intermediates\syscap\default\rpcid.sc cache.
[2026-07-27T01:32:16.502] [DEBUG] debug-file - Incremental task entry:default@SyscapTransform post-execution cost:1 ms .
[2026-07-27T01:32:16.502] [DEBUG] debug-file - There is no need to refresh cache, since the incremental task entry:default@ProcessProfile is up-to-date.
[2026-07-27T01:32:16.502] [DEBUG] debug-file - There is no need to refresh cache, since the incremental task entry:default@ProcessRouterMap is up-to-date.
[2026-07-27T01:32:16.502] [DEBUG] debug-file - There is no need to refresh cache, since the incremental task entry:default@ProcessShareConfig is up-to-date.
[2026-07-27T01:32:16.502] [DEBUG] debug-file - Update task entry:default@ProcessStartupConfig input file:D:\SLE-ID\slekey\entry\build\default\intermediates\loader\default\pkgContextInfo.json cache by regenerate.
[2026-07-27T01:32:16.502] [DEBUG] debug-file - Update task entry:default@ProcessStartupConfig output file:D:\SLE-ID\slekey\entry\build\default\intermediates\startup\default\startup_config.json cache.
[2026-07-27T01:32:16.503] [DEBUG] debug-file - Incremental task entry:default@ProcessStartupConfig post-execution cost:1 ms .
[2026-07-27T01:32:16.503] [DEBUG] debug-file - There is no need to refresh cache, since the incremental task entry:default@ProcessResource is up-to-date.
[2026-07-27T01:32:16.503] [DEBUG] debug-file - There is no need to refresh cache, since the incremental task entry:default@GenerateLoaderJson is up-to-date.
[2026-07-27T01:32:16.503] [DEBUG] debug-file - There is no need to refresh cache, since the incremental task entry:default@ProcessLibs is up-to-date.
[2026-07-27T01:32:16.503] [DEBUG] debug-file - There is no need to refresh cache, since the incremental task entry:default@CompileResource is up-to-date.
[2026-07-27T01:32:16.503] [DEBUG] debug-file - There is no need to refresh cache, since the incremental task entry:default@DoNativeStrip is up-to-date.
[2026-07-27T01:32:16.503] [DEBUG] debug-file - There is no need to refresh cache, since the incremental task entry:default@CompileArkTS is up-to-date.
[2026-07-27T01:32:16.504] [DEBUG] debug-file - Update task entry:default@BuildJS input file:D:\SLE-ID\slekey\entry\build\default\intermediates\loader\default cache by regenerate.
[2026-07-27T01:32:16.504] [DEBUG] debug-file - Update task entry:default@BuildJS input file:D:\SLE-ID\slekey\oh_modules\.ohpm\@ohos+hypium@1.0.19\oh_modules\@ohos\hypium\index.js cache by regenerate.
[2026-07-27T01:32:16.504] [DEBUG] debug-file - Update task entry:default@BuildJS input file:D:\SLE-ID\slekey\entry\build\default\intermediates\res\default\resources\rawfile cache by regenerate.
[2026-07-27T01:32:16.504] [DEBUG] debug-file - Update task entry:default@BuildJS input file:D:\SLE-ID\slekey\entry\build\default\intermediates\res\default\ResourceTable.txt cache by regenerate.
[2026-07-27T01:32:16.505] [DEBUG] debug-file - Update task entry:default@BuildJS input file:D:\SLE-ID\slekey\entry\build\default\intermediates\res\default\ark_module.json cache by regenerate.
[2026-07-27T01:32:16.505] [DEBUG] debug-file - Update task entry:default@BuildJS input file:D:\SLE-ID\slekey\entry\build\default\intermediates\res\default\resources\base\profile cache by regenerate.
[2026-07-27T01:32:16.505] [DEBUG] debug-file - Update task entry:default@BuildJS input file:D:\SLE-ID\slekey\entry\build\default\intermediates\loader\default\pkgContextInfo.json cache by regenerate.
[2026-07-27T01:32:16.505] [DEBUG] debug-file - Update task entry:default@BuildJS output file:D:\SLE-ID\slekey\entry\build\default\intermediates\loader_out\default\js cache.
[2026-07-27T01:32:16.505] [DEBUG] debug-file - Incremental task entry:default@BuildJS post-execution cost:3 ms .
[2026-07-27T01:32:16.505] [DEBUG] debug-file - There is no need to refresh cache, since the incremental task entry:default@CacheNativeLibs is up-to-date.
[2026-07-27T01:32:16.505] [DEBUG] debug-file - There is no need to refresh cache, since the incremental task entry:default@GeneratePkgModuleJson is up-to-date.
[2026-07-27T01:32:16.505] [DEBUG] debug-file - Incremental task entry:default@ProcessCompiledResources post-execution cost:1 ms .
[2026-07-27T01:32:16.505] [DEBUG] debug-file - There is no need to refresh cache, since the incremental task entry:default@PackageHap is up-to-date.
[2026-07-27T01:32:16.505] [DEBUG] debug-file - There is no need to refresh cache, since the incremental task entry:default@SignHap is up-to-date.
[2026-07-27T01:32:16.505] [DEBUG] debug-file - Update task entry:default@CollectDebugSymbol input file:D:\SLE-ID\slekey\entry\build\default\intermediates\loader_out\default\ets\sourceMaps.map cache by regenerate.
[2026-07-27T01:32:16.506] [DEBUG] debug-file - Update task entry:default@CollectDebugSymbol input file:D:\SLE-ID\slekey\entry\build\default\intermediates\libs\default cache by regenerate.
[2026-07-27T01:32:16.506] [DEBUG] debug-file - Update task entry:default@CollectDebugSymbol output file:D:\SLE-ID\slekey\entry\build\default\outputs\default\symbol cache.
[2026-07-27T01:32:16.506] [DEBUG] debug-file - Incremental task entry:default@CollectDebugSymbol post-execution cost:1 ms .
[2026-07-27T01:32:16.529] [DEBUG] debug-file - session manager: send message to worker process.
[2026-07-27T01:32:16.530] [DEBUG] debug-file - session manager: send message to worker process.
[2026-07-27T01:32:16.628] [DEBUG] debug-file - Cleanup worker 0.
[2026-07-27T01:32:16.628] [DEBUG] debug-file - Worker 0 has been cleaned up.
[2026-07-27T01:32:16.628] [DEBUG] debug-file - Current idle worker size: 1.
[2026-07-27T01:32:16.628] [DEBUG] debug-file - Current resident worker size: 2.
[2026-07-27T01:32:16.628] [DEBUG] debug-file - Cleanup worker 1.
[2026-07-27T01:32:16.628] [DEBUG] debug-file - Worker 1 has been cleaned up.
[2026-07-27T01:32:16.628] [DEBUG] debug-file - Current idle worker size: 0.
[2026-07-27T01:32:16.628] [DEBUG] debug-file - Current resident worker size: 2.
[2026-07-27T01:32:16.630] [DEBUG] debug-file - hvigor build process will be closed.
[2026-07-27T01:32:16.636] [DEBUG] debug-file - worker[0] exits with exit code 1.
[2026-07-27T01:32:16.636] [DEBUG] debug-file - worker[1] exits with exit code 1.
[2026-07-27T01:32:16.642] [DEBUG] debug-file - watch worker: worker id should be larger than 0. Nothing will be sent to any worker thread.
[2026-07-27T01:32:16.642] [DEBUG] debug-file - watch worker: worker id should be larger than 0. Nothing will be sent to any worker thread.
